হোটেলটোৰ	O
নাম	O
হোষ্টেল	B-FAC
টামলো	I-FAC
।	O

আমি	O
প্ৰত্যোক	O
দিনাই	O
ওলাই	O
আহোতে	O
মোৰ	O
ভাগিন	O
ছোৱালী	O
গীতাই	B-PER
গ্ৰীন	B-FAC
উইছ	I-FAC
ট্ৰেইন	I-FAC
ষ্টেচনত	I-FAC
আমাক	O
গাড়ীৰে	O
থৈ	O
যায়	O
।	O

২২০	O
কি:মি:	O
থকা	O
আন	O
এটা	O
ৰেল	O
ষ্টেচনৰ	O
নাম	O
হ'ল	O
জিৰিবন	B-FAC
।	O

১৮৯৪	B-DATE
চনৰ	I-DATE
১	B-DATE
অক্টোবৰত	I-DATE
মৃত্যু	O
হোৱা	O
আহোম	B-MISC
স্বৰ্গদেউ	O
পুৰন্দৰ	B-PER
সিংহৰ	I-PER
সমাধিক্ষেত্ৰ	O
।	O

ছেকেন্দ্ৰবাদ	B-FAC
ৰে'ল	I-FAC
ষ্টেচনটো	I-FAC
চালেও	O
যাতায়ত	O
ব্যৱস্থাৰ	O
উন্নয়নত	O
চন্দ্ৰবাবু	B-PER
নাইডুৱে	I-PER
দিয়া	O
গুৰুত্বৰ	O
কথা	O
উপলব্ধি	O
কৰিব	O
পাৰি	O
।	O

লিমা	B-FAC
বিমান	I-FAC
বন্দৰটো	I-FAC
সৰু	O
কিন্তু	O
সুন্দৰ	O
।	O

পেৰুৰ	B-LOC
ৰাজধানী	O
লিমাত	B-LOC
৩	O
দিন	O
থকাৰ	O
পিচত	O
আমি	O
২৪	B-DATE
এপ্ৰিলত	I-DATE
হুৱানোকোলৈ	B-LOC
যাত্ৰা	O
কৰিলো	O
।	O

১৮৮১	B-DATE
চনৰ	I-DATE
২৭	B-DATE
আগষ্টত	I-DATE
স্বীকৃতি	O
প্ৰদান	O
কৰা	O
অসমৰ	B-LOC
যোৰহাট	B-LOC
জিলাৰ	O
এসময়ৰ	O
হোলোঙাপাৰ	B-LOC
সংৰক্ষিত	I-LOC
বনাঞ্চলৰ	I-LOC
অংশৰপৰাই	O
হোলোঙাপাৰ	B-LOC
গিবন	I-LOC
অভয়াৰণ্যৰ	I-LOC
সৃষ্টি	O
হৈছে	O
।	O

বৰ্তমান	O
উগ্ৰতাৰা	B-LOC
দেৱালয়	I-LOC
আহোম	O
স্বৰ্গদেউ	O
শিৱ	B-PER
সিংহয়ে	I-PER
১৭২৫	B-DATE
খ্ৰীষ্টাব্দত	I-DATE
নিৰ্মাণ	O
কৰাইছিল	O
।	O

বাল্টিমোৰ	B-FAC
ৰেল	I-FAC
ষ্টেচনত	I-FAC
থৈ	O
অহাৰ	O
দায়িত্ব	O
ক্তিষ্টিৰ	B-PER
।	O

উদ্যানখনক	O
১৯৭৮	B-DATE
চনৰ	I-DATE
১৭	B-DATE
অক্টোবৰত	I-DATE
সংৰক্ষিত	O
বনাঞ্চল	O
হিচাপে	O
ঘোষণা	O
কৰা	O
হৈছিল	O
।	O

ভিক্টোৰিয়া	B-FAC
ষ্টেচনৰে	I-FAC
এচকেলেটৰখন	O
যথেষ্ট	O
ডাঙৰ	O
আছিল	O
।	O

১৬৮২	B-DATE
চনত	I-DATE
আহোম	B-MISC
স্বৰ্গদেউ	O
ৰুদ্ৰ	B-PER
সিংহয়ে	I-PER
মোগলৰ	B-MISC
হাতৰ	O
পৰা	O
গুৱাহাটী	B-LOC
উদ্ধাৰ	O
কৰাৰ	O
পিছতো	O
ইয়াৰ	O
চোৱা	O
-	O
চিতা	O
কৰিছিল	O
।	O

দৈনিক	O
চাৰিখন	O
ৰেল	O
হাওৰা	B-FAC
ষ্টেচনৰ	I-FAC
পৰা	O
দিঘালৈ	B-LOC
যায়	O
।	O

১৮৯৭	B-DATE
চনৰ	I-DATE
ভূমিকম্পত	O
এই	O
মন্দিৰৰ	O
বিস্তৰ	O
ক্ষতি	O
সাধন	O
কৰিছিল	O
।	O

হ'লেও	O
সপেনীয়	O
সকলে	O
১৮২৪	B-DATE
চনলৈ	I-DATE
তেওঁলোকৰ	O
অধিকাৰ	O
এৰি	O
দিয়া	O
নাছিল	O
।	O

হোৱাইট	B-LOC
হাউচ	I-LOC
চাই	O
মেলি	O
আকৌ	O
আমেৰিকাৰ	B-LOC
ৰাজধানীৰ	O
ৰাজপথেৰে	O
বাট	O
বুলিছো	O
।	O

কিছুমান	O
ডাঙৰ	O
ডাঙৰ	O
গছ	O
-	O
গছনিৰে	O
আৱৰি	O
থকা	O
এটা	O
বিৰাট	O
অঞ্চল	O
থকাৰ	O
প্ৰতি	O
লক্ষ্য	O
ৰাখি	O
এইটোৱেই	O
ঐতিহাসিক	O
লেটেকুপুখুৰী	B-LOC
বুলি	O
চিহ্নিত	O
হৈছিল	O
।	O

ছিৰিয়াৰ	B-LOC
বাতাবৰণ	O
স্নিগ্ধ	O
,	O
ই	O
মদ্যপ্ৰাচ্যৰ	B-LOC
প্ৰাচীন	O
সভ্যতাৰ	O
এখন	O
কেন্দ্ৰভূমি	O
আৰু	O
ইয়াৰ	O
ৰন্ধনশৈলী	O
সকলো	O
পৰ্যটকৰে	O
ৰুচিপূৰ্ণ	O
বুলিও	O
তেওঁলোকে	O
কৈছিল	O
।	O

৪৫.৫৬৮	O
বৰ্গ	O
কি:মি:	O
জুৰি	O
থকা	O
চক্ৰশিলা	B-LOC
অভয়াৰণ্যৰ	I-LOC
পৰা	O
কোকৰাঝাৰ	B-LOC
নগৰৰ	O
দূৰত্ব	O
৬	O
কি:মি:	O
আৰু	O
ধুবুৰী	B-LOC
নগৰৰ	O
দূৰত্ব	O
৬৮	O
কি:মি:	O
।	O

পেৰুলৈ	B-LOC
গৈছিলো	O
তাৰ	O
জনস্বাস্থ্যৰ	O
বিষয়	O
কিঞ্চিত	O
জানিবলৈ	O
।	O

এইবাবেই	O
পবিতৰা	B-LOC
অভয়াৰণ্য	I-LOC
দেশী	O
-	O
বিদেশী	O
পৰ্যটকৰ	O
বাবে	O
আকৰ্ষণীয়	O
স্থল	O
হৈ	O
পৰিছে	O
।	O

বলিভিয়াত	B-LOC
কাম	O
কৰি	O
থাকোতে	O
জনস্বাসথ্যৰ	O
প্ৰতি	O
তেওঁ	O
আকষিৰ্ত	O
হয়	O
।	O

উত্তৰ	B-LOC
-	I-LOC
পূৰ্বাঞ্চলৰ	I-LOC
প্ৰধান	O
নগৰ	O
গুৱাহাটী	I-LOC
উত্তৰ	O
-	O
পূবৰ	O
কেন্দ্ৰ	O
হিচাপে	O
যিমান	O
গুৰুত্বপূৰ্ণ	O
,	O
সিমানেই	O
গুৰুত্বপূৰ্ণ	O
সাংস্কৃতিক	O
দৃষ্টিকোণৰ	O
পৰাও	O
।	O

গোলাঘাট	B-LOC
চহৰৰ	O
একেবাৰে	O
নিকটবৰ্তী	O
হোৱা	O
কাৰণে	O
পৰ্যটকসকলৰ	O
কাৰণে	O
থকা	O
-	O
খোৱাৰ	O
সুন্দৰ	O
ব্যৱস্থা	O
গোলাঘাট	B-LOC
চহৰতে	O
কৰিব	O
পৰা	O
যায়	O
আৰু	O
গেষ্ট	O
হাউছৰ	O
সুবিধা	O
পৰ্যটকসকলে	O
সুন্দৰভাৱে	O
উপভোগ	O
কৰিব	O
পাৰে	O
।	O

বেঁকীৰ	B-LOC
এই	O
নিৰ্দশ	O
গতি	O
অব্যাহত	O
থাকিলে	O
মথনগুৰিৰ	B-LOC
ঐতিহ্যময়	O
আপাৰ	O
বাংলো	O
যে	O
নৈৰ	O
বুকুত	O
জাহ	O
যাব	O
সেয়া	O
নিশ্চিত	O
।	O

দৰাচলত	O
ৰঘুনাথ	B-LOC
মন্দিৰ	I-LOC
প্ৰাংগণত	O
সাতোটা	O
বেলগ	O
বেলেগ	O
চূড়া	O
দেখিবলৈ	O
পোৱা	O
য়ায	O
।	O

২০০৪	B-DATE
চনত	I-DATE
অভয়াৰণ্য	O
হিচাপে	O
স্বীকৃতি	O
লাভ	O
কৰা	O
বৰাইল	B-LOC
অভয়াৰণ্য	I-LOC
অসমৰ	B-LOC
ভিতৰত	O
আটাইতকৈ	O
উচ্চ	O
অঞ্চলত	O
অৱস্থিত	O
অভয়াৰণ্য	O
।	O

ৰাইমনা	B-LOC
ৰাষ্ট্ৰীয়	I-LOC
উদ্যান	I-LOC
হৈছে	O
অসমৰ	B-LOC
ষষ্ঠখন	O
ৰাষ্ট্ৰীয়	O
উদ্যান	O
।	O

ট্ৰেইনৰ	O
পৰা	O
নামি	O
আমি	O
এখন	O
টেস্কি	O
লৈ	O
জন্মুৰ	B-LOC
মেইন	O
মাৰ্কেটলৈ	O
ঢাপলি	O
মেলিলোঁ	O
।	O

শংকৰদেৱে	B-PER
প্ৰতিষ্ঠা	O
কৰা	O
গাংমৌ	B-LOC
থানখন	I-LOC
আনুমানিক	O
১৯২৭	B-DATE
-	I-DATE
১৯২৮	I-DATE
চনমানতে	I-DATE
খহনীয়াৰ	O
ফলত	O
ব্ৰহ্মপুত্ৰৰ	B-LOC
বুকুত	O
জাহ	O
যায়	O
।	O

তেজপুৰ	B-LOC
নগৰৰ	O
আন	O
এক	O
পবিত্ৰ	O
স্থান	O
হৈছে	O
কেতেকেশ্বৰ	B-LOC
বা	O
স্থানীয়	O
ৰাইজৰ	O
পৰিচিত	O
থিয়	O
শিলা	O
।	O

সুন্দৰীদিয়া	B-LOC
সত্ৰ	I-LOC
অসমৰ	B-LOC
মহাপুৰুষীয়া	O
নৱবৈষ্ণৱ	O
ধৰ্মৰ	O
চাৰি	O
সংহতিৰ	O
ভিতৰৰ	O
নিকা	O
সংহতিৰ	O
এক	O
সত্ৰ	O
।	O

কৰ্ণাটকৰ	B-LOC
মাডিবোৰি	B-LOC
জিলাৰ	O
অন্তৰ্গত	O
ঠাইখন	O
সাগৰ	O
পৃষ্ঠৰ	O
পৰা	O
১৫২৫	O
মিটাৰ	O
উচ্চতাত	O
অৱস্থিত	O
।	O

নাইডু	O
নগৰ	O
হৈ	O
পৰাৰ	O
আগতে	O
হায়দৰাবাদ	B-LOC
আছিল	O
নিজাম	O
নগৰ	O
।	O

পবিতৰা	B-LOC
নামটোৰ	O
উৎপত্তি	O
সম্পৰ্কে	O
কেবাটাও	O
ব্যাখ্যা	O
পোৱা	O
যায়	O
।	O

কমলাবাৰী	B-LOC
সত্ৰৰ	I-LOC
নাও	O
শিল্প	O
পৰ্যটকৰ	O
বাবে	O
আকৰ্ষণৰ	O
কেন্দ্ৰবিন্দু	O
।	O

তিৰুমালা	B-LOC
পৰ্বতৰ	I-LOC
শিখৰত	O
অৱস্থিত	O
মন্দিৰটোৰ	O
চাৰাওফালে	O
পৰ্বতেৰে	O
আবৃত	O
সেউজীয়া	O
পৰিৱেশ	O
।	O

এওঁলোকৰ	O
ভিতৰত	O
সংখ্যাধিক	O
জনজাতীয়	O
জনগোষ্ঠীকেইটা	O
হ'ল	O
-	O
ডিমাছা	B-MISC
,	O
জেমি	B-MISC
-	O
নগা	B-MISC
,	O
মাৰ	B-MISC
,	O
কুকি	B-MISC
,	O
বিয়াটে	B-MISC
,	O
ৰংখল	B-MISC
,	O
খেলমা	B-MISC
,	O
জয়ন্তীয়া	B-MISC
,	O
কাৰ্বি	B-MISC
,	O
আৰু	O
ভাইফেই	B-MISC
।	O

প্ৰাচীন	O
অসংখ্য	O
মন্দিৰ	O
আৰু	O
দেৱালয়	O
আদিয়ে	O
গুৱাহাটীক	B-LOC
এখন	O
মন্দিৰ	O
নগৰীৰ	O
পৰিচয়েৰেও	O
চিহ্নিত	O
কৰিছে	O
।	O

আহোম	B-MISC
ৰজা	O
প্ৰমত্ত	B-PER
সিংহই	I-PER
১৭৪৪	B-DATE
চনত	I-DATE
শুক্ৰেশ্বৰ	B-LOC
মন্দিৰ	I-LOC
নিৰ্মাণ	O
কৰিছিল	O
।	O

কেইসপ্তাহমানৰ	O
আগতে	O
পৰিবাৰসহ	O
শ্ৰীলংকা	B-LOC
নামৰ	O
ক্ষুদ্ৰ	O
দ্বীপৰাষ্ট্ৰ	O
হিচাপে	O
পৰ্যটক	O
হিচাপে	O
দহদিনমানৰ	O
কাৰণে	O
গৈছিলোঁ	O
।	O

হোলোঙাপাৰ	B-LOC
গিবন	I-LOC
অভয়াৰণ্য	I-LOC
আৰু	O
নাগালেণ্ডৰ	B-LOC
নিকটৱৰ্তী	O
হাবি	O
দিছৈ	B-LOC
উপত্যকা	I-LOC
সংৰক্ষিত	I-LOC
বনাঞ্চলৰ	I-LOC
মাজৰ	O
ঠাইখিনি	O
দিছৈ	B-LOC
,	O
কঁঠালগুৰি	B-LOC
আৰু	O
হোলোংগুৰিৰ	B-LOC
চাহ	O
বাগিছা	O
কেইখনমানে	O
অধিকাৰ	O
কৰি	O
আছে	O
।	O

১৯১৬	B-DATE
চনত	I-DATE
ইয়াক	O
অভয়াৰণ্য	O
ঘোষণা	O
কৰা	O
হয়	O
।	O

১৭৩৯	B-DATE
চনত	I-DATE
বদন	B-PER
বৰফুকনে	I-PER
গা	O
ধুবলৈ	O
যাওঁতে	O
ৰূপসিং	B-PER
বঙালে	I-PER
তেওঁক	O
হত্যা	O
কৰিছিল	O
।	O

আন	O
কোনোৱে	O
আকৌ	O
বাণ	B-PER
ৰজাৰ	O
জ্যেষ্ঠ	O
পুত্ৰ	O
ইন্দ্ৰদমনকেই	B-PER
দ'দান	B-PER
বুলিও	O
বিশ্বাস	O
কৰে	O
।	O

এই	O
গৰাকী	O
ৰাজমাওৰ	O
নাম	O
আছিল	O
বগী	B-PER
।	O

তাৰপাছতে	O
দেখা	O
য়ায	O
দুযোফালে	O
দুটা	O
বেলেগ	O
বেলেগ	O
কোঠাত	O
গণেশ	B-PER
আৰু	O
কাৰ্তিকৰ	B-PER
মাৰ্বলৰ	O
প্ৰতিমূৰ্তি	O
।	O

মাইবঙৰ	B-LOC
নামটো	O
ডিমাছা	B-MISC
ভাষাৰ	O
দুটা	O
শব্দ	O
মাই	O
আৰু	O
বাং	O
মিলি	O
হোৱা	O
বুলি	O
জনা	O
যায়	O
,	O
যাৰ	O
অৰ্থ	O
হ'ল	O
যথেষ্ট	O
খাদ্য	O
।	O

গুৱাহাটীৰ	B-LOC
পৰা	O
প্ৰায়	O
৫০০	O
কি:মি:	O
দূৰত্বত	O
তিনিচুকীয়া	B-LOC
চহৰ	O
অৱস্থিত	O
।	O

১৯৮২	B-DATE
চনত	I-DATE
ইয়াৰ	O
এখন	O
উদ্ভিদ	O
উদ্যান	O
স্থাপন	O
কৰা	O
হয়	O
।	O

ভাৰতবৰ্ষৰ	B-LOC
বিভিন্ন	O
স্থানৰ	O
লগত	O
ব্ৰডগ'জ	O
লাইনৰ	O
দ্বাৰা	O
তিনিচুকীয়ালৈ	B-LOC
ৰেল	O
পৰিবহণৰ	O
সু	O
-	O
ব্যৱস্থা	O
আছে	O
।	O

আনহাতে	O
আন	O
এক	O
প্ৰবাদ	O
মতে	O
অভিমন্যু	B-PER
বধৰ	O
পাছত	O
শ্ৰীকৃষ্ণই	B-PER
অৰ্জুনক	B-PER
সপ্তদললৈ	B-LOC
লৈ	O
আনিছিল	O
।	O

উমানন্দ	B-LOC
নাম	O
উমা	O
আৰু	O
আনন্দ	O
এই	O
দুই	O
শব্দৰে	O
গঠিত	O
।	O

১৪	B-DATE
ফেব্ৰুৱাৰী	I-DATE
ৰবিবৰীয়া	O
পুৱা	O
।	O

তলাতল	B-LOC
ঘৰত	I-LOC
মাটিৰ	O
তলত	O
দুটা	O
গোপন	O
সুৰংগ	O
আছিল	O
।	O

অনিল	B-PER
সুদক্ষ	O
পদ	O
-	O
প্ৰদৰ্শক	O
।	O

লোকবিশ্বাস	O
মতে	O
ইয়াৰ	O
মূল	O
শিৱলিংগটো	O
১৯	B-DATE
শতিকাত	I-DATE
পাহাৰৰ	O
কাষতে	O
স্থাপিত	O
বাবা	B-LOC
থান	I-LOC
মন্দিৰলৈ	I-LOC
স্থানান্তৰ	O
কৰা	O
হৈছিল	O
।	O

নৰ্থব্ৰুক	B-PER
গেট	I-PER
১৮৭৪	B-DATE
চনত	I-DATE
গুৱাহাটীত	B-LOC
,	O
ব্ৰিটিছ	O
ভাইছৰয়	O
ল'ৰ্ড	B-PER
নৰ্থব্ৰুকক	I-PER
গুৱাহাটীত	B-LOC
আদৰাৰ	O
অৰ্থে	O
নিৰ্মাণ	O
কৰা	O
হৈছিল	O
।	O

সেই	O
সময়ত	O
দক্ষিণ	B-LOC
আমেৰিকাত	I-LOC
কোকা	O
গছৰ	O
পাত	O
বিষনাশক	O
গুণৰ	O
নিজৰ	O
ওপৰতে	O
পৰীক্ষা	O
কৰিলে	O
।	O

টিজু	B-LOC
,	O
গ্লো	B-LOC
লেক	I-LOC
,	O
পৰশুৰামকুণ্ডই	B-LOC
পৰ্যটকক	O
ৰিঙিয়াই	O
মাতে	O
।	O

ভাৰতবৰ্ষ	B-LOC
এখন	O
ভোগবাদীৰ	O
দেশ	O
।	O

১৮৮১	B-DATE
চনত	I-DATE
প্ৰতিষ্ঠিত	O
এই	O
বনাঞ্চলৰ	O
সীমা	O
পাটকাই	B-LOC
পৰ্বতৰ	I-LOC
পাদদেশলৈকে	O
বিস্তৃত	O
আছিল	O
।	O

দুলিয়ান	O
দিয়া	O
,	O
ওলোটাখৰ	O
দিয়া	O
আদি	O
ভিন্ন	O
ভংগীৰে	O
শিৱৰ	B-PER
সন্তুষ্টিৰ	O
বাবে	O
অংগৰে	O
পূজা	O
কৰি	O
নৰ্তকীসকল	O
ভাগৰি	O
পৰে	O
আৰু	O
প্ৰভুৰ	O
চৰণত	O
পৰি	O
বন্দনা	O
কৰে	O
।	O

পিছে	O
সেই	O
ষষ্ঠদশ	O
শতিকাতে	O
গোলকোণ্ডাত	B-LOC
বৰ্ষণ	O
জল	O
-	O
কৰ্ষণৰ	O
ব্যৱস্থা	O
কৰা	O
হৈছিল	O
।	O

এটা	O
সৰু	O
কীৰ্তিস্তম্ভৰ	O
লগতে	O
মন্দিৰটো	O
থকা	O
অসমত	B-LOC
এইটোৱে	O
একমাত্ৰ	O
ভাস্কৰ্য্য	O
।	O

মন্দিৰ	O
চৌহদত	O
থকা	O
পুখুৰীৰ	O
মাজমজিয়াত	O
সু	O
-	O
উচ্চ	O
মহাদেৱৰ	B-PER
মূৰ্তি	O
এটিও	O
আছে	O
।	O

সাতসৰীৰ	O
পাতত	O
ধাৰাবাহিকভাৱে	O
প্ৰকাশিত	O
অৰণ্য	O
ভ্ৰমণৰ	O
অভিজ্ঞতাৰ	O
সৌমদ্বীপ	B-PER
দত্তৰ	I-PER
নামচাঙৰ	B-MISC
অন্তেষপুৰ	I-MISC
এক	O
অনুপম	O
ৰচনা	O
।	O

ভিজাগৰ	B-LOC
পৰা	O
১৬	O
কি:মি:	O
দূৰত্বত	O
অৱস্থিত	O
সিংহলেম	B-LOC
মন্দিৰ	I-LOC
পৰ্যটকৰ	O
বাবে	O
অতি	O
বিতোপন	O
আৰু	O
পবিত্ৰ	O
ঠাই	O
।	O

আমেৰিকা	B-LOC
আৰু	O
ইউৰোপৰ	B-LOC
দেশ	O
সমূহলৈ	O
যিমান	O
ভাৰতীয়	B-MISC
মানুহ	O
যায়	O
,	O
দক্ষিণ	B-LOC
আমেৰিকাৰ	I-LOC
দেশবোৰলৈ	O
সিমান	O
নাহে	O
।	O

পেপেই	B-LOC
কলে	O
এইটো	O
বলিভিয়ালৈ	B-LOC
গৈছে	O
আৰু	O
এইটো	O
ব্ৰাজিললৈ	B-LOC
।	O

দুয়োখন	O
ঠাইৰ	O
পৰা	O
নৌ	O
পথেৰেও	O
এদিনৰ	O
দূৰত্বত	O
আন্দামান	B-LOC
নিকোবৰ	I-LOC
দ্বীপপুঞ্জ	I-LOC
পাব	O
পাৰি	O
।	O

ইংলিজ	B-LOC
চেনেল	I-LOC
জাহাজেৰে	O
পাৰ	O
হৈ	O
আহিছিলোঁ	O
।	O

তদানীন্তন	O
অসমৰ	B-LOC
ৰাজ্যপাল	O
জনকী	B-PER
বল্লভ	I-PER
পটনায়কে	I-PER
এই	O
মন্দিৰ	O
স্থাপনত	O
বিশেষ	O
অৱদান	O
আগবঢ়াইছিল	O
।	O

মাজুলীৰ	B-LOC
অন্যতম	O
ধৰ্মীয়	O
কেন্দ্ৰ	O
হিচেপেও	O
চামগুৰি	B-LOC
সত্ৰ	I-LOC
বিখ্যাত	O
।	O

মাঘনোৱা	B-LOC
দ'ল	I-LOC
অসমৰ	B-LOC
লখিমপুৰ	B-LOC
জিলাৰ	O
নাৰায়ণপুৰৰ	B-LOC
ফুলবাৰী	B-LOC
গাঁৱত	O
অৱস্থিত	O
এটা	O
দ'ল	O
।	O

আইতা	O
ঢকুৱাখনাত	B-LOC
থকা	O
পেহীৰ	O
ঘৰলৈ	O
গৈছে	O
।	O

মাঘনোৱা	B-LOC
বিলৰ	I-LOC
কালি	O
৮৯/১৮	O
লোচা	O
।	O

মাজুলীৰ	B-LOC
সমতলভূমিৰ	O
আকাৰ	O
এটা	O
শিলিখা	O
ফলৰ	O
দৰে	O
।	O

পোনতে	O
এই	O
স্থানৰ	O
মাটিখিনি	O
জনৈক	O
কালিপদ	B-PER
সেন	I-PER
নামৰ	O
বঙালী	O
ভদ্ৰলোক	O
এজনৰ	O
আছিল	O
।	O

ছিংগাপুৰত	B-LOC
সাগৰৰ	O
ভূমি	O
বাসোপযোগী	O
কৰাৰ	O
কাম	O
এতিয়াও	O
চলি	O
আছে	O
।	O

কমলবাৰী	B-LOC
সত্ৰ	I-LOC
মাজুলীত	B-LOC
অৱস্থিত	O
।	O

জন্মুক	B-LOC
ডোগাৰ	O
বুলিও	O
কোৱা	O
হয়	O
।	O

হাতী	O
,	O
বাঘ	O
,	O
মহ	O
,	O
হৰিণা	O
,	O
বিভিন্	O
প্ৰজাতিৰ	O
বান্দৰ	O
আদিৰ	O
বাবে	O
কাজিৰঙা	B-LOC
জনপ্ৰিয়	O
।	O

ইন্দিৰা	B-LOC
গান্ধী	I-LOC
জুলজিকেল	I-LOC
পাৰ্কখন	I-LOC
ৰাষ্ট্ৰীয়	O
ঘাই	O
পথৰ	O
মাজতে	O
অৱস্থিত	O
।	O

সংৰক্ষিত	O
অঞ্চলটো	O
২০৬	O
হেক্টৰ	O
মাটিৰে	O
আৰম্ভ	O
হৈছিল	O
আৰু	O
১৮৯৬	B-DATE
চনত	I-DATE
কিছুমান	O
ঠাই	O
অসংৰক্ষিত	O
কৰাৰ	O
পিছত	O
অঞ্চলটো	O
সৰু	O
হৈ	O
পৰে	O
।	O

উত্তৰ	B-LOC
প্ৰদেশৰ	I-LOC
সেউজ	O
আবৃত্ত	O
এই	O
ঠাইখনলৈ	O
যোৱাটো	O
গ্ৰীষ্মত	O
আপোনাৰ	O
কাৰণে	O
হ'ব	O
এক	O
অনন্য	O
অভিজ্ঞতা	O
।	O

আমাৰ	O
পিনবোৰ	O
গোল	O
হোৱাৰ	O
বপিৰীতে	O
আমেৰিকাৰ	B-LOC
পিনবোৰ	O
চেপেতা	O
।	O

দ্বিতীয়	O
বিশ্বযুদ্ধৰ	O
সময়ত	O
বৃটিছ	O
আৰু	O
জাপানী	O
সৌন্যৰ	O
যুঁজৰ	O
স্মৃতি	O
বিচৰিত	O
ৰেডহিলো	B-LOC
অন্যতম	O
আকৰ্ষণীয়	O
পৰ্যটন	O
কেন্দ্ৰ	O
সমূহৰ	O
ভিতৰত	O
ৱাৰ	B-LOC
চিমেন্ট্ৰি	I-LOC
,	O
খংগামপট	B-LOC
আৰ্কিড	I-LOC
উদ্যান	I-LOC
,	O
বন্যপ্ৰীণী	B-LOC
উদ্যান	I-LOC
আদিবোৰ	O
সমানে	O
আকৰ্ষণীয়	O
আৰু	O
দৰ্শনীয়	O
ঠাই	O
।	O

খুব	O
কথা	O
পাতিলো	O
হিন্দী	B-MISC
আৰু	O
ইংৰাজী	B-MISC
দুয়োটা	O
ভাষাতে	O
।	O

উল্লেখ্য	O
যে	O
চানডুবিৰ	B-LOC
প্ৰাকৃতিক	O
নৈসৰ্গিক	O
দৃশ্য	O
উপভোগ	O
কৰিবৰ	O
বাবে	O
প্ৰতিবছৰে	O
শীতকালৰ	O
সময়খিনিত	O
হেজাৰ	O
হেজাৰ	O
প্ৰকৃতিপ্ৰেমীৰে	O
ঠাহ	O
খাই	O
জনঅৰণ্য	O
পৰিণত	O
হৈ	O
আহিছে	O
যদিও	O
চৰকাৰৰ	O
চৰম	O
অৱহেলাৰ	O
বাবে	O
আজিও	O
পৰ্যটন	O
ক্ষেত্ৰত	O
যাৱতীয়	O
সা	O
-	O
সুবিধাসমূহ	O
উপলব্ধ	O
হৈ	O
উঠা	O
নাই	O
।	O

হিন্দুস্থান	B-ORG
মেচিন	I-ORG
টুলছৰ	I-ORG
কৰ্তৃক্ষই	O
আমাক	O
চাহ	O
আৰু	O
ৰাজস্থানৰ	B-LOC
মিঠাইৰে	O
আপ্য়ায়ন	O
কৰিছিল	O
।	O

এই	O
মন্দিৰটো	O
তিৰুপতিৰ	B-LOC
পৰা	O
১২	O
কি:মি:	O
নিলগৰ	O
তিৰুপতি	B-LOC
-	I-LOC
মডনেপাল্লী	I-LOC
পথত	I-LOC
অৱস্থিত	O
।	O

পৰিৱৰ্তনৰ	O
ঢৌৱে	O
পুৰুষ	O
-	O
মহিলাৰ	O
সাজ	O
-	O
পোছাকলৈও	O
পৰিবৰ্তন	O
আনিলেও	O
ভিয়েটনামীসকলে	B-MISC
চুটি	O
কাপোৰ	O
পৰিধান	O
কৰাটো	O
ভাল	O
নাপায়	O
।	O

আমবাৰীৰ	B-LOC
খননকাৰ্যত	O
ষষ্ঠ	O
খ্ৰীষ্টাব্দত	O
নগৰখনৰ	O
অৱস্থিতিৰ	O
কথা	O
জানিব	O
পৰা	O
গৈছে	O
।	O

আহোম	O
স্বৰ্গদেউ	O
প্ৰতাপ	B-PER
সিংহই	I-PER
দেৰগাঁৱৰ	B-LOC
মন্দিৰ	O
সজোৱাৰ	O
আগতে	O
দেৰগাঁৱৰ	B-LOC
গেলাবিল	B-LOC
নৈৰ	O
কাষতে	O
মহাদেৱৰ	B-PER
এটা	O
মন্দিৰ	O
সাজিছিল	O
।	O

হাতীমূৰা	B-LOC
মন্দিৰ	I-LOC
হিন্দু	B-MISC
ধৰ্মাৱলম্বী	O
লোকসকলৰ	O
পৱিত্ৰ	O
উপাসনাস্থল	O
।	O

সেইবাৰ	O
আমাৰ	O
মহীশূৰত	B-LOC
আছিল	O
।	O

এই	O
ঠাইখন	O
বশিষ্ঠ	B-PER
মুনিৰ	I-PER
আশ্ৰম	O
আছিল	O
।	O

কেৱল	O
অল	B-LOC
-	I-LOC
অ'চিন	I-LOC
মুস্কাতৰ	I-LOC
মুথিশ্বৱাৰ	B-LOC
মন্দিৰ	I-LOC
,	O
মুট্ৰাৰহৰ	B-LOC
শিৱমন্দিৰ	O
আৰু	O
দাৰছেইটত	B-LOC
থকা	O
হিন্দু	B-MISC
মন্দিৰকেইটাহে	O
বাকী	O
ৰৈছিলগৈ	O
।	O

সেই	O
শতিকাৰে	O
শেষভাগত	O
নাগশংকৰ	B-PER
বা	O
নগাক্ষ	B-PER
ৰজাই	O
এই	O
মন্দিৰত	O
নিয়মিত	O
পূজা	O
অৰ্চনা	O
কৰিছিল	O
বুলি	O
জনা	O
যায়	O
।	O

পাখামেলাইদি	B-LOC
আহিছেই	O
গৰুড়	B-LOC
মন্দিৰত	I-LOC
অৱশ্যে	O
সোমোৱা	O
পোহনীয়া	O
বৰ	O
-	O
বৰ	O
মাছ	O
আৰু	O
কাছবোৰৰ	O
খেলা	O
চাই	O
আহিছে	O
।	O

ছোৱালীজনীয়	O
সপেনীয়	B-MISC
ভাষাতে	O
আমাক	O
কিবা	O
কিবি	O
সুধি	O
আছে	O
।	O

এখন	O
বৰ	B-LOC
গড়মূৰ	I-LOC
আৰু	O
আনখন	O
সৰু	B-LOC
গড়মূৰ	I-LOC
।	O

তদুপৰি	O
ইয়াৰ	O
আন	O
এটি	O
উল্লেখযোগ্য	O
আকৰ্ষণ	O
হ'ল	O
দুখন	O
হাতৰ	O
বিষ্ণু	B-PER
আৰু	O
শিৱমূৰ্তি	B-PER
।	O

ৰজাৰ	O
আদেশক্ৰমে	O
সৃষ্টি	O
হৈছিল	O
জন্মু	B-LOC
নগৰ	O
আৰু	O
কালক্ৰমত	O
এই	O
জন্মু	B-LOC
নগৰেই	O
হৈছিল	O
জন্মু	B-LOC
।	O

১৯৩৫	B-DATE
চনত	I-DATE
অসমৰ	B-LOC
প্ৰথমখন	O
দৈনিক	O
বাতৰি	O
কাকত	O
দৈনিক	O
বাতৰি	O
ৰায়বাহাদুৰ	O
শিৱপ্ৰসাদ	B-PER
বৰুৱাৰ	I-PER
উদ্যোগত	O
যোৰহাটৰ	B-LOC
পৰা	O
প্ৰকাশ	O
পাইছিল	O
।	O

দীৰ্ঘেশ্বৰী	B-LOC
দেৱালয়	I-LOC
বা	O
দীৰ্ঘেশ্বৰী	B-LOC
মন্দিৰ	I-LOC
অসমৰ	B-LOC
উত্তৰ	B-LOC
গুৱাহাটীৰ	I-LOC
ব্ৰহ্মপুত্ৰ	B-LOC
নদৰ	O
পাৰত	O
অৱস্থিত	O
এখন	O
ঐতিহাসিক	O
শক্তি	O
উপাসনাস্থলী	O
।	O

স্বৰ্গদেউ	O
ৰুদ্ৰ	B-PER
সিংহৰ	I-PER
মৃত্যুৰ	O
পিছত	O
মহলটোৰ	O
বহুখিনি	O
সালসলনি	O
কৰা	O
হয়	O
আৰু	O
ইয়াৰ	O
আকৃতি	O
অনিয়মিত	O
হৈ	O
পৰে	O
।	O

বাল্টিমোৰৰ	B-LOC
নৈশ	O
ক্লাব	O
ওচৰৰে	O
ভাৰতীয়	B-MISC
হোটেল	O
এটাত	O
ৰাতিৰ	O
আহাৰ	O
খাই	O
শুম	O
বুলি	O
ভাবিছো	O
।	O

জিলাখনৰ	O
মাজেৰে	O
বৈ	O
যোৱা	O
উপনৈ	O
সমূহ	O
হৈছে	O
-	O
কপিলী	B-LOC
,	O
মাহুৰ	B-LOC
,	O
জিনাম	B-LOC
,	O
টংগি	B-LOC
,	O
ধনশিৰি	B-LOC
,	O
লংক্ৰি	B-LOC
,	O
ডিয়াং	B-LOC
,	O
লংকান	B-LOC
,	O
লংলাই	B-LOC
,	O
লাংটিং	B-LOC
,	O
জাতিংগা	B-LOC
আৰু	O
দাৰা	B-LOC
।	O

কলম্বোৰ	B-LOC
এয়াৰ	O
প'ৰ্টৰ	O
পৰা	O
হোটেললৈ	O
আহি	O
থাকোঁতে	O
মোৰ	O
এটা	O
কথা	O
জানিবলৈ	O
আগ্ৰহ	O
হৈছিল	O
।	O

১৯০৫	B-DATE
চনটো	I-DATE
আহোম	B-MISC
কোঁৱৰ	O
এজনক	O
লৈ	O
গৈ	O
মৈদাম	O
খন্দোৱাইছিল	O
।	O

আহোম	B-MISC
ৰজা	O
শিৱসিংহই	B-PER
১৬৪২	B-DATE
শক	I-DATE
(	O
১৭২০খ্ৰী	B-DATE
)	O
পুৰণি	O
মন্দিৰটো	O
পুনৰ	O
নিৰ্মাণ	O
কৰি	O
মাটি	O
-	O
বৃত্তি	O
,	O
সেৱাইত	O
,	O
পাইক	O
আদি	O
দান	O
কৰি	O
মন্দিৰটোত	O
নিত্যপূজাৰ	O
ব্যৱস্থা	O
কৰে	O
।	O

মূল	O
সত্ৰখন	O
মাজুলীত	B-LOC
অৱস্থিত	O
।	O

হাফলঙৰ	B-LOC
পৰা	O
৫৩	O
কি.	O
মি.	O
উত্তৰ	O
-	O
পূবে	O
মাহুৰ	B-LOC
নৈৰ	I-LOC
পাৰত	O
অৱস্থিত	O
মহকুমাৰ	O
সদৰ	O
।	O

১৬শ	O
শতিকামানত	O
ৰচিত	O
যোগিনীতন্ত্ৰত	B-MISC
কামৰূপাত্মক	O
কাশী	B-LOC
বিশ্বেশ্বৰ	I-LOC
অৰ্থাৎ	O
অসমৰ	B-LOC
কাশী	B-LOC
বিশ্বনাথ	I-LOC
মন্দিৰত	I-LOC
বলীপুত্ৰ	O
বাণে	B-PER
দ্বাৰপাল	O
হিচাপে	O
থকা	O
আৰু	O
তেওঁৰ	O
লগত	O
এক	O
বাহ্লিক	O
কন্যা	O
কীৰ্মিৰ	B-PER
মিলন	O
কাহিনী	O
এটা	O
বৰ্ণিত	O
আছে	O
।	O

চতুৰ্থ	O
শতিকাৰ	O
শেষ	O
ভাগত	O
লোহিত্য	B-MISC
বংশৰ	I-MISC
ৰজা	O
নাগশংকৰে	B-PER
নাগশংকৰ	B-LOC
মন্দিৰটো	I-LOC
সজা	O
বুলি	O
কোৱা	O
হয়	O
।	O

বাণ	B-ORG
থিয়েটাৰ	I-ORG
প্ৰথমে	O
তেজপুৰৰ	B-LOC
কলিবাৰীৰ	B-LOC
এডোখৰ	O
ত্ৰিকোণীয়া	O
ভূমিত	O
১৯০৬	B-DATE
চনত	I-DATE
স্থাপন	O
কৰা	O
হৈছিল	O
।	O

বেলাৰুছ	B-LOC
,	O
ইষ্টনিয়া	B-LOC
,	O
লাটভিয়া	B-LOC
,	O
লিথুৱানিয়া	B-LOC
,	O
মানলডোঙা	B-LOC
,	O
ইউক্ৰেইন	B-LOC
,	O
ক্ৰোৱেচিয়া	B-LOC
,	O
চাৰ্বিয়া	B-LOC
,	O
শ্লোভেনিয়া	B-LOC
,	O
বছনিয়া	B-LOC
আৰু	O
হাৰ্জেগভিনা	B-LOC
,	O
চেক	B-LOC
গণৰাজ্য	I-LOC
,	O
শ্লোভাকিয়া	B-LOC
,	O
মেচেডনিয়া	B-LOC
,	O
মণ্টেনেগ্ৰ'	B-LOC
।	O

তাৰ	O
পাছৰ	O
পৰা	O
এই	O
মন্দিৰটো	O
শংকৰাচাৰ্য	B-LOC
মন্দিৰ	I-LOC
হিচাপে	O
বিখ্যাত	O
হৈ	O
পৰিছিল	O
।	O

ঢকুৱাখনা	B-LOC
চাৰিআলিৰ	O
পৰা	O
পশ্চিমমূৱাকৈ	O
প্ৰায়	O
১০	O
কি:মি:	O
গ'লে	O
এই	O
প্ৰসিদ্ধ	O
থানখন	O
পোৱা	O
যায়	O
।	O

আমি	O
আজিয়	O
বাল্টিমোৰলৈ	B-LOC
উভতিব	O
লাগিব	O
।	O

নিৱনুৱাৰ	O
হাৰ	O
ভাৰতৰ	B-LOC
৭.৩২	O
শতাংশ	O
বপিৰীতে	O
পেৰুত	B-LOC
৭.৬	O
শতাংশ	O
।	O

দেশখনৰ	O
কৃষি	O
পদ্ধতি	O
আৰু	O
জলবায়ু	O
আমাৰ	O
অসমৰ	B-LOC
দৰে	O
।	O

১৯৭০	B-DATE
চনৰ	I-DATE
আৰম্ভণিতে	O
ৰাজ্যিক	B-ORG
প্ৰত্নতত্ত্ব	I-ORG
সঞ্চালকালয়ৰপৰা	I-ORG
মদন	B-LOC
-	I-LOC
কামদেৱ	I-LOC
মন্দিৰৰ	O
উত্তৰ	O
কাষৰত	O
চলোৱা	O
এক	O
-	O
পৰীক্ষামূলক	O
খননত	O
একুৰিৰো	O
অধিক	O
মূৰ্তি	O
আৰু	O
কাৰুকাৰ্যখচিত	O
মন্দিৰৰ	O
অংশ	O
ওলাই	O
পৰে	O
।	O

মানস	B-LOC
ৰাষ্ট্ৰীয়	I-LOC
উদ্যানত	I-LOC
বৰ্তমানলৈকে	O
সৰ্বমুঠ	O
৫৪৩	O
বিধৰ	O
উদ্ভিদৰ	O
প্ৰজাতি	O
পোৱা	O
গৈছে	O
।	O

১৪	O
কোটি	O
লোকেৰে	O
ৰাছিয়া	B-LOC
ইউৰোপৰ	B-LOC
আটাইতকৈ	O
জনবহুল	O
ৰাষ্ট্ৰ	O
।	O

অনিলে	B-PER
কোৱা	O
মনত	O
নাই	O
?	O
তাত	O
দপুৰীয়াৰ	O
আহাৰৰ	O
বাবে	O
আমালৈ	O
অপেক্ষা	O
কৰি	O
আছিল	O
ডা:	O
হেৰী	B-PER
প্যাৰীয়	I-PER
।	O

ইয়াত	O
থকা	O
নাইন	B-FAC
হ'ল	I-FAC
গ'ল্ফ	I-FAC
ক'ৰ্ছ	I-FAC
এছিয়াৰ	O
আটাইতকৈ	O
পুৰণি	O
গ'ল্ফ	O
ক'ৰ্ছ	O
আৰু	O
বিশ্বৰ	O
ভিতৰত	O
তৃতীয়	O
সৰ্বোচ্চ	O
পুৰণি	O
।	O

মেডাম	B-LOC
টেচাৰ্টত	I-LOC
দেখিলো	O
বহুতো	O
মমেৰে	O
বনোৱা	O
মূৰ্ত্তি	O
।	O

দেখিবলৈ	O
শপূৰ্নখা	B-PER
ৰাক্ষসীৰ	O
নিচিনা	O
।	O

তেজপুৰ	B-LOC
আৰু	O
গুৱাহাটীৰ	B-LOC
পৰা	O
এই	O
অভয়াৰণ্যৰ	O
দূৰত্ব	O
ক্ৰমান্বয়ে	O
৫২	O
কি:মি:	O
আৰু	O
১৯৩	O
কি:মি:	O
।	O

জয়	B-LOC
দৌল	I-LOC
জয়সাগৰ	B-LOC
পুখুৰীৰ	I-LOC
পাৰত	O
অৱস্থিত	O
।	O

পাছৰ	O
দিনটো	O
আমি	O
ছিংগাপুৰ	B-LOC
আৰু	O
ওচৰ	O
-	O
পাঁজৰৰ	O
অঞ্চসমূহ	O
ভ্ৰমণ	O
কৰি	O
কটাইছিলোঁ	O
।	O

এই	O
মন্দিৰ	O
ধুবুৰী	B-LOC
চহৰৰ	O
পৰা	O
৩০	O
কি:মি:	O
পূবত	O
আৰু	O
বিলাসীপাৰাৰ	B-LOC
পৰা	O
১০	O
কি:মি:	O
পশ্চিমত	O
অৱস্থিত	O
।	O

মহাভাৰতৰ	B-MISC
মতে	O
ই	O
নৰকাসুৰ	B-PER
আৰু	O
ভগদত্তৰ	B-PER
ৰাজ্যৰ	O
ৰাজধানী	O
আছিল	O
।	O

মোৱামৰীয়া	B-MISC
বৈষ্ণৱসকল	B-MISC
বহি	O
থানখন	O
জাকত	O
জিলিকা	O
কৰিছে	O
।	O

এই	O
মঞ্চক	O
বাণ	B-ORG
ষ্টেজ	I-ORG
আৰু	O
বাণ	B-ORG
থিয়েটাৰ	I-ORG
বুলিও	O
জনা	O
যায়	O
।	O

কৰিমগঞ্জ	B-ORG
আৰু	I-ORG
কাছাৰৰ	I-ORG
বন	I-ORG
সংমণ্ডলৰ	I-ORG
অন্তৰ্গত	O
এই	O
বনাঞ্চল	O
মূলতঃ	O
পাৰ্বত্য	O
অঞ্চলেৰে	O
গঠিত	O
।	O

হুৱানোকোলৈ	B-LOC
যোৱা	O
পথ	O
পৰ্বতীয়া	O
।	O

নামটো	O
চালোঁ	O
জয়শিৰি	B-ORG
অ'টো	I-ORG
পাৰ্টছ	I-ORG
প্ৰাইভেট	I-ORG
লিমিটেড	I-ORG
।	O

জনচ	B-PER
আৰু	O
ককায়কক	O
পঢাশালিৰ	O
পৰা	O
পথাৰলৈ	O
মাতি	O
পঠোৱা	O
হ'ল	O
।	O

স্কুল	O
কলেজৰ	O
বাহিৰে	O
অন্য	O
কোনো	O
চৰকাৰী	O
বেচৰকাৰী	O
অনুষ্ঠানৰ	O
কাৰ্যলয়ৰ	O
কাম	O
-	O
কাজ	O
পঞ্জাবীৰ	B-MISC
বাদে	O
অন্য	O
ভাষাত	O
চলাব	O
নোৱাৰে	O
।	O

কিংবদন্তী	O
মতে	O
এই	O
আশ্ৰম	O
মহৰ্ষি	B-PER
বশিষ্ঠই	I-PER
স্থাপন	O
কৰিছিল	O
।	O

ইয়াৰ	O
বাবে	O
পাহাৰ	O
ভৈয়ামৰ	O
প্ৰায়	O
৪০০০০০	O
সৈন্য	O
গুৱাহাটীত	B-LOC
গোট	O
খাইছিল	O
।	O

অৱশেষত	O
এদিন	O
সময়	O
উলিয়াউ	O
মই	O
,	O
মোৰ	O
বা	O
দুজনী	O
আৰু	O
মোৰ	O
ভিনদেউ	O
সূৰ্য্যলংকালৈ	B-LOC
বুলি	O
ৰাওঁনা	O
হ'লোঁ	O
।	O

মন্দিৰৰ	O
কাষতে	O
কুঁৱৰী	B-LOC
পুখুৰী	I-LOC
নামেৰে	O
এটা	O
পুখুৰী	O
আছে	O
।	O

নাইনিতালৰ	B-LOC
শীতল	O
সৰোবৰসমূহত	O
বোটিং	O
কৰাৰ	O
অভিজ্ঞতাই	O
আপোনাৰ	O
মন	O
মগজুক	O
অনাবিল	O
আনন্দ	O
প্ৰশান্তি	O
দান	O
কৰিব	O
যে	O
সি	O
নিশ্চিত	O
।	O

কাশ্মীৰত	B-LOC
যথেষ্ট	O
সংখ্যক	O
ক্ৰিকেট	O
বেট	O
তৈয়াৰ	O
কৰা	O
উদ্যোগ	O
আছে	O
।	O

৩৭	B-LOC
নং	I-LOC
ৰাষ্ট্ৰীয়	I-LOC
ঘাইপথেদি	I-LOC
যোৰহাট	B-LOC
নগৰৰ	O
পৰা	O
শিৱসাগৰলৈ	B-LOC
যোৱাৰ	O
পথত	O
লাহদৈগড়	B-LOC
আৰক্ষী	I-LOC
চকী	I-LOC
পাৰ	O
হৈ	O
ঢেকীয়াখোৱা	B-LOC
বৰনামঘৰলৈ	I-LOC
যোৱাৰ	O
প্ৰৱেশ	O
দ্বাৰ	O
পোৱা	O
যায়	O
।	O

অনুষ্ঠান	O
-	O
প্ৰতিষ্ঠান	O
বুলিলে	O
মাজুলীৰ	B-LOC
সত্ৰ	O
সমূহৰ	O
কথাই	O
প্ৰথমেত	O
উল্লেখ	O
কৰিব	O
লাগিব	O
।	O

বেভাৰ্‌লী	B-ORG
হিল	I-ORG
পুলিচৰ	I-ORG
সমুখত	O
কোনধৰণৰ	O
চালাকি	O
খটুওঁৱাৰ	O
চেষ্টা	O
নকৰি	O
মই	O
ক'লো	O
;	O
চাওক	O
অফিচাৰ	O
,	O
ভুলটো	O
ইতিমধ্যে	O
মই	O
কৰিলোঁৱেই	O
।	O

তাৰ	O
পাছত	O
লণ্ডন	B-LOC
ষ্টাফ	I-LOC
মিউজিয়াম	I-LOC
চালোঁগৈ	O
।	O

দৰাচলতে	O
চাৰমিনাৰক	B-LOC
কেন্দ্ৰ	O
কৰি	O
এই	O
মুকুটা	O
আৰু	O
খাৰু	O
-	O
মণিৰ	O
বাজাৰখন	O
নিজামৰ	O
যুগতেই	O
আৰম্ভ	O
হৈছিল	O
-	O
য'লৈ	O
দেশীয়	O
ৰাজ	O
পৰিয়ালৰ	O
প্ৰতিনিধিৰ	O
উপৰি	O
আহিছিল	O
বিদেশী	O
ক্ৰেতাও	O
।	O

পিছদিনা	O
ৰাতিপুৱা	O
সোণকালে	O
উঠি	O
গা	O
পা	O
ধুই	O
অশ্বক্ৰান্ত	B-LOC
মন্দিৰলৈ	I-LOC
যাত্ৰ	O
আৰম্ভ	O
কৰিছিলো	O
।	O

স্বাস্থ্যকৰ্মী	O
সকলে	O
শাৰী	O
পাতি	O
আমাক	O
আদৰণি	O
জনালে	O
-	O
ঠিক	O
আমাৰ	O
অৰুণাচলৰ	B-LOC
দৰে	O
।	O

আমেৰিকান	B-MISC
আইনে	O
মোক	O
শসতিহে	O
দিব	O
লাগিছিল	O
।	O

আমি	O
দেখিছিলো	O
খাদ্য	O
পৰিশোধন	O
কোম্পানি	O
অৰিয়নে	B-ORG
প্ৰয়োজনীয়	O
আলু	O
কেৱল	O
ভিয়েটনামৰ	B-LOC
পৰাই	O
নহয়	O
,	O
চুবুৰীয়া	O
চীনদেশৰ	B-LOC
পৰাও	O
কিনি	O
আনি	O
পৰিশোধনৰ	O
কামত	O
ব্যৱহাৰ	O
কৰে	O
।	O

যোৰহাটৰ	B-LOC
ৰৰৈয়া	B-FAC
বিমানবন্দৰ	I-FAC
ইয়াৰ	O
পৰা	O
প্ৰায়	O
৬৩	O
কি:মি:	O
নিলগত	O
অৱস্থিত	O
।	O

প্ৰতিবছৰৰ	O
১৪	B-DATE
এপ্ৰিলত	I-DATE
পায়	B-MISC
চাং	I-MISC
কেন	I-MISC
অনুষ্ঠিত	O
হয়	O
।	O

আমি	O
এণ্ডিজ	B-LOC
পৰ্বতমালাৰ	I-LOC
৩০০০	O
মিটাৰ	O
ওপৰেৰে	O
বগাইছো	O
।	O

কাৰেং	B-LOC
ঘৰটো	I-LOC
দীঘলে	O
১২০	O
হাত	O
আৰু	O
বহলে	O
৩০	O
হাত	O
।	O

দিক্কৰবাসিনীৰ	B-PER
দুটা	O
ৰূপ	O
বিদ্যমান	O
,	O
তীক্ষ্ণ	O
কণ্ঠ	O
আৰু	O
ললিত	O
কণ্ঠ	O
।	O

সুন্দৰীদিয়া	B-LOC
সত্ৰত	I-LOC
বহুতো	O
সাঁচিপাতৰ	O
পুথি	O
সংৰক্ষিত	O
অৱস্থাত	O
আছে	O
।	O

সেইদৰে	O
কয়াকুছি	B-LOC
-	O
ভবানীপুৰৰ	B-LOC
পৰাও	O
বিভিন্ন	O
যাত্ৰীবাহী	O
বাহনত	O
উঠি	O
সুন্দৰীদিয়া	B-LOC
সত্ৰ	I-LOC
পাব	O
পাৰি	O
।	O

মহাপুৰুষ	O
শ্ৰীশ্ৰীমাধৱদেৱৰ	B-PER
জন্মস্থান	O
লেটেকুপুখুৰী	B-LOC
বৰ্তমান	O
এক	O
কলা	O
কৃষ্টি	O
,	O
সংস্কৃতি	O
সংৰক্ষণৰ	O
প্ৰাণকেন্দ্ৰ	O
আৰু	O
মহাতীৰ্থস্থানলৈ	O
পৰিণত	O
হৈছে	O
।	O

খ্ৰীষ্টপূৰ্ব	O
দ্বিতীয়	O
শতিকাত	O
আলেকজেণ্ডাৰৰ	B-PER
বিখ্যাত	O
সেনাপতি	O
ছেলুকছে	B-PER
তেওঁৰ	O
বেকট্ৰিয়াৰ	B-LOC
পত্নীৰ	O
নামত	O
এই	O
আপামিয়া	B-LOC
নগৰখন	O
প্ৰতিষ্ঠা	O
কৰিছিল	O
।	O

আৰু	O
হায়দৰাবাদৰ	B-LOC
বিৰিয়ানিৰ	O
কথা	O
ক'বই	O
নালাগে	O
!	O
ইয়াৰ	O
পাছত	O
জগৎপতি	O
গৰুড়ধ্বজ	B-PER
নামৰ	O
কোনো	O
আৰ্যপুত্ৰই	O
পশ্চিম	O
ফালৰ	O
পৰা	O
আহি	O
বিশ্বনাথত	B-LOC
হয়গ্ৰীব	B-PER
নামৰ	O
এক	O
অসুৰৰ	O
লগত	O
যুদ্ধ	O
কৰি	O
,	O
হয়গ্ৰীবক	B-PER
বধি	O
এই	O
তীৰ্থত	O
আৰ্য্য	O
সংস্কৃতিৰ	O
বীজ	O
ৰোপণ	O
কৰি	O
মণিকুটলৈ	O
গমন	O
কৰিলে	O
।	O

আমেৰিকাৰ	B-LOC
আইন	O
ইয়াতে	O
ৰচনা	O
হয়	O
।	O

অবিভক্ত	O
নগাঁও	B-LOC
আৰু	O
বৰ্তমান	O
মৰিগাঁও	B-LOC
জিলাৰ	O
মায়ং	B-LOC
ৰাজহচক্ৰৰ	O
মায়ং	B-LOC
মৌজাত	O
ব্ৰহ্মপুত্ৰনদী	B-LOC
আৰু	O
কলং	B-LOC
সুঁতিয়ে	O
সৃষ্টি	O
কৰা	O
ভূমিখণ্ডৰ	O
মাজত	O
এই	O
পবিতৰা	B-LOC
অভয়াৰণ্য	I-LOC
অৱস্থিত	O
।	O

ঢকুৱাখানত	B-LOC
প্ৰচলিত	O
জনশ্ৰুতি	O
অনুসৰি	O
হাৰ্হি	O
শব্দটো	O
পূৰ্বে	O
সাৰ্হি	O
আছিল	O
।	O

চাহৰ	O
লগত	O
আমাৰ	O
নপোলীবোৰে	O
দচৰু	B-MISC
উৎসৱত	I-MISC
শিয়াল	O
ৰুটীৰ	O
নিচিনা	O
পিঠা	O
বনাই	O
খুৱালে	O
।	O

জিলাখনৰ	O
সদৰ	O
স্থান	O
সোণাৰি	B-LOC
।	O

কুচকো	B-LOC
পৰা	O
কিনা	O
মোনাখনতে	O
কিতাপখন	O
ভৰাই	O
থলো	O
।	O

তদুপৰি	O
জৈৱিক	O
জীৱ	O
,	O
প্ৰব্ৰজনকাৰী	O
চৰাইৰ	O
লগতে	O
কিছুমান	O
প্ৰজাতিৰ	O
চৰাই	O
দীপৰ	B-LOC
বিললৈ	I-LOC
অহা	O
দেখা	O
যায়	O
।	O

কলম্বোৰ	B-LOC
ৰাজপথ	O
আৰু	O
অলিয়ে	O
-	O
গলিয়ে	O
দেখা	O
পোৱা	O
টুকটুকবোৰ	O
আমাৰ	O
গৌৰৱ	O
।	O

১৬৯৮	B-DATE
চনৰ	I-DATE
মাৰ্চ	O
বা	O
এপ্ৰিল	O
মাহৰ	O
আশে	O
-	O
পাশে	O
মহাজনসকলৰ	O
এখন	O
সভা	O
অনুষ্ঠিত	O
কৰি	O
৩	O
মাহ	O
খনন	O
কৰাৰ	O
পিছত	O
পুখুৰীটো	O
পৱিত্ৰ	O
কৰা	O
হয়	O
আৰু	O
ইয়াৰ	O
নাম	O
জয়সাগৰ	B-LOC
ৰখা	O
হয়	O
।	O

গোলকোণ্ডা	B-LOC
অৱশ্যে	O
সদায়েই	O
পৰাধীন	O
হৈ	O
নাথাকিল	O
।	O

দিল্লীত	B-LOC
যেতিয়া	O
ফটোবোৰ	O
চপা	O
কৰি	O
উলিয়ালো	O
,	O
সুন্দৰ	O
ফটোবোৰ	O
দেখি	O
মনটো	O
নাচি	O
উঠিল	O
।	O

তথাপিও	O
বাণিজ্যিক	O
কাম	O
-	O
কাজ	O
আৰু	O
নিয়োজনলৈ	O
লক্ষ্য	O
কৰিলে	O
মহানগৰখনে	O
অসমৰ	B-LOC
উপাৰ্জনৰ	O
এক	O
বুজন	O
অংশ	O
বহন	O
কৰিছে	O
বুলি	O
অনুমান	O
কৰিব	O
পাৰি	O
।	O

তেওঁৰ	O
বিভিন্ন	O
ৰূপান্তৰ	O
যেনে	O
-	O
উগ্ৰতাৰা	B-PER
,	O
এক	B-PER
জঁটা	I-PER
,	O
নীল	B-PER
সৰস্বতী	I-PER
বিদ্যমান	O
।	O

জৈৱ	O
-	O
বৈচিত্ৰ্যৰে	O
ভৰপূৰ	O
নামবৰ	B-LOC
সংৰক্ষিত	I-LOC
বনাঞ্চল	I-LOC
গোলাঘাট	B-LOC
আৰু	O
কাৰ্বি	B-LOC
আংলং	I-LOC
জিলাত	O
অৱস্থিত	O
।	O

ইয়াতেই	O
শংকৰদেৱে	B-PER
প্ৰথম	O
চিহ্নযাত্ৰা	B-MISC
ভাওনা	I-MISC
কৰি	O
দেখুৱাই	O
।	O

জুলিয়	B-PER
ক'লে	O
-	O
নদীখনৰ	O
নাম	O
য়াৰগাপ্‌চ্যু	B-LOC
।	O

মনত	O
পৰিল	O
চিচিঙৰ	B-PER
কথা	O
।	O

অন্ধ্ৰ	B-LOC
প্ৰদেশৰ	I-LOC
প্ৰাক্তন	O
মুখ্যমন্ত্ৰী	O
এন	B-PER
টি	I-PER
ৰামা	I-PER
ৰাওৰ	I-PER
দিনতে	O
ভোদা	B-LOC
পাৰ্কখন	I-LOC
আকৰ্ষমীয়	O
কৰি	O
গঢ়ি	O
তোলা	O
হয়	O
।	O

ই	O
টোকোলাই	B-LOC
নদীৰ	I-LOC
দক্ষিণ	O
পাৰে	O
অৱস্থিত	O
।	O

প্ৰতি	O
বছৰে	O
ফেব্ৰুৱাৰী	O
মাহত	O
ইয়াত	O
চুফী	O
সন্ত	O
হজৰত	B-PER
শ্বাহ	I-PER
চুলতান	I-PER
গিয়াচুদ্দিন	I-PER
বা	O
শ্বেখ	B-PER
জালালুদ্দিনৰ	I-PER
মৃত্যু	O
তিথি	O
১৫	O
দিনীয়াকৈ	O
উৰছ	B-MISC
উৎসৱ	O
হিচাপে	O
পালন	O
কৰা	O
হয়	O
।	O

জয়সাগৰ	B-LOC
পুখুৰীৰ	O
পশ্ছিমপাৰত	O
এটি	O
দ'ল	O
আছে	O
ঘনশ্যাম	B-LOC
দ'ল	I-LOC
।	O

শ্ৰী	B-LOC
শ্ৰী	I-LOC
তেত্ৰিশ	I-LOC
কৌটি	I-LOC
দেৱ	I-LOC
মন্দিৰ	I-LOC
অসমৰ	B-LOC
কামৰূপ	B-LOC
মহানগৰ	O
জিলাৰ	O
গুৱাহাটী	B-LOC
মহানগৰীত	O
অৱস্থিত	O
।	O

পথৰ	O
কাষৰ	O
মাইলপোষ্টত	O
চাই	O
দেখো	O
মেচুকালৈ	B-LOC
আৰু	O
দহ	O
কিলোমিটাৰ	O
বাকী	O
।	O

বৰ্তমান	O
পবিতৰা	B-LOC
অভয়াৰণ্যৰ	I-LOC
মুঠ	O
মাটিকালি	O
হ'ল	O
২৭৭৬.৬২	O
হেক্টৰ	O
।	O

ইয়াৰ	O
মাজত	O
উল্লেখযোগ্য	O
হ'ল	O
শিৱ	B-PER
আৰু	O
বিষ্ণুৰ	B-PER
ভাস্কৰ্য	O
নাম	O
তালিকাবোৰ	O
।	O

তেওঁলোকে	O
মন্দিৰ	O
দৰ্শন	O
কৰি	O
মাহপ্ৰসাদ	O
লৈ	O
মণিকূট	B-LOC
পৰ্বতৰ	I-LOC
পশ্চিম	O
দ্বাৰত	O
গৈ	O
জিৰণি	O
লৈছিল	O
।	O

দৰাচলতে	O
ৰূপহী	O
মানাহৰ	B-LOC
অইনৰ	O
সৈতে	O
তুলনাই	O
নহয়	O
।	O

সত্ৰ	O
শব্দটো	O
বিভিন্ন	O
অৰ্থত	O
ব্যৱহাৰ	O
কৰিলেও	O
মহাপুৰুষ	O
শংকৰদেৱে	B-PER
ভিক্তধৰ্ম	O
প্ৰৱৰ্তন	O
,	O
ইয়াৰ	O
প্ৰসাৰ	O
আৰু	O
প্ৰচাৰৰ	O
বাবে	O
সত্ৰ	O
প্ৰতিষ্ঠা	O
কৰিছিল	O
।	O

আছিফ	B-PER
জাহে	I-PER
স্বাধীনতা	O
ঘোষণা	O
কৰে	O
১৭২৫	B-DATE
চনত	I-DATE
আৰু	O
উপাধি	O
লয়	O
নিজাম	O
-	O
উল	O
-	O
মুল্ক	O
।	O

আন	O
এক	O
কিংবদন্তী	O
মতে	O
সত্য	O
যোগত	O
অগস্ত্য	B-PER
মুনিয়ে	I-PER
দক্ষিণা	O
পথত	O
আৰু	O
সমসাময়িক	O
বিদেঘ্	O
মাধৱে	B-PER
পূৱ	O
ফালে	O
হিন্দুধৰ্ম	O
প্ৰচাৰ	O
কৰিছিল	O
।	O

তিৰুপতিৰ	B-LOC
ভিতৰতে	O
দীঘল	O
শ্ৰীকপিলেশ্বৰস্বামী	B-LOC
মন্দিৰটোত	I-LOC
হিন্দুসকলৰ	O
উপাস্য	O
দেৱতা	O
শিৱৰ	O
পূজা	O
কৰা	O
হয়	O
।	O

উত্তৰ	B-LOC
-	I-LOC
পূব	I-LOC
ভাৰতৰ	I-LOC
প্ৰধান	O
নগৰ	O
-	O
চহৰসমূহৰ	O
লগত	O
যোৰহাটৰ	B-LOC
স্থলপথেৰে	O
সু	O
-	O
সংযোগ	O
আছে	O
।	O

কৃষ্ণৰ	B-PER
ভৰিৰ	O
খোজ	O
থকা	O
শিলটোক	O
বিষ্ণুপদ	O
বোলা	O
হয়	O
আৰু	O
ইয়াতে	O
মৃতকৰ	O
আত্মাক	O
সদগতিৰ	O
বাবে	O
পিণ্ডদান	O
কৰা	O
হয়	O
।	O

ব্ৰহ্মপুত্ৰ	B-LOC
নদৰ	I-LOC
দক্ষিণ	O
পাৰে	O
গধুৰ	O
শিলৰ	O
ভেঁটি	O
থকা	O
পাহাৰৰ	O
ওপৰত	O
হাতীমূৰা	B-LOC
মন্দিৰ	I-LOC
অৱস্থিত	O
।	O

গতিকে	O
এই	O
৩৩	O
টা	O
মূৰ্তিয়ে	O
৩৩	O
কোটি	O
ভগৱানৰ	O
অস্তিত্ব	O
বহন	O
কৰিছে	O
বুলি	O
বিশ্বাস	O
কৰি	O
মন্দিৰৰ	O
নাম	O
শ্ৰী	B-LOC
শ্ৰী	I-LOC
তেত্ৰিশ	I-LOC
কৌটি	I-LOC
দেৱ	I-LOC
মন্দিৰ	I-LOC
হিচাপে	O
নামাকৰণ	O
কৰা	O
হয়	O
।	O

কেৱল	O
বাছৰ	O
ক্ষেত্ৰতেই	O
নহয়	O
,	O
বিমান	O
অথবা	O
সাগৰীয়	O
পথেদি	O
দ্বীপৰাষ্ট্ৰ	O
ছিংগাপুৰত	B-LOC
প্ৰৱেশ	O
কৰাৰ	O
সময়ত	O
এজন	O
বিদেশী	O
লোকে	O
এনে	O
ধৰণৰ	O
তন্ন	O
তন্ন	O
তালাচীৰ	O
সন্মুখীন	O
হ'ব	O
লগীয়া	O
হয়	O
।	O

বিসাখাপট্টনম	B-LOC
ভিজাগ	B-LOC
নামেৰেও	O
পৰিচিত	O
।	O

এই	O
বাবেই	O
কামাখ্যা	B-LOC
যোনি	O
পূজাৰ	O
তীৰ্থস্থান	O
বুলি	O
কোৱা	O
হয়	O
।	O

অভয়াৰণ্যখন	O
মঙলদৈ	B-ORG
বন্যপ্ৰাণী	I-ORG
সংমণ্ডলৰ	I-ORG
অন্তৰ্গত	O
।	O

অসমৰ	B-LOC
বিভিন্ন	O
দিশ	O
সম্পৰ্কে	O
অধিবক্তা	O
সিঙে	B-PER
বহু	O
কথাই	O
জানে	O
,	O
তেখেতৰ	O
লগত	O
কথা	O
পাতি	O
সেই	O
কথা	O
অনুমান	O
হৈছিল	O
।	O

পানিপথ	B-LOC
,	O
কুৰুক্ষেত্ৰ	B-LOC
আদি	O
ঠাই	O
পাৰ	O
হৈ	O
বাৰমান	O
বজাত	O
লুধিয়ানাত	B-LOC
সোমালোঁ	O
।	O

দশম	O
শতিকামানত	O
ৰচিত	O
কালিকাপুৰাণত	B-MISC
বিশ্বনাথ	B-LOC
হিন্দুধৰ্মৰ	B-MISC
এখন	O
প্ৰধান	O
তীৰ্থক্ষেত্ৰ	O
হিচাপে	O
উল্লেখ	O
হোৱা	O
দেখা	O
যায়	O
।	O

ইয়াৰ	O
পিছত	O
১৯৯৮	B-DATE
চনৰ	I-DATE
৯	B-DATE
নৱেম্বৰত	I-DATE
প্ৰাক্তন	O
ৰাষ্ট্ৰপতি	O
কে	B-PER
আৰ	I-PER
নাৰায়ননে	I-PER
এই	O
ভৱন	O
সৰ্বসাধাৰণ	O
ৰাইজৰ	O
বাবে	O
মুকলি	O
কৰে	O
।	O

পুখুৰীৰ	O
মাজৰ	O
দ্বীপটোত	O
অসমৰ	B-LOC
চাহ	O
খেতিৰ	O
আৱিস্কাৰক	O
জৰ্জ	B-PER
চাৰ্লচ	I-PER
আলেকজেণ্ডাৰ	I-PER
ব্ৰুচৰ	I-PER
এটি	O
আৱক্ষ	O
মূৰ্তি	O
স্থাপন	O
কৰা	O
আছে	O
।	O

গুৱাহাটীৰ	B-LOC
পৰা	O
ইয়াৰ	O
দূৰত্ব	O
১০৩	O
কিলোমিটাৰ	O
পশ্চিমে	O
আৰু	O
বৰপেটা	B-LOC
নগৰৰ	O
পৰা	O
৩৭	O
কিলোমিটাৰ	O
পূৱত	O
।	O

সপ্তদশ	O
শতিকাৰ	O
আহোম	B-MISC
স্বৰ্গদেউ	O
প্ৰতাপ	B-PER
সিংহ	I-PER
সেই	O
ফালেৰে	O
যাওঁতে	O
সেই	O
ঠাইৰ	O
মাছৰ	O
সোৱাদত	O
আকৃষ্ট	O
হৈ	O
ঠাইখিনিৰ	O
নাম	O
সোধাত	O
কাজিৰঙা	B-LOC
বুলি	O
উত্তৰ	O
দিয়াৰ	O
উল্লেখ	O
পোৱা	O
যায়	O
।	O

আশোকাষ্টমীৰ	B-MISC
দিনা	O
বিভিন্ন	O
ঠাইৰপৰা	O
ব্ৰহ্মপুত্ৰত	B-LOC
স্নান	O
কৰিবলৈ	O
ইয়ালৈ	O
ভক্তসকল	O
আহে	O
।	O

আজান	O
শুনাৰ	O
পিছত	O
চালকজন	O
অটো	O
ৰখাই	O
এটা	O
মছজিদৰ	O
সন্মুখত	O
নামি	O
গ'ল	O
তেওঁৰ	O
হিন্দু	B-MISC
পাৰ্টনাৰক	O
গাড়ীৰ	O
চাবি	O
দি	O
।	O

অসম	B-ORG
চৰকাৰৰ	I-ORG
বন	I-ORG
বিভাগৰ	I-ORG
বন্যজীৱন	O
শাখাৰ	O
বোকাখাটস্থিত	O
সদৰ	O
কাৰ্যালয়ৰপৰা	O
কাজিৰঙা	B-LOC
ৰাষ্ট্ৰীয়	I-LOC
উদ্যানৰ	I-LOC
প্ৰশাসন	O
কাৰ্য্য	O
চলোৱা	O
হয়	O
।	O

দীঘলীপুখুৰীৰ	B-LOC
চাৰিওকাষে	O
বিভিন্ন	O
শিক্ষানুষ্ঠান	O
যেনে	O
কটন	B-ORG
কলেজ	I-ORG
,	O
সন্দিকৈ	B-ORG
বালিকা	I-ORG
মহাবিদ্যালয়	I-ORG
আদি	O
অৱস্থিত	O
।	O

অষ্টম	O
-	O
নৱম	O
শতিকাত	O
শালস্তম্ভ	B-MISC
ৰাজবংশৰ	I-MISC
ৰজাই	O
নিৰ্মাণ	O
কৰা	O
কলিয়াবৰৰ	B-LOC
হাতীমূৰাত	B-LOC
অৱস্থিত	O
দুৰ্গা	O
মন্দিৰটো	O
আহোম	B-MISC
স্বৰ্গদেউ	O
প্ৰমত্ত	B-PER
সিংহয়ে	I-PER
১৬৬৭	B-DATE
শকত	I-DATE
এই	O
মন্দিৰ	O
নিৰ্মাণ	O
কৰিছিল	O
।	O

দুৰ্গা	B-MISC
পূজা	I-MISC
আৰু	O
বাসন্তী	B-MISC
পূজাৰ	I-MISC
সময়ত	O
ইয়াত	O
মহাসমাৰোহেৰে	O
পূজা	O
হয়	O
আৰু	O
বিৰাট	O
মেলা	O
বহে	O
।	O

য়াক	O
জম্বুবাসীযে	B-MISC
ভাৱেৱালী	B-PER
মাতা	O
বুলি	O
কয	O
।	O

এই	O
ওদালবাক্ৰা	B-LOC
গাঁও	O
গুৱাহাটিৰ	B-LOC
কাহিলীপাৰা	B-LOC
অঞ্চলত	O
অৱস্থিত	O
।	O

দেওপাহাৰ	B-LOC
দেওপানী	B-LOC
সংৰক্ষিত	I-LOC
বনাঞ্চলৰ	I-LOC
অংশ	O
।	O

মাধবদেৱৰ	B-PER
দিনৰ	O
পৰাই	O
সত্ৰত	O
পুৰুষানুক্ৰমে	O
পুথি	O
সংৰক্ষণ	O
আৰু	O
সংবৰ্ধন	O
কৰাৰ	O
পৰম্পৰা	O
চলি	O
আছে	O
।	O

দ	B-LOC
-	I-LOC
পৰ্বতীয়াৰ	I-LOC
শৈল	O
-	O
ভাস্কৰ্যকেইটা	O
শিলতে	O
কাটি	O
উলিওৱা	O
।	O

অৰুণাচলৰ	B-LOC
পালিন	B-LOC
আৰু	O
জিৰোত	B-LOC
ফিউচাৰ	O
জেনেৰেচন'ৰ	O
হকে	O
কাম	O
কৰিছিল	O
।	O

ব্ৰিটিছ	O
সকলে	O
উমানন্দৰ	B-LOC
আকৃতিৰ	O
বাবে	O
পিকক	B-LOC
আইলেণ্ড	I-LOC
বা	O
ময়ূৰ	B-LOC
দ্বীপ	I-LOC
বোলা	O
হৈছিল	O
।	O

ডিমা	B-LOC
-	I-LOC
হাছাও	I-LOC
জিলাৰ	O
ভিতৰৰ	O
ৰেল	O
-	O
ষ্টেচনসমূহ	O
হাতীখলি	B-FAC
,	O
লাংটিং	B-FAC
,	O
দিহাখো	B-FAC
,	O
মুপা	B-FAC
,	O
কালাচাঁদ	B-FAC
,	O
মাইবং	B-FAC
,	O
ৱাডৰেংডিছা	B-FAC
,	O
দাওটুহাজা	B-FAC
,	O
মাহুৰ	B-FAC
,	O
মিগ্ৰেনডিছা	B-FAC
,	O
লোৱাৰ	B-FAC
হাফলং	I-FAC
,	O
বাগেতাৰ	B-FAC
,	O
হাফলং	B-FAC
হিল	I-FAC
,	O
জাতিংগা	B-FAC
,	O
মাইলংদিছা	B-FAC
,	O
হাৰাংগাজাও	B-FAC
আৰু	O
দিতকচৰা	B-FAC
।	O

চলতে	O
ইযাতে	O
মহাৰাজ	O
জম্বুলোচনে	B-LOC
প্ৰথতে	O
ৰাজধানী	O
পাতিছিল	O
আৰু	O
এযাই	O
আছিল	O
জম্মু	B-LOC
নগৰ	O
প্ৰতিষ্টাৰ	O
আৰম্ভণি	O
।	O

বট	O
দ্ৰৱ	O
হোৱা	O
বাবে	O
এই	O
ঠাই	O
বটদ্ৰৱা	B-LOC
নামেৰেও	O
সমধিক	O
প্ৰসিদ্ধ	O
।	O

ৰজাদিনীয়া	O
দুখন	O
তামৰ	O
ফলিত	O
নন্দিকেশ্বৰ	B-LOC
দেৱালয়ৰ	I-LOC
চাৰিসীমা	O
বেলেগ	O
বেলেগকৈ	O
উল্লেখ	O
আছে	O
।	O

নলবাৰী	B-LOC
,	O
হাজো	B-LOC
,	O
গুৱাহাটী	B-LOC
বুলি	O
চিঞৰা	O
মানুহ	O
নাই	O
।	O

অতি	O
প্ৰাচীন	O
এই	O
মন্দিৰটো	O
ভগৱান	O
শ্ৰীকৃষ্ণই	B-PER
নৰকক	B-PER
বধ	O
কৰা	O
কিংবদন্তিৰ	O
লগত	O
জড়িত	O
।	O

মাজুলীয়ে	B-LOC
নদীদ্বীপৰ	O
আকাৰ	O
লোৱাৰ	O
আগতেই	O
দিহিং	B-LOC
আৰু	O
ব্ৰহ্মপুত্ৰৰ	I-LOC
মাজৰ	O
ঠাইখণ্ডক	O
মজালি	O
বা	O
মাজালি	O
বোলা	O
হৈছিল	O
।	O

পেৰু	B-LOC
সম্পৰ্কে	O
দুখন	O
সৰু	O
সৰু	O
কিতাপ	O
কিনিলো	O
।	O

কলি	B-LOC
আই	I-LOC
থান	I-LOC
ডিব্ৰুগড়	B-LOC
জিলাৰ	O
জামিৰা	B-LOC
মৌজাৰ	O
বৰবৰুৱা	B-LOC
খণ্ডৰ	O
ৰাজভেটা	B-LOC
পঞ্চায়তৰ	O
অন্তৰ্গত	O
চেঙামাৰী	B-LOC
হাবি	O
গাঁৱত	O
অৱস্থিত	O
।	O

বিবেকানন্দ	B-ORG
কেন্দ্ৰ	I-ORG
বিদ্যালয়	I-ORG
,	O
উমৰাংছু	B-ORG
গৰমপানী	I-ORG
উচ্চ	I-ORG
মাধ্যমিক	I-ORG
বিদ্যালয়	I-ORG
,	O
যমুনাদেৱী	B-ORG
সৰস্বতী	I-ORG
বিদ্যামন্দিৰ	I-ORG
আদি	O
উমৰাংছুৰ	B-LOC
মূল	O
শিক্ষানুষ্ঠান	O
।	O

আৰু	O
সেই	O
যে	O
অৰ্জুনৰ	B-PER
তপস্যা	O
,	O
৯৫	O
ফুট	O
দীঘল	O
৪৩	O
ফুট	O
উচ্ছতা	O
বৃহৎ	O
শিলাখণ্ডটো	O
?	O
সেই	O
অৱস্থাৰ	O
পৰা	O
স্বৰ্গদেউ	O
ৰাজেশ্বৰ	B-PER
সিংহৰ	I-PER
হাতত	O
আটকধুনীয়া	O
ৰাজপ্ৰাসাদলৈ	O
পৰিণত	O
হ'ল	O
গড়গাঁৱৰ	B-LOC
কাৰেং	B-LOC
ঘৰ	I-LOC
।	O

আহোমসকল	B-MISC
অসমলৈ	B-LOC
অহাৰ	O
বহু	O
আগৰেপৰা	O
ভালেসংখ্যক	O
দেওশাল	O
অসমত	B-LOC
আছিল	O
।	O

১৯০৫	B-DATE
চনৰ	I-DATE
১	B-DATE
জুনত	I-DATE
কাজিৰঙা	B-LOC
প্ৰস্তাৱিত	O
সংৰক্ষিত	O
বনাঞ্চলৰ	O
পট্টন	O
কৰা	O
হয়	O
।	O

ৰজাই	O
টুকুৰাৰ	B-PER
কথা	O
বিশ্বাস	O
নকৰিলে	O
।	O

তেওঁলোকে	O
কৈছিল	O
ছিৰিয়াৰ	B-LOC
নাগৰিক	O
সাধাৰণতেই	O
পৰ্যটকৰ	O
প্ৰতি	O
সৌহাৰ্দপূৰ্ণ	O
,	O
সহায়কাৰী	O
আৰু	O
নম্ৰ	O
;	O
ছিৰিয়াত	B-LOC
তেওঁলোকে	O
জনাত	O
কোনো	O
পৰ্যটক	O
কেতিয়াও	O
হংসাত্ম	O
কাৰ্যত	O
আক্ৰান্ত	O
হোৱা	O
নাই	O
।	O

আমাৰ	O
ভাৰতীয়	B-MISC
চেহেৰাৰ	O
লগত	O
মিলে	O
।	O

ডাল	B-LOC
হ্ৰদৰ	I-LOC
উত্তৰ	O
-	O
পূব	O
প্ৰান্তত	O
স্থাপিত	O
আন	O
এখন	O
উদ্যান	O
হৈছে	O
শালিমাৰ	B-LOC
।	O

বৰপেটা	B-LOC
চহৰৰ	O
ওচৰৰ	O
সুন্দৰীদিয়া	B-LOC
গাঁওৰ	O
সুন্দৰীদিয়া	B-LOC
সত্ৰখন	I-LOC
মহাপুৰুষ	O
মাধৱদেৱে	B-PER
প্ৰতিষ্ঠা	O
কৰিছিল	O
।	O

২০০২	B-DATE
চনত	I-DATE
হেঙেৰাবাৰী	B-LOC
সংৰক্ষিত	I-LOC
বনাঞ্চলৰ	I-LOC
আৰু	O
৪৫	O
হেক্টৰ	O
মাটি	O
চিৰিয়াখানাত	O
যোগ	O
দিয়া	O
হয়	O
আৰু	O
চিৰিয়াখানাৰ	O
মাটি	O
হৈ	O
পৰে	O
১৭৫	O
হেক্টৰ	O
।	O

বিশাখাপট্টনমৰ	B-LOC
পৰা	O
২৫	O
কি:মি:	O
দূৰত	O
ভেমুনিপট্টনম	B-LOC
এখন	O
বিতোপন	O
ঠাই	O
।	O

অতি	O
কম	O
সমযৰ	O
ব্য়ৱধানত	O
মেচুকা	B-LOC
ভেলী	O
ৰদৰ	O
পোহৰত	O
জিলিকি	O
উঠিল	O
।	O

পূৰ্বে	O
মাজুলীৰ	B-LOC
মাটিকালি	O
১২৫০	O
বৰ্গকিলোমিটাৰ	O
আছিল	O
,	O
কিন্তু	O
খহনীয়াৰ	O
ফলত	O
২০০১	B-DATE
চনত	I-DATE
ইয়াৰ	O
মাটিকালি	O
হয়গৈ	O
৮৮০	O
বৰ্গকিলোমিটাৰ	O
।	O

অলপ	O
পাছতে	O
দলটি	O
আলিপুখুৰী	B-LOC
পাটকিবৰীলৈ	I-LOC
যাওঁতে	O
তেওঁলোকক	O
বুজাই	O
দিয়া	O
হ'ল	O
আলিপুখুৰী	B-LOC
পাটকিবৰীহে	I-LOC
তেৰাৰ	O
জন্মস্থান	O
বুলি	O
।	O

ইয়াত	O
দশভূজা	O
দুৰ্গাৰ	B-PER
মূৰ্তি	O
কেতিয়া	O
স্থাপন	O
কৰা	O
হৈছিল	O
তাৰ	O
কোনো	O
ঐতিহাসিক	O
প্ৰমাণ	O
নাই	O
,	O
দুই	O
মুনি	O
শিলাৰ	O
ওচৰত	O
থকা	O
ৰুদ্ৰ	O
পদৰ	O
লগত	O
সংগতি	O
ৰাখিয়েই	O
টঙনাজাৰতে	B-LOC
ৰুদ্ৰপদ	B-LOC
দেৱালয়	I-LOC
পাতিছিল	O
।	O

উত্তৰ	B-ORG
-	I-ORG
পূব	I-ORG
সীমান্ত	I-ORG
ৰেলৱেৰ	I-ORG
মুখ্য	O
কাৰ্যালয়	O
গুৱাহাটীৰ	B-LOC
মালিগাঁৱত	B-LOC
অৱস্থিত	O
।	O

এই	O
মন্দিৰ	O
অসমৰ	B-LOC
ৰাজ্যিক	O
সংৰক্ষিত	O
স্মৃতিচিহ্নসমূহৰ	O
তালিকাত	O
অন্তৰ্ভুক্ত	O
।	O

তদুপৰি	O
তোমালোকে	O
লণ্ডনত	B-LOC
লগ	O
নোপোৱা	O
মানুহখিনিক	O
বিহুতে	O
লগ	O
পাবা	O
।	O

১২০০০	O
অসমীয়া	B-MISC
বাঢ়ৈয়ে	O
সম্পূৰ্ণ	O
এবছৰত	O
এই	O
কাৰেং	O
ঘৰটো	O
সাজি	O
উলিয়াইছিল	O
।	O

ভঠেলি	B-MISC
বা	O
পাউৰা	B-MISC
তোলা	I-MISC
হ'ল	O
হিন্দু	B-MISC
ধৰ্মত	O
প্ৰচলিত	O
বাঁহ	O
গছক	O
দেৱতা	O
জ্ঞান	O
কৰি	O
কৰা	O
এক	O
ধৰণৰ	O
পূজা	O
।	O

জলবন্ধৰ	B-LOC
গৈ	O
পোৱাৰ	O
আগতে	O
দৰৱা	B-LOC
নামে	O
এখন	O
ঠাইত	O
ধাবাত	O
সোমাই	O
চাহ	O
,	O
আলু	O
,	O
পৰঠা	O
খালো	O
সকলোৱে	O
।	O

নন্দিকেশ্বৰ	B-LOC
গাঁও	O
জামুগুৰি	B-LOC
হাটৰ	I-LOC
মূল	O
কেন্দ্ৰৰ	O
পৰা	O
প্ৰায়	O
৪	O
কিলোমিটাৰ	O
নিলগত	O
আৰু	O
তেজপুৰ	B-LOC
চহৰৰ	O
পৰা	O
১৪	O
মাইল	O
উত্তৰ	O
পূবত	O
অৱস্থিত	O
।	O

অসমৰ	B-LOC
বন	O
-	O
বন্যপ্ৰাণী	O
আৰু	O
পৰিৱেশ	O
সংৰক্ষণৰ	O
ই	O
এখন	O
দলিল	O
।	O

মহাশিৱৰাত্ৰিৰ	B-MISC
দিনা	O
জম্মুত	B-LOC
এখন	O
ডাঙৰ	O
মেলা	O
অনুষ্ঠিত	O
হয়	O
।	O

মাঘী	O
পূৰ্ণিমাৰ	O
নিশা	O
তাতে	O
পাল	B-MISC
নামৰ	I-MISC
আয়োজন	O
কৰা	O
হয়	O
যিটো	O
পৰম্পৰা	O
অজিও	O
চলি	O
আছে	O
।	O

বৌদ্ধধৰ্মী	B-MISC
টাইফাকে	B-MISC
জনগোষ্ঠীয	O
লোকৰ	O
বাসস্থান	O
এই	O
অপূৰ্ব	O
গাঁওখনৰ	O
অপৰূপ	O
নৈসৰ্গ	O
আৰু	O
শান্ত	O
পৰিৱেশে	O
সকলো	O
ধৰণৰ	O
ভ্ৰমণকাৰীকে	O
আকৰ্ষণ	O
কৰিবলৈ	O
সক্ষম	O
হ'ব	O
।	O

ডেৰ	O
-	O
দুফুট	O
উচ্চতাৰ	O
বিষ্ণু	B-PER
,	O
লক্ষী	B-PER
আৰু	O
সৰস্বতীৰ	B-PER
তিনিটা	O
মুৰ্তিও	O
ইয়াত	O
আছে	O
।	O

কাজিৰঙা	B-LOC
দক্ষিণ	O
সীমাৰে	O
যোৱা	O
৩৭	B-LOC
নং	I-LOC
ৰাষ্ট্ৰীয়	I-LOC
ঘাইপথ	I-LOC
-	O
ৰ	O
ওপৰেৰ	O
নিৰাপদে	O
জীৱ	O
-	O
জন্তু	O
পাৰ	O
হ'বলৈ	O
কেবাটাও	O
ক'ৰিডৰ	O
নিৰ্মাণ	O
কৰা	O
হৈছে	O
।	O

ইয়াত	O
জ্যোতিপ্ৰসাদ	B-PER
আগৰৱালাৰ	I-PER
গীতৰ	O
গ্ৰামোফোন	O
ৰেকৰ্ড	O
,	O
তেওঁৰ	O
হাতৰ	O
আখৰ	O
থকা	O
কাগজ	O
,	O
বিভিন্ন	O
তথ্য	O
-	O
পাতি	O
,	O
শোৱা	O
পালেং	O
আদি	O
সংৰক্ষণ	O
কৰি	O
ৰখা	O
হৈছে	O
।	O

প্ৰশান্ত	B-LOC
মহাসাগৰ	I-LOC
দেখিম	O
।	O

চাৰমিনাৰৰ	B-LOC
আৰু	O
বজাৰতো	O
খাৰু	O
মণি	O
কিনা	O
বেছিসংখ্যাক	O
ক্ৰেতা	O
আছিল	O
বোৰ্খা	O
পৰিহিতা	O
মহিলা	O
।	O

নন্দিকেশ্বৰৰ	B-LOC
বৰ্তমান	O
চাৰিসীমা	O
-	O
উত্তৰে	O
কৰিবৰ	B-LOC
আলি	I-LOC
,	O
পূবে	O
কোৰ্চ	B-LOC
গাঁও	I-LOC
,	O
দক্ষিণে	O
বৰাচুক	B-LOC
,	O
গোধামৰা	B-LOC
চুক	I-LOC
,	O
পশ্চিমে	O
ভৰলী	B-LOC
নৈ	I-LOC
।	O

সা	O
-	O
সম্পত্তি	O
নাইকিয়া	O
টোকোনা	O
বুলি	O
মহাদেৱক	B-PER
দক্ষই	B-PER
চকু	O
পাৰি	O
দেখিব	O
নোৱাৰিছিল	O
।	O

বৰ্তমানৰ	O
ফাঁচী	B-LOC
বজাৰৰ	I-LOC
ঠাইত	O
বৰফুকনত	O
বাসগৃহ	O
আছিল	O
আৰু	O
তেওঁৰ	O
পাৰিষদ	O
-	O
গৃহ	O
আছিল	O
বৰ্তমান	O
ভৰলুৰ	B-LOC
২৭৪	O
মিটাৰ	O
পশ্চিমে	O
।	O

মঞ্জু	B-PER
নিৰামিষভোজী	O
।	O

উত্তৰ	O
-	O
পূবৰ	O
আন	O
ঠাইৰ	O
লগত	O
দেশৰ	O
বিভিন্ন	O
প্ৰান্তৰ	O
লগত	O
গুৱাহাটী	B-LOC
চহৰৰ	O
যাতায়ত	O
ব্যৱস্থা	O
অতি	O
সুচল	O
।	O

মহাবাহুৰ	B-LOC
পাৰৰ	O
অপৰূপ	O
নৈসৰ্গৰ	O
মাজৰ	O
এই	O
পাৰ্কখন	O
সঁচাই	O
আকৰ্ষণীয়	O
।	O

ইৰুপ্পু	B-LOC
জলপ্ৰপাত	I-LOC
,	O
এব্বে	B-LOC
জলপ্ৰপাত	I-LOC
,	O
বাইলেক্কুপীৰ	B-LOC
বৌদ্ধ	O
ভাস্কৰ্য	O
আদিৰ	O
দৰে	O
অনেক	O
দৰ্শনীয়	O
স্থানে	O
ক'ৰ্গত	B-LOC
আপোনাৰ	O
কাৰণে	O
অপেক্ষা	O
কৰি	O
আছে	O
।	O

পৰিহৰেশ্বৰ	B-LOC
দেৱালয়ৰ	I-LOC
মূল	O
বিগ্ৰহটো	O
হৈছে	O
শিৱ	B-PER
গোসাঁইৰ	O
।	O

ফলত	O
১৭৮৮	B-DATE
চনৰ	I-DATE
জানুৱাৰী	O
মাহত	O
মোৱামৰীয়াই	B-MISC
পুনৰ	O
আহোম	B-MISC
ৰাজধানী	O
অধিকাৰ	O
কৰে	O
।	O

উল্লেখযোগ্য	O
যে	O
তলাতল	B-LOC
ঘৰৰ	I-LOC
যি	O
সাতোটা	O
মহল	O
আছিল	O
তাৰ	O
মাটিৰ	O
তলৰমহলাৰ	O
পৰা	O
দিখৌ	B-LOC
নদী	I-LOC
আৰু	O
গড়গাঁৱৰ	B-LOC
কাৰেংঘৰলৈ	B-LOC
দুটা	O
সুৰংগ	O
আছিল	O
।	O

পথৰ	O
কাষৰ	O
দোকান	O
-	O
বজাৰ	O
,	O
অনুষ্ঠান	O
-	O
প্ৰতিষ্ঠান	O
ক'তোৱেই	O
ইংৰাজী	B-MISC
আৰু	O
হিন্দী	B-MISC
ভাষাত	O
লিখিত	O
বেনাৰ	O
,	O
ছাইনব'ৰ্ড	O
চকুত	O
পৰা	O
নাছিল	O
।	O

পূব	B-LOC
কাৰ্বি	I-LOC
আংলং	I-LOC
অভয়াৰণ্য	I-LOC
অসমৰ	B-LOC
কাৰ্বি	B-ORG
আংলং	I-ORG
স্বায়ত্ত্ব	I-ORG
শাসিত	I-ORG
পৰিষদৰ	I-ORG
অন্তৰ্গত	O
এখন	O
বন্যপ্ৰাণী	O
অভয়াৰণ্য	O
।	O

১৯৯১	B-DATE
চনৰ	I-DATE
লোকপিয়লৰ	O
তুলনাত	O
বৃদ্ধিৰ	O
হাৰ	O
২৪.৭২%	O
।	O

ই	O
গুৱাহাটীৰ	B-LOC
পৰা	O
প্ৰায়	O
২০	O
কি:মি:	O
দূৰৈত	O
অৱস্থিত	O
।	O

গড়গাঁৱৰ	B-LOC
পৰা	O
ৰংপুৰ	B-LOC
আৰু	O
ৰংপুৰৰ	B-LOC
পৰা	O
যোৰহাটলৈ	B-LOC
আহোম	B-MISC
ৰাজ্যৰ	O
ৰাজধানী	O
সলনি	O
হোৱাত	O
পিছলৈ	O
এই	O
দেৱালয়	O
বৰ্তমানৰ	O
ঠাইত	O
স্থাপিত	O
কৰা	O
হয়	O
।	O

দেৱীয়ে	O
নিজৰ	O
সেনাৰ	O
সৈতে	O
কামৰূপলৈ	B-LOC
আহে	O
।	O

১৯৭৪	B-DATE
চনৰ	I-DATE
১১	B-DATE
ফেব্ৰুৱাৰী	I-DATE
তাৰিখে	O
কেন্দ্ৰীয়	O
চৰকাৰে	O
৪৩০	O
বৰ্গ	O
কি.	O
মি.	O
মাটিকালিৰে	O
আগুৰা	O
কাজিৰঙাক	B-LOC
আনুষ্ঠানিক	O
ভাৱে	O
ৰাষ্ট্ৰীয়	O
উদ্যানৰ	O
স্বীকৃতি	O
দিয়ে	O
।	O

কাছাৰী	B-LOC
ঘাটৰ	I-LOC
পৰা	O
ফেৰিৰে	O
ব্ৰহ্মপুত্ৰৰ	B-LOC
উত্তৰ	O
দিশত	O
উপস্থিত	O
হ'লো	O
।	O

ফ্ৰান্স	B-LOC
কিন্তু	O
বেছিদিন	O
টিকিব	O
নোৱাৰিলে	O
,	O
কাৰণ	O
ফ্ৰান্সে	B-LOC
দেশখন	O
বিভিন্ন	O
বাগত	O
বিভক্ত	O
কৰি	O
শাসন	O
কৰিবলৈ	O
অভিলাষ	O
কৰিছিল	O
।	O

তাৰোপৰি	O
বিভিন্ন	O
উৎসৱ	O
,	O
পূৰ্ণিমা	O
,	O
অমাৱস্যা	O
আদিত	O
ওদালবাক্ৰা	B-LOC
গাওঁখনৰে	O
বাসিন্দাসকলে	O
কাম	O
-	O
কাজ	O
চলাই	O
নিয়াত	O
প্ৰত্যক্ষভাবে	O
অংশগ্ৰহণ	O
কৰে	O
আৰু	O
আইসকলে	O
নাম	O
-	O
কীৰ্তন	O
ধৰে	O
।	O

১৯৮৬	B-DATE
চনৰ	I-DATE
১৬	B-DATE
মাৰ্চ	I-DATE
মাহত	O
এই	O
সংগ্ৰহালয়টো	O
অসমৰ	B-LOC
গুৱাহাটীস্থিত	B-LOC
সংগ্ৰহালয়	O
পৰিৱেশকৰ	O
অধীনত	O
স্থাপন	O
কৰা	O
হৈছিল	O
।	O

১৯৭০	B-DATE
চনত	I-DATE
ইয়াক	O
পূৰ্ণ	O
জিলাৰ	O
মৰ্য্যদা	O
দিয়া	O
হয়	O
।	O

অসমৰ	B-LOC
অন্যান্য	O
স্থানৰপৰা	O
তিনিচুকীয়ালৈ	B-LOC
ৰেল	O
আৰু	O
পথ	O
পৰিবহণৰ	O
সু	O
-	O
ব্যৱস্থা	O
আছে	O
।	O

অসম	B-ORG
ৰাজ্যিক	I-ORG
সংগ্ৰহালয়ত	I-ORG
মুঠতে	O
১৩৮০২টা	O
সম্পদ	O
আছে	O
।	O

পূৰ্বতে	O
সত্ৰৰ	O
ভূমি	O
১৩৯২	B-DATE
খ্ৰীষ্টাব্দত	I-DATE
সদধাপুৰ	B-LOC
বা	O
শদিয়া	B-LOC
ৰাজ্যৰ	O
চুতীয়া	O
ৰজা	O
সত্যনাৰায়ণে	B-PER
বিষ্ণু	B-MISC
পূজা	I-MISC
কৰিবলৈ	O
নাৰায়ণ	B-PER
দ্বিজক	I-PER
দান	O
কৰিছিল	O
আৰু	O
লগতে	O
মন্দিৰ	O
এটা	O
নিৰ্মাণ	O
কৰা	O
হৈছিল	O
।	O

এই	O
দ'ল	O
দুটাকে	O
নামতি	B-LOC
দ'ল	I-LOC
বোলে	O
।	O

ইয়াত	O
কীৰ্তিমুখ	B-PER
,	O
কলামকৰা	B-PER
,	O
ফাংনাম	B-PER
শিৱ	B-PER
,	O
শ্ৰীধৰ	B-PER
ৰুদ্ৰ	B-PER
,	O
লক্ষ্মী	B-PER
-	I-PER
নাৰায়ণ	I-PER
,	O
হৰ	B-PER
-	I-PER
গৌৰী	I-PER
,	O
ৰাসলীলা	O
,	O
সৰ্পদেৱতা	B-PER
,	O
প্ৰণাম	O
ধ্যান	O
,	O
পদ্ম	O
চক্ৰ	O
,	O
ৰাম	B-PER
,	O
ৰাৱণ	B-PER
,	O
সুগ্ৰীৱ	B-PER
আদিৰ	O
ভাস্কৰ্য	O
পোৱা	O
গৈছে	O
।	O

অভয়াৰণ্যখনৰ	O
কাষতে	O
নেচাৰ্ছ	B-ORG
বেকনৰ	I-ORG
তপোবন	O
নামেৰে	O
এটি	O
আশ্ৰম	O
আছে	O
।	O

নৈশ	O
ক্লাবটো	O
ডা:	O
বাচাৰহঁতৰ	B-PER
আগদিনাৰ	O
চিনাকি	O
।	O

এই	O
প্ৰকল্পটোৰ	O
বাবেই	O
ড॰	O
ভূপেন	B-PER
হাজৰিকাই	I-PER
তেওৰ	O
কালজয়ী	O
কপিলী	B-MISC
কপিলী	I-MISC
ৰাংঢালী	I-MISC
ছোৱালী	I-MISC
গীতটোৰ	O
সৃ্ষ্টি	O
কৰিছিল	O
।	O

দুই	O
-	O
তিনিজন	O
মানুহে	O
তলৰ	O
মদনকুৰি	B-LOC
নামৰ	O
মৰা	O
নৈখনৰ	O
পৰা	O
ভাৰ	O
বৈ	O
পানী	O
অনাটো	O
আমাৰ	O
চকুত	O
পৰিছে	O
।	O

এই	O
ডলফিন	B-LOC
নোজ	I-LOC
চাবৰ	O
বাবে	O
বহু	O
দেসী	O
-	O
বিদেশী	O
পৰ্যটকৰ	O
সোঁত	O
বয়	O
।	O

এই	O
বুঢ়া	O
বা	O
লিঙ্গই	O
পশুপতি	B-PER
বা	O
বুঢ়া	B-PER
গোঁসাই	I-PER
নামেৰে	O
খ্যাত	O
।	O

১৮৭৪	B-DATE
চনত	I-DATE
যেতিয়া	O
ল'ৰ্ড	B-PER
নৰ্থব্ৰুকে	I-PER
অসম	B-LOC
ভ্ৰমণৰ	O
সিদ্ধান্ত	O
লয়	O
,	O
স্থানীয়	O
প্ৰসাশনে	O
তেওঁক	O
অসমত	B-LOC
এক	O
উষ্ণ	O
আদৰণি	O
জনোৱাৰ	O
যো	O
-	O
জা	O
আৰম্ভ	O
কৰে	O
।	O

বাণ	B-PER
ৰজাৰ	O
জীয়ৰী	O
ঊষাৰ	B-PER
সৌন্দৰ্য্য	O
আছিল	O
জগত	O
বিখ্যাত	O
।	O

ইয়াৰে	O
নলবাৰী	B-LOC
অঞ্চলত	O
সদৰামীনৰ	O
দায়িত্ব	O
দিছিল	O
গৰ্গৰাম	B-PER
বৰুৱাৰ	I-PER
ওপৰত	O
।	O

ৰাষ্ট্ৰীয়	B-LOC
ঘাইপথ	I-LOC
৩৭এ	I-LOC
যোৰহাটক	B-LOC
অসমৰ	B-LOC
আন	O
ঠাইসমূহৰ	O
লগত	O
সংযোগ	O
কৰিছে	O
।	O

প্ৰধান	O
ষ্টেচন	O
শিমলুগুৰি	B-FAC
।	O

বাহু	B-LOC
ফ'ৰ্টৰ	I-LOC
পৰা	O
আগুৱাই	O
গলে	O
পোৱা	O
য়ায	O
মহামায়াৰ	B-LOC
মন্দিৰ	I-LOC
।	O

ফুৰিবলৈ	O
বুলি	O
লণ্ডনৰ	B-LOC
পৰা	O
যাবলৈ	O
ওলাওঁতেই	O
গীতা	B-PER
আৰু	O
পৱিত্ৰই	B-PER
বৰ	O
আন্তৰিকতাৰে	O
কৈছিল	O
আমাৰ	O
ইয়াত	O
বিহু	O
পাতিব	O
,	O
গতিকে	O
তোমালোকে	O
সোনকালে	O
ঘূৰি	O
আহিবা	O
।	O

ইয়াত	O
থকা	O
গংগা	B-PER
-	O
যমুনাৰ	B-PER
মূৰ্তি	O
দুটাৰ	O
শৈল	O
-	O
ভাস্কৰ্য	O
মসৃণ	O
আৰু	O
স্পষ্ট	O
।	O

কিন্তু	O
কিয়	O
অৰ্থ	O
সুধিছা	O
পলুদা	B-PER
?	O
বিষ্ণুৰ	B-PER
এক	O
অৱতাৰ	O
হয়গ্ৰীৱক	B-PER
ইয়াত	O
পূজা	O
-	O
অৰ্চনা	O
কৰা	O
হয়	O
।	O

দিল্লীৰ	B-LOC
ইন্দিৰা	B-FAC
গান্ধী	I-FAC
আন্তৰ্জাতিক	I-FAC
বিমানবন্দৰৰ	I-FAC
পৰা	O
শেষ	O
নিসা	O
দুই	O
বাজি	O
চল্লিছ	O
মিনিট	O
যাওঁতে	O
ইটালিয়ান	B-ORG
এয়াৰলাইনছৰ	I-ORG
বিমানেৰে	O
আমি	O
ৰোম	B-LOC
অভিমুখে	O
উৰা	O
মাৰিলোঁ	O
।	O

দুই	O
একে	O
ইংৰাজী	B-MISC
ক'ব	O
পাৰে	O
।	O

সেই	O
সময়ত	O
ৰেংথং	B-PER
ৰাভা	I-PER
আৰু	O
সূৰ্য	B-PER
ৰাভা	I-PER
নামৰ	O
দুজন	O
লোকে	O
এদিন	O
চিকাৰৰ	O
উদ্দেশ্যে	O
সেই	O
শিলবোৰৰ	O
ওপৰত	O
বিচৰণ	O
কৰি	O
আছিল	O
।	O

সি	O
হ'ল	O
কলম্বোৰ	B-LOC
গাড়ীবোৰৰ	O
নম্বৰ	O
।	O

কলম্বোৰ	B-LOC
সকলো	O
গাড়ীৰে	O
নাম্বাৰ	O
প্লেটত	O
এটা	O
মোহৰৰ	O
ছবি	O
দেখা	O
পাইছিলোঁ	O
।	O

২০১১	B-DATE
চনৰ	I-DATE
লোকপিয়ল	O
অনুসৰি	O
ইয়াৰ	O
জনসংখ্যা	O
৯৬২৩৩৪	O
জন	O
।	O

ৰজাদুৱাৰৰ	B-LOC
চন্দ্ৰভাৰতী	B-LOC
পাহাৰত	I-LOC
অৱস্থিত	O
এই	O
মন্দিৰৰ	O
চৌপাশৰ	O
নৈসৰ্গয়ো	O
পৰ্যটকক	O
অনাবিল	O
তৃপ্তি	O
দান	O
কৰে	O
।	O

ইয়াত	O
ক্ৰিকেটৰ	O
বাবে	O
যোৰহাট	B-FAC
জিমখানা	I-FAC
খেলপথাৰও	O
আছে	O
।	O

এই	O
বনাঞ্চলক	O
১৯৭২	B-DATE
চনত	I-DATE
বন্যপ্ৰাণী	O
অভয়াৰণ্যৰ	O
স্বীকৃতি	O
প্ৰদান	O
কৰা	O
হয়	O
।	O

চক্ৰশিলা	B-LOC
অভয়াৰণ্য	I-LOC
অসমৰ	B-LOC
ধুবুৰী	B-LOC
আৰু	O
কোকৰাঝাৰ	B-LOC
জিলাৰ	O
অন্তৰ্গত	O
অভয়াৰণ্য	O
।	O

১৯০৬	B-DATE
চনত	I-DATE
সেই	O
সময়ৰ	O
উপায়ুক্ত	O
এইচ	B-PER
ডব্লিউ	I-PER
জি	I-PER
ক'লে	I-PER
তেজপুৰৰ	B-LOC
বিভিন্ন	O
ঠাইত	O
আলাই	O
-	O
আথানি	O
হৈ	O
পৰি	O
থকা	O
মনোমহা	O
শিলত	O
খোদিত	O
মূৰ্তি	O
গোটাই	O
এক	O
উদ্যান	O
গঢ়াৰ	O
চেষ্টা	O
কৰিছিল	O
।	O

বিষ্ণুৰ	B-PER
বৰত	O
মুণিয়ে	O
সন্ধ্যা	B-LOC
,	O
ললিতা	B-LOC
আৰু	O
কান্তা	B-LOC
নামৰ	O
তিনিটা	O
ধাৰাৰে	O
গংগাৰ	O
নমাই	O
আনি	O
স্নান	O
কৰি	O
পাপৰ	O
পৰা	O
মুক্ত	O
হৈছিল	O
।	O

তেওঁৰ	O
নাম	O
নৱেল	B-PER
ভিলানী	I-PER
।	O

ডুবিত	B-LOC
দেৱদাসী	B-MISC
নৃত্যৰ	I-MISC
প্ৰচলন	O
কৰাবলৈ	O
কনৌজৰ	B-LOC
পৰা	O
ব্ৰাহ্মণ	O
বা	O
পূজাৰী	O
,	O
হাজোৰ	B-LOC
পৰা	O
মালাকৰ	O
আৰু	O
দেৰগাঁও	B-LOC
নেঘেৰিটিঙৰ	B-LOC
পৰা	O
গায়ন	O
-	O
বায়ন	O
আৰু	O
দেৱদাসী	O
অনা	O
হৈছিল	O
।	O

পদ্ম	B-PER
বা	O
বাদুলা	B-PER
আতাই	I-PER
টুনি	B-LOC
নৈৰ	I-LOC
পাৰত	O
কমলাবাৰীত	B-LOC
মাধৱদেৱৰ	B-PER
শিষ্য	O
হিচাপে	O
উজনিত	O
এই	O
সত্ৰখন	O
স্থাপন	O
কৰে	O
।	O

১৯৫০	B-DATE
চনৰ	I-DATE
ফেব্ৰৱাৰী	O
মাহৰ	O
কথা	O
।	O

অসমীয়া	B-MISC
বান্দৰ	O
,	O
টুপীমূৰীয়া	O
বান্দৰ	O
,	O
দল	O
-	O
হৰিণা	O
,	O
বন	O
-	O
ৰৌ	O
,	O
বাদুলি	O
,	O
মলুৱা	O
বান্দৰ	O
,	O
লাজুকী	O
বান্দৰ	O
,	O
গাহৰি	O
-	O
নেজীয়া	O
বান্দৰ	O
,	O
খটীয়া	O
পহু	O
,	O
শিয়াল	O
,	O
শৰপহু	O
,	O
সুগৰী	O
পহু	O
,	O
হলৌ	O
বান্দৰ	O
উল্লেখযোগ্য	O
।	O

শ্ৰীকৃষ্ণই	B-PER
তেতিয়া	O
সেই	O
ঠাইতে	O
ৰথ	O
ৰাখি	O
বেদনিধিৰ	B-PER
গালে	O
-	O
মুখে	O
পানী	O
ছটিয়াই	O
দিয়াত	O
তেওঁৰ	O
চেতনা	O
ঘূৰি	O
আহে	O
।	O

মানস	B-LOC
ৰাষ্ট্ৰীয়	I-LOC
উদ্যান	I-LOC
অধোক্ৰান্তীয়	O
মণ্ডলৰ	O
অন্তৰ্ভুক্ত	O
আৰু	O
ইয়াৰ	O
জলবায়ু	O
সেমেকা	O
তথা	O
ক্ৰান্তীয়	O
ধৰণৰ	O
।	O

গুৱাহাটী	B-LOC
মহানগৰীৰ	O
পাণবজাৰ	B-LOC
নামে	O
ঠাইত	O
মহাবাহু	O
ব্ৰহ্মপুত্ৰৰ	B-LOC
দক্ষিণ	O
পাৰে	O
থকা	O
শুক্ৰেশ্বৰ	B-LOC
বা	O
ইটাখুলি	B-LOC
পাহাৰত	I-LOC
মন্দিৰটো	O
অৱস্থিত	O
।	O

জমদগ্নি	B-PER
ৰাম	I-PER
,	O
অৰ্থাৎ	O
পৰশুৰামে	B-PER
পিতৃ	O
বাক্য	O
পালি	O
মাতৃ	O
ৰেণুকাক	B-PER
শিৰচ্ছেদ	O
কৰে	O
।	O

থুপ	O
কমপ্লেক্সেৰ	O
এটা	O
আকৰ্ষণীয়	O
বৈশিষ্ট্য	O
হ'ল	O
নৱম	O
-	O
দশম	O
শতাব্দীত	O
,	O
যেতিয়া	O
এই	O
অঞ্চলটো	O
হিন্দু	B-MISC
পেনথিয়ানসকলে	O
অনুসৰীসকলৰ	O
দখল	O
আছিল	O
,	O
ইউনিপিথ	O
আৰু	O
শৈল	O
শিলৰ	O
উপৰ	O
চেনেল	O
স্পাউটৰ	O
লগত	O
শিৱ	O
লিংগবোৰ	O
খোদিত	O
কৰাৰ	O
চেষ্টা	O
চলোৱা	O
হৈছিল	O
।	O

ভিয়েটনামৰ	B-LOC
পুৰুষ	O
-	O
মহিলা	O
উভয়ে	O
অত্যন্ত	O
পৰিশ্ৰমী	O
।	O

ফাকুৱা	B-LOC
দ'লৰ	I-LOC
পৰা	O
পৰা	O
অলপ	O
আঁতৰত	O
অৱস্থিত	O
হৰগৌৰী	B-LOC
দেৱালয়	I-LOC
।	O

এই	O
জয়সাগৰ	B-LOC
পুখুৰীৰ	I-LOC
পৰা	O
ৰংপুৰৰ	B-LOC
তলাতল	B-LOC
ঘৰলৈ	I-LOC
পানী	O
যোগান	O
ধৰা	O
হৈছিল	O
আৰু	O
ইয়াৰ	O
দৈঘ্য	O
২	O
কিলোমিটাৰমান	O
আছিল	O
।	O

শক্তিয়ে	B-PER
তাৰ	O
পৰিয়ালৰ	O
সকলোকে	O
অসমৰ	B-PER
বন্ধুমহলৰ	O
লগত	O
চিনাকি	O
কৰাই	O
দিছিল	O
।	O

প্ৰথম	O
বিশ্ব	O
যুদ্ধৰ	O
আগলৈকে	O
তুৰস্কৰ	B-LOC
অট'মান	B-LOC
সাম্ৰাজ্যই	O
ইষ্টানবুলৰপৰা	B-LOC
ছিৰিয়াৰ	B-LOC
লগতে	O
লেবানন	B-LOC
ফ্ৰান্সৰ	B-LOC
অধীনলৈ	O
আনিছিল	O
।	O

উমানন্দ	B-LOC
দ্বীপত	I-LOC
সিঁচৰঁতি	O
হৈ	O
থকা	O
বিভিন্ন	O
শিলত	O
ভাস্কৰ্যৰ	O
নমুনা	O
দেখিবলৈ	O
পোৱা	O
যায়	O
।	O

পাহাৰটোক	O
ঊষা	B-LOC
পাহাৰ	I-LOC
বুলিও	O
কোৱা	O
হয়	O
।	O

অৱশ্যে	O
ৰণবীৰেশ্বৰ	B-LOC
মন্দিৰ	I-LOC
আৰু	O
পীৰ	B-LOC
খো	I-LOC
গুহাটো	I-LOC
মহাশিৱৰাত্ৰি	B-MISC
উৎসৱ	O
জাকজমকীয়াকৈ	O
মহা	O
আড়ম্বৰপূৰ্ণভাৱে	O
পতা	O
হয়	O
।	O

ইয়াক	O
১৯৭৪	B-DATE
চনত	I-DATE
সংৰক্ষিত	O
বনাঞ্চল	O
আৰু	O
১৯৯৫	B-DATE
চনত	I-DATE
বন্যপ্ৰাণী	O
অভয়াৰণ্য	O
হিচাপে	O
স্বীকৃতি	O
দিয়া	O
হয়	O
।	O

পূৰ্বতে	O
ই	O
যোৰহাট	B-LOC
জিলাৰ	O
এটা	O
মহকুমা	O
আছিল	O
।	O

সপ্তদললৈ	B-LOC
অহাৰ	O
পথত	O
শ্ৰীকৃষ্ণৰ	B-PER
ৰথৰ	O
ঘোঁৰা	O
এই	O
ঠাইত	O
জিৰাইছিল	O
।	O

এক	O
প্ৰণালীবদ্ধ	O
ৰীতিৰে	O
পালে	O
পালে	O
এই	O
নাম	O
গোৱা	O
হয়	O
কাৰণে	O
ইয়াক	O
পালনাম	B-MISC
আখ্যা	O
দিয়া	O
হৈছে	O
।	O

ডুমডুমা	B-LOC
,	O
ৰূপাই	B-LOC
পাৰ	O
হৈ	O
আমি	O
উপনীত	O
হৈছিলো	O
প্ৰাকৃতিক	O
সৌন্দৰ্যই	O
আগুৰি	O
থকা	O
নামচাইত	B-LOC
।	O

ইম্ফলৰ	B-LOC
আটাইতকৈ	O
নিকটবৰ্তী	O
ৰেল	O
ষ্টেচনটো	O
হ'ল	O
ডিমাপুৰ	B-FAC
।	O

ওমানত	B-LOC
বাস	O
কৰা	O
মাৰাঠী	B-MISC
লোকসকলে	O
সাধাৰণতে	O
গণপতি	B-MISC
পূজা	I-MISC
আয়োজন	O
কৰে	O
।	O

মাজুলী	B-LOC
সত্ৰীয়া	O
পৰম্পৰাৰ	O
কেন্দ্ৰস্থল	O
।	O

ভগ্লা	B-LOC
দীৰ্ঘটন	O
নদী	O
।	O

শক্তিৰ	B-PER
পৰিবাৰে	O
আমাক	O
আথে	O
-	O
বেথে	O
বহিবলৈ	O
দিছিল	O
।	O

নিশাট	B-LOC
আৰু	O
শালিমাৰ	B-LOC
এই	O
দুয়োখন	O
বাগৰ	O
নিৰ্মাণশৈলী	O
আৰু	O
কাৰিকৰী	O
কৌশল	O
অতি	O
উন্নতমানৰ	O
।	O

ৰজা	O
জয়ধ্বজ	B-PER
সিংহই	I-PER
১৫৭৫	B-DATE
চনত	I-DATE
ভূমি	O
,	O
দেউৰী	O
-	O
ভাগতী	O
,	O
যোগনীয়া	O
সমলীয়া	O
দি	O
আউনি	O
পাণৰ	O
আটি	O
কাটি	O
গোবিন্দ	B-PER
ঠাকুৰক	I-PER
স্থাপন	O
কৰি	O
আউনী	B-LOC
আটি	I-LOC
সত্ৰ	I-LOC
পাতি	O
দিয়ে	O
।	O

ডা:	O
মঞ্জু	B-PER
নাথেও	I-PER
আমাক	O
লগ	O
ধৰিবলৈ	O
আহিল	O
।	O

ভিমাসুৰে	B-PER
আৰাধনাত	O
মগ্ন	O
প্ৰিয়ধৰ্মনক	B-PER
আক্ৰমণ	O
কৰে	O
,	O
কিন্তু	O
তেওঁৰ	O
তৰোৱালে	O
গৈ	O
প্ৰিয়ধৰ্মনে	B-PER
আৰাধনা	O
কৰা	O
শিৱলিংগত	O
আঘাত	O
হানে	O
।	O

যোৱা	O
২০০২	B-DATE
চনৰ	I-DATE
২৯	B-DATE
মাৰ্চৰ	I-DATE
পৰা	O
২৫	B-DATE
এপ্ৰিললৈ	I-DATE
২৬	O
দিন	O
আয়াৰলেণ্ডত	B-LOC
আছিলোঁ	O
।	O

যোৰহাট	B-ORG
জিমখানা	I-ORG
ক্লাবত	I-ORG
নটা	O
গাঁত	O
থকা	O
গ'ল্ফ	O
ক'ৰ্ছ	O
আছে	O
।	O

কুকুৰাকটী	B-LOC
থান	I-LOC
মঙ্গলদৈৰ	B-LOC
চোখা	B-LOC
মৌজাত	O
।	O

হাফলঙৰ	B-LOC
১২%	O
জনসংখ্যাৰ	O
বয়স	O
ছয়বছৰৰ	O
অনুৰ্ধৰ	O
।	O

কমাৰকুচিত	B-LOC
ধৰ্মপ্ৰচাৰ	O
কৰি	O
থকাৰ	O
সময়ত	O
তেঁওলোকে	O
বিল	O
এখনৰ	O
পানী	O
ব্যৱহাৰ	O
কৰি	O
আছিল	O
।	O

আনহাতে	O
কিছু	O
পণ্ডিতে	O
দ্বিতীয়	O
শতিকাৰ	O
নাগাংক	B-PER
ৰজাইহে	O
বিল্বেশ্বৰ	B-LOC
দেৱালয়	I-LOC
নিৰ্মাণ	O
কৰিছিল	O
বুলি	O
মত	O
প্ৰকাশ	O
কৰিছে	O
।	O

বিষ্ণুৰ	B-PER
নাভিমণ্ডসৰপৰা	O
ওলোৱা	O
পদ্মত	O
ব্ৰহ্মা	B-PER
বহি	O
আছে	O
আৰু	O
একাষত	O
মধু	B-PER
কৈটভ	I-PER
অসুৰ	O
আৰু	O
মহামায়া	B-PER
থিয়	O
হৈ	O
আছে	O
।	O

কিয়	O
কছাৰী	B-MISC
ছোৱালী	O
হিড়িম্বাক	B-PER
ইয়াতে	O
বিয়া	O
কৰোৱা	O
নাছিল	O
?	O
নদী	O
বন্দৰ	O
হিচাপে	O
গুৱাহাটী	B-LOC
আগৰেপৰাই	O
এক	O
গুৰুত্বপূৰ্ণ	O
প্ৰশাসনিক	O
আৰু	O
বাণিজ্যিক	O
কেন্দ্ৰৰূপে	O
বিবেচিত	O
হৈ	O
আহিছে	O
।	O

বাৰ্ড	B-ORG
লাইফ	I-ORG
ইন্টাৰনেচনেলে	I-ORG
দীপৰ	B-LOC
বিলক	I-LOC
অতি	O
গুৰুত্বপূৰ্ণ	O
চৰাই	O
সংৰক্ষিত	O
এলেকা	O
বুলি	O
চিহ্নিত	O
কৰিছে	O
।	O

ব্ৰিটিছৰ	O
শাসন	O
কালত	O
বগীবিল	B-LOC
ঘাটৰ	I-LOC
পৰা	O
ডিব্ৰুগড়	B-LOC
চহৰলৈ	O
ৰে'ল	O
চলিছিল	O
।	O

ইয়াত	O
থকা	O
ভাস্কৰ	B-PER
বৰ্মাৰ	I-PER
তাম্ৰলিপিৰ	O
পৰা	O
এই	O
দেৱালয়ৰ	O
বৈশিষ্ট্য	O
আৰু	O
প্ৰাচীনতাৰ	O
উমান	O
পোৱা	O
যায়	O
।	O

তলাতল	B-LOC
ঘৰৰ	I-LOC
পৰা	O
পশ্চিমে	O
কিছু	O
কি:মি:	O
গ'লেই	O
ৰংঘৰতো	B-LOC
অৱস্থিত	O
।	O

বাইদেউ	O
অনিমা	B-PER
গুহৰ	I-PER
তৃতীয়	B-MISC
বিশ্ববাসিনীৰ	I-MISC
আমেৰিকা	B-LOC
ভ্ৰমণত	O
এই	O
নিগ্ৰো	B-MISC
সকলৰ	O
হিংসতাৰ	O
কথা	O
মাজে	O
মাজে	O
উল্লেখ	O
আছে	O
।	O

মওলিনঙত	B-LOC
থকাৰ	O
একমাত্ৰ	O
ব্যৱস্থা	O
হৈছে	O
মওলিনঙৰ	B-FAC
গেষ্ট	I-FAC
হাউছ	I-FAC
।	O

পুনৰ	O
১৯৯৯	B-DATE
চনত	I-DATE
৩৪০	O
বৰ্গ	O
কি:মি:ৰ	O
অভয়াৰণ্যখনক	O
ৰাষ্ট্ৰীয়	O
উদ্যানলৈ	O
উন্নীত	O
কৰি	O
ডিব্ৰু	B-LOC
-	I-LOC
ছৈখোৱা	I-LOC
ৰাষ্ট্ৰীয়	I-LOC
উদ্যান	I-LOC
হিচাবে	O
চৰকাৰী	O
স্বীকৃতি	O
প্ৰদান	O
কৰা	O
হৈছিল	O
।	O

মূল	B-LOC
কমলাবাৰী	I-LOC
,	O
উত্তৰ	B-LOC
কমলাবাৰী	I-LOC
,	O
মধ্য	B-LOC
কমলাবাৰী	I-LOC
আৰু	O
নতুন	B-LOC
কমলাবাৰী	I-LOC
।	O

বিভিন	O
আসনবিশিষ্ট	O
শৃংগাৰ	O
ৰসপ্ৰধান	O
মূৰ্তিৰাজিৰ	O
বাবে	O
মদন	B-PER
কামদেৱক	I-PER
অসমৰ	B-LOC
খাজুৰাহো	O
আখ্যা	O
দিয়া	O
হৈছে	O
।	O

পুশুৰামকুণ্ড	B-LOC
দৰ্শন	O
কৰিবলৈ	O
ভাৰতৰ	B-LOC
বিভিন্ন	O
ঠাইৰ	O
পৰা	O
সাধু	O
-	O
সন্ন্যাসী	O
আহে	O
।	O

ই	O
পূব	B-LOC
ভাৰতৰ	I-LOC
প্ৰথমটো	O
বায়ুসেনাৰ	O
বিমানঘাটি	O
।	O

কলম্বোত	B-LOC
অটোৰিক্সাক	O
টুক	O
-	O
টুক	O
বুলি	O
কয়	O
।	O

বুজি	O
পালো	O
আমেৰিকাৰ	B-LOC
বজাৰখনো	O
বহুজাতিক	O
কোম্পানীৰ	O
হাতত	O
।	O

১৮৬৯	B-DATE
চনত	I-DATE
যোৰহাটক	B-LOC
শিৱসাগৰ	B-LOC
জিলাৰ	O
অন্তৰ্গত	O
এটা	O
মহকুমা	O
হিচাপে	O
স্বীকৃতি	O
দিয়া	O
হয়	O
আৰু	O
১৯১১	B-DATE
চনত	I-DATE
যোৰহাটক	B-LOC
শিৱসাগৰ	B-LOC
জিলাৰ	O
সদৰ	O
ঠাই	O
বুলি	O
ঘোষণা	O
কৰা	O
হয়	O
।	O

ওপৰত	O
কোৱা	O
হৈছে	O
যে	O
চতুৰ্থ	B-ORG
অসম	I-ORG
আৰক্ষী	I-ORG
বাহিনীয়ে	I-ORG
মন্দিৰটো	O
পোন	O
-	O
প্ৰথমে	O
স্থাপন	O
কৰি	O
দিছিল	O
;	O
কিন্তু	O
তথাপিও	O
বৰ্তমান	O
গাওঁখনৰ	O
ৰাইজেই	O
ইয়াৰ	O
সমস্ত	O
পৰিচালনা	O
কৰে	O
।	O

বিশ্বৰ	O
দৰ্শনীয়	O
দেশবোৰৰ	O
তালিকাৰ	O
তৃতীয়	O
স্থানত	O
থকা	O
স্পেইনৰ	B-LOC
আটাইতকৈ	O
আকৰ্ষণীয়	O
ঠাই	O
কেইখনমানৰ	O
বিষয়ে	O
দিয়া	O
হৈছে	O
সাধাৰণ	O
চিনাকি	O
।	O

এওঁলোকৰ	O
দিনতে	O
১৯৩৫	B-DATE
খ্ৰীষ্টাব্দত	I-DATE
বৰ্তমান	O
বাংলাদেশৰ	B-LOC
আৰু	O
তেতিয়াৰ	O
পূৰ্ববংগৰ	B-LOC
পৰা	O
ৰাজমিস্ত্ৰী	O
আনি	O
চাৰিকোণীয়া	O
বিশিষ্ট	O
পকী	O
মন্দিৰ	O
নিৰ্মাণ	O
কৰা	O
হয়	O
।	O

সুন্দৰীদিয়ালৈ	B-LOC
আহি	O
মাধবদৱেে	B-PER
পোনতে	O
বৈনায়েক	O
ৰামদাসৰ	B-PER
ঘৰত	O
থাকিবলৈ	O
লয়	O
যদিও	O
পিছত	O
খীৰা	B-PER
মৰল	I-PER
নামৰে	O
ব্যক্তিৰ	O
পুত্ৰ	O
মাধব	B-PER
মৰলে	I-PER
দান	O
কৰা	O
মাটিত	O
গৃহ	O
সাজি	O
থাকিবলৈ	O
লয়	O
।	O

মাজুলীৰ	B-LOC
জলবায়ু	O
বলিলে	O
মৌচুমী	O
জলবায়ু	O
বুলিয়ে	O
কোৱা	O
যায়	O
।	O

অৱশ্যে	O
পাছলৈ	O
এই	O
উদ্যানখন	O
মহাৰাজ	O
ৰণজিৎ	B-PER
সিং	I-PER
আৰু	O
হৰি	B-PER
সিঙেও	I-PER
যথেষ্ট	O
উন্নীতকৰণ	O
কৰিছিল	O
।	O

হঠাত	O
পেটটো	B-PER
পকাই	O
উঠিল	O
।	O

ইয়াত	O
দুটা	O
আহোম	B-MISC
যুগৰ	O
শিলালিপি	O
উদ্ধাৰ	O
হৈছে	O
আৰু	O
বৰ্তমান	O
যাদুঘৰত	O
সংৰক্ষণৰ	O
বাবে	O
ৰখা	O
হৈছে	O
।	O

ই	O
বৃহত্তৰ	O
দিহিং	B-LOC
পাটকাই	I-LOC
বৰ্ষাৰণ্যৰ	I-LOC
এক	O
অংশ	O
।	O

উদ্যানখনে	O
সাঙুৰি	O
লোৱা	O
এলেকাৰ	O
ভিতৰত	O
৫০৮.৬২	O
বৰ্গ	O
কিলোমিটাৰৰ	O
ৰিপু	B-LOC
সংৰক্ষিত	I-LOC
বনাঞ্চলৰ	I-LOC
উত্তৰাংশ	O
অন্তৰ্ভুক্ত	O
হৈছে	O
।	O

এনেতে	O
টিটিই	O
জনে	O
আমাৰ	O
আসনৰ	O
ওপৰত	O
লগাই	O
থোৱা	O
ষ্টিকাৰটো	O
বাল্টিমোৰ	B-LOC
।	O

সুবৰ্ণভূমি	B-FAC
বিমানবন্দৰ	I-FAC
যাক	O
(	O
নিউ	B-FAC
বেংকক	I-FAC
ইণ্টাৰনেচনেল	I-FAC
এয়াৰপ'ৰ্ট	I-FAC
,	O
এন	B-FAC
বি	I-FAC
আই	I-FAC
এ)	I-FAC
বুলি	O
জনা	O
যায়	O
।	O

মহামায়া	B-LOC
ধামৰ	I-LOC
নিকটৱৰ্তী	O
বিমানবন্দৰ	O
বন্দৰ	O
হৈছে	O
৩৪	O
কি:মি:	O
দূৰত্বত	O
অৱস্থিত	O
ৰূপসী	B-FAC
বিমানবন্দৰ	I-FAC
।	O

শিৱসাগৰ	B-LOC
অসমৰ	B-LOC
শিৱসাগৰ	B-LOC
জিলাৰ	O
এখন	O
গুৰুত্বপূৰ্ণ	O
নগৰ	O
আৰু	O
জিলা	O
সদৰ	O
।	O

যোৰহাটৰ	B-LOC
বিধায়ক	O
ৰাণা	B-PER
গোস্বামীয়ে	I-PER
কয়	O
যে	O
,	O
এই	O
বিজ্ঞান	O
কেন্দ্ৰ	O
আৰু	O
তাৰকা	O
গৃহই	O
বিজ্ঞান	O
আৰু	O
প্ৰযুক্তিবিদ্যাৰ	O
ক্ষেত্ৰত	O
এক	O
নতুন	O
মাত্ৰা	O
প্ৰদান	O
কৰাৰ	O
লগতে	O
সমগ্ৰ	O
উজনি	O
অসমৰ	B-LOC
ছা্ত্ৰ	O
-	O
ছাত্ৰীৰ	O
মাজত	O
বিজ্ঞান	O
শিক্ষা	O
জনপ্ৰিয়কৰণত	O
সহায়	O
কৰিব	O
।	O

মন্দিৰৰ	O
শেষৰ	O
অংশ	O
আহোম	B-MISC
স্বৰ্গদেউ	O
ৰাজেশ্বৰ	B-PER
সিংহৰ	I-PER
দিনত	O
সংযোজন	O
কৰা	O
হয়	O
।	O

গুৱাহাটীৰ	B-LOC
পৰা	O
ইয়ালৈ	O
৩৯	B-LOC
নং	I-LOC
ৰাষ্ট্ৰীয়	I-LOC
ঘাইপথেদি	I-LOC
ইয়ালৈ	O
অহা	O
-	O
যোৱা	O
কৰাৰ	O
সু	O
-	O
ব্যৱস্থা	O
আছে	O
।	O

বুৰঞ্জীবিদ	O
সদানন্দ	B-PER
চলিহাই	I-PER
এই	O
শৈল	O
-	O
তোৰণখন	O
গুপ্তযুগত	O
নিৰ্মিত	O
দেওগড়	B-LOC
মন্দিৰৰ	I-LOC
প্ৰৱেশদ্বাৰৰ	O
লগত	O
সাদৃশ্য	O
আছে	O
বুলি	O
উল্লেখ	O
কৰিছে	O
।	O

নিশাট	B-LOC
বাগৰ	I-LOC
পৰা	O
অতি	O
সুন্দৰভাৱে	O
দেখা	O
পোৱা	O
যায়	O
এই	O
দৰগাহ	B-LOC
শ্বৰীফ	I-LOC
।	O

মহাভাৰত	B-MISC
আৰু	O
ৰামায়ন	B-MISC
অধ্যয়ন	O
কৰিলে	O
এই	O
সম্বন্ধে	O
জানিব	O
পাৰি	O
।	O

তেওঁ	O
কাশীৰ	B-LOC
পৰা	O
আহি	O
নিজ	O
ৰাজ্যৰ	O
ভিতৰত	O
দ্বিতীয়	O
এখন	O
কাশীধাম	B-LOC
স্থাপন	O
কৰাৰ	O
মনস্থ	O
কৰি	O
এতিয়াৰ	O
লুহিতৰ	B-LOC
পাৰত	O
বিশ্বনাথ	B-LOC
ঘাটত	I-LOC
নিৰ্মাণ	O
কাৰ্য	O
আৰম্ভ	O
কৰিছিল	O
।	O

তাৰ	O
পাছতহে	O
এজন	O
লোকে	O
ছিংগাপুৰত	B-LOC
প্ৰৱেশ	O
কৰিব	O
পাৰে	O
।	O

খিৰিকিৰ	O
কাষত	O
বহি	O
পেৰুৰ	B-LOC
এণ্ডিজ	B-LOC
পৰ্বতমালাৰ	I-LOC
শোভা	O
চাই	O
আহিবলৈ	O
ধৰিলো	O
।	O

তাৰে	O
ভিতৰত	O
উল্লেখযোগ্য	O
মন্দিৰ	O
হৈছে	O
হাতীমূৰা	B-LOC
মন্দিৰ	I-LOC
।	O

অ'	O
ৰুকেয়া	B-PER
ৰুকেয়া	B-PER
মোৰ	O
মনত	O
পৰিল	O
।	O

তিনিচুকীয়া	B-LOC
চহৰৰপৰা	O
নিয়মিত	O
বাছ	O
সেৱা	O
,	O
টেক্সী	O
আৰু	O
অট'ৰিক্সাৰ	O
ব্যৱস্থা	O
আছে	O
।	O

পৰুৱা	B-LOC
-	I-LOC
মহাভৈৰৱ	I-LOC
পথৰ	O
দাঁতিত	O
সৰু	O
টিলা	O
এটিৰ	O
ওপৰত	O
মহাভৈৰৱ	B-LOC
মন্দিৰ	I-LOC
অৱস্থিত	O
।	O

ভাৰতীয়	B-ORG
পুৰাতত্ত্ব	I-ORG
সৰ্বেক্ষণ	I-ORG
আৰু	O
অসম	B-ORG
চৰকাৰে	I-ORG
ইয়াৰ	O
মেৰামতিৰ	O
কাম	O
হাতত	O
লৈছে	O
যদিও	O
সম্পূৰ্ণ	O
হোৱা	O
নাই	O
।	O

আহোম	B-MISC
শাসনৰ	O
প্ৰশাসনীয়	O
কেন্দ্ৰ	O
আছিল	O
ৰংপুৰ	B-LOC
নগৰ	O
।	O

যোৰহাট	B-FAC
বিমান	I-FAC
বন্দৰক	I-FAC
ৰৰৈয়া	B-FAC
বিমানবন্দৰ	I-FAC
বুলিও	O
কোৱা	O
হয়	O
।	O

ই	O
গোলাঘাট	B-LOC
চহৰৰ	O
পৰা	O
প্ৰায়	O
২৫	O
কি:মি:	O
দূৰত্বত	O
অৱস্থিত	O
।	O

এইজনা	O
কৰ্মবীৰ	O
দানী	O
ব্যক্তিয়	O
মৃত্যুক	O
সাৱটি	O
লয়	O
১৮৭৩	B-DATE
চনৰ	I-DATE
ডিচেম্বৰ	O
মাহৰ	O
২৪	B-DATE
তাৰিখে	I-DATE
।	O

বৰ্তমান	O
এই	O
তীৰ্থস্থানখন	O
বলাহী	B-LOC
চামপৰা	I-LOC
আৰু	O
সৌপাৰাৰ	B-LOC
মাজৰ	O
সোৱণশিৰি	B-LOC
নামৰ	O
ঠাইত	O
অৱস্থিত	O
।	O

এই	O
ভৱনটো	O
যোৰহাট	B-LOC
জিলাত	O
অৱস্থিত	O
।	O

সৰু	O
সৰু	O
ধুনীয়া	O
ঘৰ	O
,	O
পৰিষ্কাৰ	O
বাট	O
-	O
পথ	O
,	O
প্ৰতিটো	O
ঘৰৰ	O
সন্মুখত	O
জকমকীয়া	O
ফুলৰ	O
বাহাৰ	O
আৰু	O
অনুপম	O
নৈসৰ্গিক	O
শোভাই	O
মওলিনংক	B-LOC
কৰি	O
তুলিছে	O
ভূস্বৰ্গ	O
স্বৰূপ	O
।	O

তালৈ	O
যোৱাৰ	O
পৰা	O
থমাচে	B-PER
যেন	O
জীৱনৰ	O
মাহাত্ম্য	O
সেই	O
কথা	O
বুজি	O
পোৱা	O
হ'ল	O
।	O

তেজপুৰ	B-LOC
চহৰৰ	O
উত্তৰ	O
দিশত	O
এটা	O
সৰু	O
টিলাৰ	O
ওপৰত	O
মহাভৈৰৱ	B-LOC
মন্দিৰ	I-LOC
অৱস্থিত	O
।	O

সেয়ে	O
কালক্ৰমত	O
এই	O
স্থান	O
তেজপুৰ	B-LOC
বা	O
শোণিতপুৰ	B-LOC
বুলি	O
পৰিচিত	O
হৈ	O
পৰে	O
।	O

গাওঁখনৰ	O
যুবসংঘ	B-ORG
আৰু	O
মহিলা	B-ORG
সমিতিয়ে	I-ORG
মন্দিৰৰ	O
বাবে	O
বৰ্তমান	O
ডাঙৰকৈ	O
গণেশৰ	B-PER
মূৰ্তি	O
,	O
শিৱৰ	B-PER
মূৰ্তি	O
,	O
হনুমানৰ	B-PER
মূৰ্তি	O
আদি	O
বহুতো	O
মূৰ্তি	O
তৈয়াৰ	O
কৰি	O
আৰু	O
লগতে	O
কুঁৱা	O
,	O
অন্যান্য	O
বস্তু	O
আদি	O
বান্ধি	O
দিছে	O
।	O

অভয়াৰণ্যখনত	O
থকা	O
আন	O
স্তন্যপায়ী	O
বন্যপ্ৰাণীবোৰ	O
হ'ল	O
-	O
বনৰীয়া	O
মেকুৰী	O
,	O
কেৰ্কেটুৱা	O
,	O
সুগৰী	O
পহু	O
,	O
বনৰীয়া	O
গাহৰি	O
,	O
অসমীয়া	B-MISC
বান্দৰ	O
,	O
মলুৱা	O
বান্দৰ	O
,	O
হলৌ	O
বান্দৰ	O
,	O
বনৰৌ	O
,	O
লাজুকী	O
বান্দৰ	O
,	O
মলুৱা	O
বান্দৰ	O
,	O
বাদুলী	O
,	O
টুপীমূৰীয়া	O
বান্দৰ	O
,	O
বনৰীয়া	O
গাহৰি	O
,	O
বনগৰু	O
বা	O
মেঠোন	O
,	O
বনৰীয়া	O
শহাপহু	O
,	O
সুগৰী	O
পহু	O
,	O
কেৰ্কেটুৱা	O
,	O
হেপা	O
ইত্যাদি	O
।	O

ভিয়েটনামৰ	B-LOC
সফলতাৰ	O
আঁৰত	O
বহু	O
দিশ	O
আমাৰ	O
ৰাজ্য	O
অসমৰ	B-LOC
বাবেও	O
অনুকৰণীয়	O
।	O

আজিৰ	O
তাৰিখত	O
অন্ধ্ৰপ্ৰদেশৰ	B-LOC
তেলেগু	B-ORG
দেসম	I-ORG
পাৰ্টিয়ে	I-ORG
অস্তিত্ব	O
ৰক্ষাৰ	O
প্ৰচণ্ড	O
যুঁজত	O
অৱতীৰ্ণ	O
হৈ	O
ৰৈছে	O
।	O

ইয়াৰ	O
ভিতৰত	O
কুডঘাট	B-FAC
বাছ	I-FAC
আস্থানৰ	I-FAC
পৰা	O
পুৱা	O
ছয়	O
আৰু	O
আঠ	O
বজাত	O
দুখন	O
বাছ	O
দিঘালৈ	B-LOC
যাত্ৰা	O
আৰম্ভ	O
কৰে	O
প্ৰতিদিনে	O
।	O

কলি	B-LOC
আইৰ	I-LOC
থানৰ	I-LOC
পৰা	O
বগীবিল	B-LOC
দলং	O
নিচেই	O
কাষত	O
অৱস্থিত	O
।	O

যোৰহাটৰ	B-LOC
পৰা	O
নিমাতীঘাটলৈ	I-LOC
বাছ	O
বা	O
টেক্সীৰে	O
আৰু	O
তাৰ	O
পৰা	O
মাজুলীলৈ	B-LOC
ফেৰীৰে	O
যাত্ৰা	O
কৰিব	O
লাগে	O
।	O

নামচাঙৰ	B-MISC
অন্তেষপুৰত	I-MISC
অৰণ্য	O
ভ্ৰমণৰ	O
সোৱাদ	O
যিদৰে	O
বৰ্ণনা	O
কৰিছে	O
ঠিক	O
তেনেদৰে	O
অৰণ্য	O
সংৰক্ষণৰ	O
ক্ষেত্ৰত	O
দেখা	O
দিয়া	O
প্ৰতিবন্ধকতাসমূহ	O
বাস্তৱ	O
ছবিও	O
দাঙি	O
ধৰিছে	O
।	O

স্বৰ্গদেউ	O
ৰুদ্ৰ	B-PER
সিংহই	I-PER
১৬৯৯	B-DATE
খ্ৰীষ্টাব্দত	I-DATE
নিৰ্মাণ	O
কৰা	O
শিৱ	B-LOC
দৌল	I-LOC
আৰু	O
দেৱী	B-LOC
দৌল	I-LOC
ক্ৰমে	O
জয়সাগৰ	B-LOC
পুখুৰীৰ	I-LOC
উত্তৰ	O
আৰু	O
পশ্চিম	O
পাৰত	O
অৱস্থিত	O
।	O

গুৱাহাটী	B-ORG
মহানগৰ	I-ORG
উন্নয়ন	I-ORG
প্ৰাধিকৰণ	I-ORG
নামৰ	O
ৰাজ্যিক	O
সংস্থা	O
বৃহত্তৰ	O
গুৱাহাটী	B-LOC
মহানগৰ	O
অঞ্চলৰ	O
পৰিকল্পনা	O
আৰু	O
বিকাশৰ	O
দায়িত্বত	O
আছে	O
।	O

উমা	B-PER
পাৰ্বতীৰ	B-PER
আন	O
এটি	O
নাম	O
।	O

গ্ৰামাঞ্চলৰ	O
ভিয়েটনামী	B-MISC
মহিলা	O
আৰু	O
প্ৰৌঢ়সকলে	O
খেতিপথাৰ	O
আৰু	O
ঘৰুৱা	O
কামকাজৰ	O
তদাৰত	O
কৰে	O
আৰু	O
ডেকা	O
গাভৰুসকল	O
দেশখনত	O
স্থাপিত	O
বহুজাতিক	O
কোম্পানি	O
বা	O
আন	O
আন	O
কামৰ	O
সন্ধানত	O
নগৰলৈ	O
ঢাপলি	O
মেলে	O
।	O

সময়ৰ	O
লগে	O
লগে	O
চিৰিয়াখানালৈ	O
ন	O
-	O
ন	O
জন্তু	O
অনা	O
হয়	O
,	O
যেনে	O
-	O
আফ্ৰিকাৰ	B-LOC
পৰা	O
চিম্পাঞ্জী	O
,	O
বগা	O
গঁড়	O
,	O
ক'লা	O
গঁড়	O
,	O
জেব্ৰা	O
,	O
অষ্ট্ৰিছ	O
,	O
আৰু	O
জিৰাফ	O
;	O
দক্ষিণ	B-LOC
আমেৰিকাৰ	I-LOC
পৰা	O
পুমা	O
,	O
জাগুৱাৰ	O
আৰু	O
লামা	O
আৰু	O
অষ্ট্ৰেলিয়াৰ	B-LOC
পৰা	O
কেংগেৰু	O
।	O

নামবৰ	B-LOC
বন্যপ্ৰাণী	I-LOC
অভয়াৰণ্যত	I-LOC
বিভিন্ন	O
প্ৰজাতিৰ	O
জীৱজন্তু	O
আৰু	O
গছ	O
-	O
গছনি	O
আছে	O
।	O

দাঁতিকাষৰীয়া	O
বিমান	O
বন্দৰ	O
হ'ল	O
মোহনবাৰী	B-FAC
(	O
ডিব্ৰুগড়	B-LOC
)	O
।	O

আমেৰিকাত	B-LOC
থকাৰ	O
দৰে	O
শাৰীৰীকভাৱে	O
অক্ষম	O
শিশুসকলৰ	O
বাবে	O
হুইল	O
চেয়াৰ	O
ট্ৰেইনিং	O
ক'ৰ্ছ	O
থাকে	O
।	O

পালবংশীয়	B-MISC
ভাষাৰ	I-MISC
উপস্থাপনৰেও	O
শিৱ	B-PER
বুঢ়া	B-PER
গোঁসাই	I-PER
নামেৰে	O
পৰিচিত	O
।	O

ইতিহাসে	O
দাবী	O
কৰা	O
মতে	O
,	O
দীপৰ	B-LOC
বিল	I-LOC
পৌৰাণিক	O
কামপীঠৰ	B-LOC
অন্তৰ্গত	O
আছিল	O
আৰু	O
মেঘালয়	B-LOC
ৰাজ্যৰ	O
শাসনকৰ্তা	O
ইয়াত	O
শাসন	O
কৰিছিল	O
বুলি	O
জনা	O
যায়	O
।	O

মাধবদেৱ	B-LOC
পুথিভঁৰাল	I-LOC
প্ৰতিষ্ঠাৰ	O
বছৰতে	O
পদ্মনাথ	B-PER
বৰুৱাৰ	I-PER
উদ্যোগত	O
হাতে	O
লিখা	O
আলোচনী	O
সাধক	O
প্ৰকাশ	O
কৰা	O
হৈছিল	O
।	O

মিলান	B-ORG
পাবলৈ	O
সময়	O
লাগিছিল	O
এঘণ্টা	O
পোন্ধৰ	O
মিনিট	O
।	O

ভাৰতৰ	B-LOC
ভিতৰত	O
এই	O
অভয়াৰণ্যত	O
সৰ্বাধিক	O
সোণালী	O
বান্দৰৰ	O
বিচৰণভূমি	O
।	O

বৰদোৱা	B-LOC
সত্ৰত	I-LOC
শংকৰদেৱৰ	B-PER
পদশিলা	O
বা	O
ভৰিৰ	O
পটাৰ	O
চিহ্ন	O
আছে	O
।	O

ভাৰতত	B-LOC
পোৱা	O
১৪	O
বিধ	O
বান্দৰজাতীয়	O
প্ৰজাতিৰ	O
৯	O
বিধ	O
কাজিৰঙাত	B-LOC
পোৱা	O
যায়	O
।	O

ইয়াৰ	O
বাবে	O
ৰূপসিং	B-PER
বঙালক	I-PER
পুৰস্কাৰ	O
হিচাপে	O
টকা	O
দিয়া	O
হৈছিল	O
।	O

এই	O
ডেমেৰা	B-LOC
অঞ্চলত	O
ৰাজত্ব	O
কৰা	O
বৰাহু	B-PER
বিষ্ণুৰ	B-PER
সেৱক	O
মহামানিক্য	B-PER
বা	O
মহামানিফা	B-PER
ৰজাই	O
উত্তৰ	B-LOC
-	I-LOC
পূব	I-LOC
ভাৰতৰ	I-LOC
সংযোগী	O
থলুৱা	O
অসমীয়া	B-MISC
ভাষাত	O
বাল্মিকীৰ	B-PER
সংস্কৃত	O
ৰামায়ণ	B-MISC
খন	O
মাধৱ	B-PER
কন্দলীৰ	I-PER
দ্বাৰা	O
অনুবাদ	O
কৰাইছিল	O
।	O

ডিচেম্বৰ	O
২০০৭	B-DATE
চনত	I-DATE
পেৰুৰ	B-LOC
উচ্চতম	O
আদালতে	O
ফিডিমেৰিক	B-PER
ছ	O
বছৰৰ	O
কাৰাদণ্ড	O
আৰু	O
১৩০০০০০	O
(	O
তেৰ	O
লাখ	O
)	O
ছ'ল	O
জৰিমনা	O
বিহে	O
-	O
হত্যা	O
,	O
মানৱাধিকাৰ	O
ভঙ্গ	O
আৰু	O
ভেটি	O
লোৱাৰ	O
অপৰাধত	O
।	O

কিন্তু	O
পইচা	O
-	O
পাতি	O
লোৱা	O
ছোৱালীজনীয়	O
ইংৰাজী	B-MISC
একেবাৰে	O
নাজানে	O
।	O

বিষ্ণুৰ	B-PER
প্ৰতিমূৰ্তিটোৰ	O
উৰিষ্যাৰ	B-LOC
পুৰীৰ	B-LOC
জগন্নাথৰ	B-PER
মূৰ্তিৰ	O
লগত	O
মিল	O
আছে	O
।	O

১৯৭৮	B-DATE
চনত	I-DATE
এই	O
মন্দিৰটো	O
অসম	B-ORG
চৰকাৰৰ	I-ORG
অধীনলৈ	O
যায়	O
।	O

ইয়াৰ	O
প্ৰথম	O
মহলৰ	O
ওপৰ	O
ভাগ	O
উন্মুক্ত	O
আৰু	O
কোঠালীবোৰ	O
অসমীয়া	B-MISC
গৃহবিন্যাস	O
আৰ্হিৰে	O
সজোৱা	O
।	O

এই	O
ৰূপক	O
উগ্ৰতাৰা	B-PER
বা	O
এক	O
জঁটা	O
বোলে	O
।	O

যোৱা	O
ডেৰ	O
বছৰ	O
ধৰি	O
সাতসৰী	B-MISC
আলোচনীৰ	I-MISC
জৰিয়তে	O
পাঠক	O
ৰাইজে	O
অৰণ্য	O
ভ্ৰমণৰ	O
যে	O
এক	O
সুকীয়া	O
মাদকতা	O
আছে	O
সেইটো	O
বুজি	O
পাইছে	O
।	O

ডিব্ৰুগড়	B-LOC
চহৰৰ	O
পৰা	O
৩৭কি:মি:	O
আঁতৰত	O
অৱস্থিত	O
এখন	O
অনুপম	O
গাঁওৰ	O
নাম	O
হ'ল	O
নামফাকে	B-LOC
।	O

লণ্ডন	B-LOC
আই	I-LOC
চালো	O
।	O

এই	O
থানবোৰৰ	O
ভিতৰত	O
পঞ্চৰত্ন	B-LOC
পাগলাটো	O
,	O
লক্ষীগঞ্জ	B-LOC
,	O
গোপী	B-LOC
গাঁও	I-LOC
,	O
কোকৰোঝাৰ	B-LOC
আৰু	O
বঙাইগাঁওৰ	B-LOC
পাগলা	O
থান	O
প্ৰধান	O
।	O

কৃষ্ণৰ	B-PER
হাতত	O
বাণ	B-PER
যুদ্ধত	O
পৰাজিত	O
হৈ	O
সুস্থ	O
হোৱাত	O
কৃষ্ণৰ	B-PER
প্ৰতি	O
বাণৰ	B-PER
ভক্তি	O
উপজিছিল	O
আৰু	O
হৰি	O
-	O
হৰ	B-PER
অভিন্ন	O
বুলি	O
জ্ঞান	O
হৈছিল	O
।	O

মাজুলিত	B-LOC
আউনিআতি	B-LOC
সত্ৰ	I-LOC
অৱস্থিত	O
।	O

লগেলগে	O
ভগৱান	O
শিৱৰ	B-PER
ভিমাশঙ্কৰ	B-PER
ৰূপৰ	O
আৱিৰ্ভাব	O
ঘটে	O
আৰু	O
তেওঁ	O
ভিমাসুৰক	B-PER
বধ	O
কৰে	O
।	O

টেক্সীৰে	O
হোটেল	B-FAC
টেমলো	I-FAC
পালো	O
।	O

ইয়াত	O
আহোম	B-MISC
ড্ৰেগন	B-PER
ঙি	I-PER
ঙাও	I-PER
খামৰ	I-PER
ভাস্কৰ্য	O
দেখা	O
যায়	O
।	O

গীতিমণি	B-PER
,	O
ঘৰৰ	O
পৰা	O
ওলাই	O
অহাৰ	O
মোৰ	O
কেইবাদিনো	O
হ'ল	O
।	O

দ'লৰ	O
ওচৰত	O
লেহুবৰ	B-PER
ঠাকুৰৰ	I-PER
সন্ততি	O
এতিয়া	O
কেইবাঘৰো	O
আছে	O
।	O

এই	O
ৰাষ্ট্ৰীয়	O
উদ্যানখন	O
কোকৰাঝাৰ	B-LOC
জিলাৰ	O
গোসাঁইগাঁও	B-LOC
মহকুমাৰ	O
কচুগাঁও	B-ORG
বন	I-ORG
সংমণ্ডলৰ	I-ORG
অন্তৰ্গত	O
।	O

অম্বুবাচীৰ	B-MISC
প্ৰবৃত্তিৰ	O
লগে	O
লগে	O
কামাখ্যা	B-LOC
ধামৰ	I-LOC
দুৱাৰ	O
বন্ধ	O
ৰখা	O
হয়	O
।	O

ডিব্ৰুগড়ৰ	B-LOC
জগন্নাথ	B-LOC
মন্দিৰ	I-LOC
পুৰীত	B-LOC
অৱস্থিত	O
জগন্নাথ	B-LOC
মন্দিৰৰ	I-LOC
আৰ্হি	O
হিচাপে	O
লৈ	O
নিৰ্মাণ	O
কৰা	O
হৈছে	O
।	O

ব্যক্তিগত	O
আৰু	O
অসম	B-ORG
ৰাজ্যিক	I-ORG
পৰিবহণ	I-ORG
নিগমৰ	I-ORG
চিটী	O
বাছৰ	O
উপৰিও	O
ৰাজ্যিক	B-ORG
পৰিবহণ	I-ORG
নিগমৰ	I-ORG
শীত	O
-	O
তাপ	O
নিয়ন্ত্ৰিত	O
চিটী	O
বাছো	O
উপলব্ধ	O
।	O

মাধবদেৱৰ	B-PER
দিনৰ	O
পৰাই	O
দুজনা	O
গুৰু	O
আৰু	O
আন	O
আন	O
আতা	O
-	O
আতৈসৱৰ	O
ৰচিত	O
বহু	O
আপুৰুগীয়া	O
সাঁচিপাতত	O
লিখা	O
পুথি	O
সত্ৰত	O
সংৰক্ষিত	O
হৈ	O
আছে	O
।	O

শীত	O
কালত	O
দীপৰ	B-LOC
বিলৰ	I-LOC
পৰিসৰ	O
কমি	O
যোৱাৰ	O
ফলত	O
স্থানীয়	O
বাসিন্দা	O
সকলে	O
বিলৰ	O
পলসুৱা	O
মাটিত	O
খেতি	O
কৰে	O
।	O

প্ৰথম	O
দৃষ্টিত	O
কুচকোক	B-LOC
পুৰণি	O
অভিজাতৰ	O
চহৰ	O
বুজিব	O
পাৰি	O
।	O

সেই	O
দেৱদাসীক	O
শিৱই	B-PER
অভিশাপ	O
দিছিল	O
যে	O
তেওঁ	O
মৰ্ত্যত	O
আহি	O
কেতেকী	O
ফুল	O
হৈ	O
ফুলি	O
থাকি	O
দহি	O
দহি	O
আনক	O
সুগন্ধি	O
বিলাই	O
থাকিব	O
।	O

পোৱামক্কাত	B-LOC
জেঠ	O
মাহৰ	O
শুক্লা	O
পূৰ্ণিমাত	O
হিন্দু	B-MISC
ভক্তৰো	O
সমাগম	O
হয়	O
।	O

এইটো	O
সত্য	O
যে	O
মহাৰাজ	O
জম্বুলোচনে	B-PER
প্ৰথমতে	O
জন্মু	B-LOC
নগৰখন	O
সজাইছিল	O
খ্ৰীষ্টপূৰ্ব	O
১৪	O
শতিকাত	O
তাৱি	B-LOC
নদীৰ	I-LOC
পাৰত	O
আৰু	O
বৰ্তমানৰ	O
জন্মু	B-LOC
চহৰখন	O
তাৰেই	O
পৰিৱৰ্ধিত	O
ৰূপ	O
।	O

গুৱাহাটীৰ	B-LOC
সামগ্ৰিক	O
বিকাশৰ	O
বাবে	O
শেহতীয়াকৈ	O
ৰাজ্য	O
চৰকাৰে	O
গুৱাহাটী	B-ORG
উন্নয়ন	I-ORG
বিভাগ	I-ORG
স্থাপন	O
কৰিছে	O
।	O

স্বৰ্গদেউ	O
গৌৰীনাথ	B-PER
সিংহ	I-PER
গুৱাহাটীলৈ	B-LOC
পলাই	O
যায়	O
আৰু	O
পূৰ্ণানন্দ	B-PER
বুঢ়াগোহাঁইয়ে	I-PER
আন	O
কেইজনমান	O
বিষয়াৰ	O
সৈতে	O
ৰাজধানীতে	O
থাকে	O
।	O

স্বৰ্গদেউ	O
গৌৰীনাথ	B-PER
সিংহৰ	I-PER
দিনত	O
মোৱামৰীয়া	B-MISC
বিদ্ৰোহীসকলে	O
অন্ধ	O
চাৰিং	B-PER
ৰজাৰ	O
পুত্ৰক	O
জয়সাগৰৰ	B-LOC
পশ্চিম	O
পাৰত	O
সমাধিস্থ	O
কৰিছিল	O
।	O

পৰিহৰেশ্বৰ	B-LOC
দেৱালয়ত	I-LOC
দেৱদাসী	B-MISC
নৃত্য	I-MISC
অনুষ্ঠিত	O
কৰা	O
হয়	O
।	O

আটলাণ্টিক	B-LOC
সাগৰৰ	I-LOC
পাৰত	O
থিয়	O
হৈ	O
মই	O
যেন	O
আপোন	O
পাহৰা	O
হ'লোঁ	O
।	O

বহু	O
দিনেই	O
হ'ল	O
আয়াৰলেণ্ডলৈ	B-LOC
আমি	O
যোৱাৰ	O
;	O
কিন্তু	O
স্মৃতি	O
আজিও	O
সজীৱ	O
,	O
যেন	O
এতিয়াও	O
আয়াৰলেণ্ডে	B-LOC
আমাক	O
হাত	O
বাউলি	O
মাতিছে	O
।	O

অৱশ্যে	O
কিবা	O
কাৰণত	O
মাজতে	O
এই	O
মন্দিৰৰ	O
অস্তিত্ব	O
বিলুপ্ত	O
হৈছিল	O
আৰু	O
ওঠৰশ	O
শতিকাৰ	O
তৃতীয়	O
দশকৰ	O
আৰম্ভণিতে	O
ধৰ্মবৰ	B-PER
নামৰ	O
ব্ৰাহ্মণ	O
এজনে	O
কপিলী	O
গাই	O
এজনীয়ে	O
বিৰিণা	O
এজোপাৰ	O
ওপৰত	O
গাখীৰ	O
দান	O
কৰাৰ	O
পম	O
খেদি	O
দেৱালয়ৰ	O
বিগ্ৰহটো	O
আৱিষকাৰ	O
কৰে	O
।	O

সেয়ে	O
ভক্তসকলে	O
পামহীৰ	B-LOC
এই	O
ধামকে	O
দ্বাদশ	O
জ্যোতিলিংগ	O
ৰূপে	O
বিশ্বাস	O
কৰে	O
।	O

ভাৰতত	B-LOC
পোৱা	O
একমাত্ৰ	O
এপ	O
হলৌ	O
বান্দৰৰ	O
নামেৰে	O
এই	O
নাম	O
দিয়া	O
হৈছিল	O
।	O

‌লিখিত	O
আছে	O
যে	O
স্বৰ্গদেউ	O
চাও	B-PER
-	I-PER
লুং	I-PER
-	I-PER
চ্যুকাফাই	I-PER
পাটকাই	B-LOC
পাহাৰ	I-LOC
বগাই	O
চৰাইদেউত	B-LOC
বাহৰ	O
পাতিছিল	O
।	O

জগন্নাথ	B-LOC
মন্দিৰ	I-LOC
ডিব্ৰুগড়	B-LOC
চহৰৰ	O
পৰা	O
৭	O
কি:মি:	O
নিলগত	O
ডিব্ৰুগড়	B-LOC
-	I-LOC
তিনিচুকীয়া	I-LOC
বাইপাছ	I-LOC
পথৰ	O
দাঁতিত	O
খনিকৰ	B-LOC
নামে	O
ঠাইত	O
অৱস্থিত	O
।	O

প্ৰকৃতিক	O
পৰিৱেশ	O
অনুযায়ী	O
জন্মু	B-LOC
আৰু	I-LOC
কাশ্মীৰ	I-LOC
প্ৰদেশখনক	O
তিনিটা	O
প্ৰধান	O
অঞ্চলত	O
ভাগ	O
কৰা	O
হৈছে	O
।	O

অন্য	O
ষ্টেশ্যনৰ	O
ভিতৰত	O
সোণাৰিৰ	B-LOC
ভজো	B-FAC
আৰু	O
নামৰূপ	B-FAC
ষ্টেশ্যন	I-FAC
উল্লেখযোগ্য	O
।	O

মহিলাগৰাকীয়ে	O
কৈ	O
গ'ল	O
,	O
থাইলেণ্ডৰ	B-LOC
৯৫	O
শতাংশ	O
লোকেই	O
বৌদ্ধ	B-MISC
ধৰ্মালম্বী	O
।	O

ব্ৰিটিছ	O
উপনিবেশৰ	O
কালত	O
এই	O
নামটো	O
গৌহাটী	B-LOC
বুলি	O
কোৱা	O
হৈছিল	O
আৰু	O
১৯৮০ৰ	B-DATE
দশকৰ	O
শেষৰফালে	O
ই	O
বৰ্তমানৰ	O
ৰূপ	O
পায়	O
।	O

প্ৰাকৃতিক	O
সৌন্দৰ্যৰে	O
ভৰপূৰ	O
এই	O
ৰাজ্যখন	O
ভাৰতৰ	B-LOC
ভিতৰতে	O
এখন	O
অতি	O
আকৰ্ষণীয়	O
আৰু	O
সুন্দৰ	O
ৰাজ্য	O
।	O

ইয়াত	O
পোৱা	O
মূৰ্তিৰ	O
ভিতৰত	O
ছহতীয়া	O
শিৱৰ	B-PER
মূৰ্তি	O
,	O
নটৰাজ	B-PER
সূৰ্য	I-PER
,	O
বৈকুণ্ঠ	B-PER
-	O
বৈষ্ণৱী	B-PER
আদি	O
বিবিধ	O
মূৰ্তিৰ	O
উপৰিও	O
এচাম	O
যৌনক্ৰিয়াৰত	O
মূৰ্তি	O
বিশেষ	O
উল্লেখযোগ্য	O
।	O

মহামায়া	B-LOC
ধাম	I-LOC
কোকৰাঝাৰ	B-LOC
জিলাৰ	O
পৰ্বতযোৰা	B-LOC
মহকুমাৰ	O
বগৰীবাৰীত	B-LOC
অৱস্থিত	O
।	O

আমচোং	B-LOC
অভয়াৰণ্য	I-LOC
অসমৰ	B-LOC
কামৰূপ	B-LOC
জিলাত	O
অৱস্থিত	O
এখন	O
বন্যপ্ৰাণী	O
অভয়াৰণ্য	O
।	O

হানয়	B-LOC
নগৰ	O
বাইকৰ	O
মহানগৰ	O
বুলিও	O
ক'ব	O
পাৰি	O
।	O

সুন্দৰীদিয়া	B-LOC
সত্ৰৰ	I-LOC
ভাঁজঘৰত	O
কোচ	O
ৰজা	O
ৰঘুদেৱে	B-PER
দিয়া	O
শিলৰ	O
কৃষ্ণমূৰ্তি	O
আৰু	O
তৰুণ	B-PER
দুৱৰা	I-PER
ফুকনে	I-PER
দিয়া	O
শিলৰ	O
ৰাধা	B-PER
-	O
কৃষ্ণৰ	B-PER
মূৰ্তি	O
সংৰক্ষণ	O
কৰা	O
আছে	O
।	O

২০১১	B-DATE
চনৰ	I-DATE
লোকপিয়ল	O
অনুসৰি	O
হাফলঙ	B-LOC
নগৰৰ	O
জনসংখ্যা	O
আছিল	O
৪৩৭৫৬	O
জন	O
।	O

সেই	O
বাবেই	O
ইয়াৰ	O
নাম	O
পোৱা	B-LOC
মক্কা	I-LOC
হয়গৈ	O
।	O

গঠিত	O
শৈলীৰ	O
এই	O
গিৰ্জা	O
স্পেইনৰ	B-LOC
সৰ্ববৃহৎ	O
আৰু	O
সুন্দৰতম	O
গিৰ্জা	O
।	O

শিৱসাগৰ	B-LOC
,	O
চৰাইদেউত	B-LOC
আৰু	O
ব্ৰহ্মপুত্ৰ	B-LOC
উপত্যকাৰ	O
ভিন্ন	O
অংশত	O
যথেষ্ঠ	O
মৈদাম	O
দেখিবলৈ	O
পোৱা	O
যায়	O
।	O

মন্দিৰৰ	O
ভিতৰত	O
কোচ	O
ৰজা	O
ৰঘূদেৱ	B-PER
আৰু	O
আহোম	B-MISC
ৰজা	O
প্ৰমত্ত	B-PER
সিংহ	I-PER
আৰু	O
কমলেশ্বৰ	B-PER
সিংহৰ	I-PER
শিলালিপি	O
আছে	O
।	O

ছয়	O
বজাত	O
শক্তি	B-PER
গাড়ী	O
লৈ	O
আহিল	O
আমাক	O
তাৰ	O
ঘৰলৈ	O
নিবলৈ	O
।	O

বকাৰ	B-PER
অ'বামা	I-PER
আমেৰিকাৰ	B-LOC
ৰাষ্ট্ৰপতি	O
হিচাপে	O
নিৰ্বাচনত	O
জয়লাভ	O
কৰি	O
শপত	O
গ্ৰহণ	O
কৰাৰ	O
কিছু	O
দিনৰ	O
আগৰ	O
ঘটনা	O
।	O

বৌদ্ধধৰ্মীসকলৰ	B-MISC
বাবেও	O
ই	O
এক	O
পবিত্ৰ	O
স্থান	O
।	O

অনুগ্ৰহ	O
কৰি	O
এতিয়া	O
মোক	O
আপোনাৰ	O
মটৰ	O
বাইকখনেৰে	O
তুলি	O
নি	O
ইউনিভাৰ্চেল	B-ORG
ষ্টুডিঅ'ত	I-ORG
থৈ	O
আহকগৈ	O
,	O
বল'ক	O
।	O

বাণ	B-PER
ৰজাই	O
খঙতে	O
অনিৰুদ্ধক	B-PER
বন্দী	O
কৰি	O
ৰাখে	O
।	O

বৰ্তমান	O
এই	O
অংশত	O
গুৱাহাটী	B-ORG
উচ্চ	I-ORG
ন্যায়ালয়ৰ	I-ORG
নিৰ্মাণ	O
কৰা	O
হয়	O
।	O

তদুপৰি	O
প্ৰতিবছৰে	O
দেশ	O
-	O
বিদেশৰ	O
পৰা	O
অহা	O
নানা	O
পৰিভ্ৰমী	O
চৰায়ে	O
ভৰি	O
থকা	O
মজুলী	B-LOC
সকলো	O
লোকৰ	O
বাবেই	O
এক	O
আকৰ্ষণীয়	O
ঠাই	O
।	O

এই	O
ষ্টেশ্যনত	O
মাত্ৰ	O
ব্ৰহ্মপুত্ৰ	B-MISC
মেইল	I-MISC
,	O
কামৰূপ	B-MISC
এক্সপ্ৰেছ	I-MISC
,	O
ডিব্ৰুগড়	B-MISC
-	I-MISC
ৰঙিয়া	I-MISC
এক্সপ্ৰেছ	I-MISC
আৰু	O
লিডু	B-MISC
-	I-MISC
গুৱাহাটী	I-MISC
ইণ্টাৰচিটী	I-MISC
এক্সপ্ৰেছ	I-MISC
ৰে'লহে	O
ৰয়	O
।	O

কৰ্মৰ	O
খাতিৰত	O
ওমাক	B-PER
আপঙৰ	I-PER
লগত	O
চিনাকি	O
হৈছিল	O
-	O
সম্ভৱ	O
মোৰ	O
এই	O
যাত্ৰাত	O
ওমাক	B-PER
আপঙৰ	I-PER
হাত	O
আছিল	O
।	O

গঁড়হত্যা	O
ৰোধৰ	O
বাবে	O
বন	O
বিভাগ	O
অসমৰ	B-LOC
কৰ্মকৰ্তা	O
আৰু	O
দৰং	B-LOC
,	O
শোণিতপূৰ	B-LOC
আৰু	O
মৰিগাঁও	B-LOC
জিলাৰ	O
কৰ্মকৰ্তাসহ	O
এটি	O
সমন্বয়	O
কমিটি	O
গঠন	O
কৰা	O
হয়	O
।	O

তাৰ	O
পাছতে	O
আৰম্ভ	O
হয়	O
মোগলৰ	B-MISC
ৰাজত্ব	O
।	O

বঙাল	B-LOC
পুখুৰীৰ	I-LOC
পানী	O
কোনো	O
লোকে	O
ব্যৱহাৰ	O
নকৰে	O
।	O

আছালুক	B-ORG
এখন	O
পুলিচ	O
থানা	O
ঘোষণা	O
কৰা	O
হয়	O
।	O

তাৰ	O
তলতেই	O
জগদম্বা	B-LOC
মন্দিৰ	I-LOC
;	O
তাৰ	O
তলত	O
এটা	O
এটাকৈ	O
তিনিটাকৈ	O
মছজিদ	O
-	O
প্ৰথম	O
ৰাজন্য	O
বৰ্গৰ	O
,	O
দ্বিতীয়টো	O
কেৱল	O
মহিলাসকলৰ	O
,	O
তৃতীয়টো	O
সাধাৰণ	O
সৈনিকৰ	O
ব্যৱহাৰৰ	O
বাবে	O
।	O

বিমানত	O
থকা	O
টেলিভিচন	O
পৰ্দাত	O
চাইহে	O
গম	O
পালো	O
আমি	O
দিল্লীৰ	B-LOC
আকাশত	O
।	O

ইয়াৰে	O
ভিতৰত	O
৩০টা	O
ভাৰতীয়	B-ORG
পুৰাতত্ত্ব	I-ORG
অনুসন্ধান	I-ORG
আৰু	O
অসম	B-ORG
চৰকাৰৰ	I-ORG
পুৰাতত্ত্ব	O
বিভাগৰদ্বাৰা	O
সংৰক্ষিত	O
কৰা	O
হৈছে	O
।	O

এইটোক	O
দাসভূজা	O
দুৰ্গা	B-PER
হিচাপে	O
পূজা	O
কৰা	O
হয়	O
।	O

জুলিযে	B-PER
কলে	O
যে	O
মেচুকাত	B-LOC
অৱস্থিত	O
গড়কাপ্তনি	O
বিভাগৰ	O
ডাকবাংলাটোৱেই	O
পৰ্যটকৰ	O
থকা	O
-	O
খোৱাৰ	O
বাবে	O
উপযুক্ত	O
স্থান	O
।	O

গুৱাহাটী	B-LOC
চাৰিটা	O
বিধান	O
সভা	O
সমষ্টিৰে	O
গঠিত	O
-	O
জালুকবাৰী	B-LOC
,	O
দিশপুৰ	B-LOC
,	O
পূব	B-LOC
গুৱাহাটী	I-LOC
আৰু	O
পশ্চিম	B-LOC
গুৱাহাটী	I-LOC
।	O

ভৈৰৱীৰপৰা	B-LOC
বামুণী	B-LOC
পাহাৰলৈ	I-LOC
ব্ৰহ্মপুত্ৰৰ	B-LOC
পাৰে	O
পাৰে	O
এলানি	O
টিলা	O
আছে	O
।	O

যোৰহাট	B-LOC
শব্দটোৰ	O
অৰ্থ	O
হৈছে	O
দুখন	O
বজাৰ	O
,	O
১৮শ	O
শতিকাত	O
ভোগদৈ	B-LOC
নদীৰ	I-LOC
দুয়োপাৰে	O
থকা	O
চকীহাট	B-LOC
আৰু	O
মাছৰহাটৰ	B-LOC
পৰাই	O
এই	O
নাম	O
আহে	O
।	O

৪০	O
মিনিটমানৰ	O
পাছত	O
চিচিঙক	B-PER
গাড়ীত	O
উঠাবলৈ	O
গ'লোঁ	O
।	O

সামগ্ৰিক	O
ভাৱে	O
ৰংঘৰৰ	B-LOC
গাঁঠনিয়ে	O
এটা	O
অষ্টভূজৰ	O
ৰূপ	O
লৈছে	O
।	O

ইয়াতেই	O
মহাপুৰুষ	O
মাধৱদেৱে	B-PER
সাহিত্য	O
চৰ্চা	O
কৰিছিল	O
।	O

হোটেলৰ	O
কাউন্টাৰত	O
সুধিমেলি	O
গম	O
পালো	O
যে	O
ক্লাৰো	B-ORG
নামৰ	O
এটা	O
প্ৰতিষ্ঠানে	O
আন্তৰাষ্ট্ৰীয়	O
ছিম	O
কাৰ্ডৰ	O
যোগান	O
ধৰে	O
।	O

চিত্ৰলেখাৰ	B-PER
জৰিয়তেই	O
দুয়োৰে	O
মাজত	O
প্ৰত্যক্ষভাৱে	O
প্ৰেমৰ	O
সম্পৰ্ক	O
স্থাপিত	O
হয়	O
আৰু	O
দুয়ো	O
গন্ধৰ্ব	O
প্ৰথামতে	O
বিবাহপাশত	O
আৱদ্ধ	O
হয়	O
।	O

উল্লেখযোগ্য	O
যে	O
কামৰূপৰ	B-LOC
বুৰঞ্জীতো	O
এই	O
দেৱালয়ৰ	O
কথা	O
উল্লেখ	O
আছে	O
।	O

মধু	B-PER
আৰু	O
কৈতৱ	B-PER
ঘূৰি	O
আহি	O
বিষ্ণুক	B-PER
যুদ্ধলৈ	O
মাতে	O
।	O

গৰ্গৰাম	B-PER
বৰুৱা	I-PER
আছিল	O
পণ্ডিত	O
আনন্দৰাম	B-PER
বৰুৱাৰ	I-PER
পিতৃ	O
।	O

বেদনিধিক	B-PER
লগত	O
লৈ	O
শ্ৰীকৃষ্ণ	B-PER
দ্বাৰকাৰ	B-LOC
পৰা	O
কুণ্ডিল	B-LOC
নগৰলৈ	O
আহোঁতে	O
তেওঁৰ	O
ৰথ	O
ইমান	O
বেগেৰে	O
চলিছিল	O
যে	O
ৰথৰ	O
বেগত	O
বেদনিধি	O
মূৰ্চা	O
গ'ল	O
।	O

বেলেগ	O
বেলেগ	O
সময়ত	O
নগৰখনক	O
প্ৰাগজ্যোতিষপুৰ	B-LOC
আৰু	O
দুৰ্জয়	O
বুলি	O
জনা	O
গৈছিল	O
আৰু	O
ই	O
কামৰূপ	B-LOC
ৰাজ্যৰ	O
বৰ্মণ	B-MISC
আৰু	O
পাল	B-MISC
ৰাজবংশৰ	I-MISC
ৰাজধানী	O
আছিল	O
।	O

আমি	O
থকা	O
কালছোৱাত	O
ভিয়েটনামবাসীক	B-MISC
ৰাতিপুৱাই	O
কামত	O
ব্যস্ত	O
হৈ	O
পৰা	O
দেখিছিলোঁ	O
।	O

সেইবাবে	O
উদ্যানখন	O
ইন্দো	B-LOC
-	I-LOC
মালয়	I-LOC
জৈৱবৈচিত্ৰ্য	I-LOC
হটস্পটৰ	I-LOC
অন্তৰ্গত	O
পাললিক	O
প্লাৱনভূমি	O
ৰ	O
এক	O
অবিচ্ছেদ্য	O
অংগ	O
।	O

টুক্ৰেশ্বৰী	B-LOC
দেৱালয়	I-LOC
হৈছে	O
গোৱালপাৰা	B-LOC
চহৰৰ	O
পৰা	O
প্ৰায়	O
২৪	O
কিলোমিটাৰ	O
দক্ষিণ	O
-	O
পূৱত	O
টুক্ৰেশ্বৰী	B-LOC
পাহাৰত	I-LOC
অৱস্থিত	O
এখন	O
দেৱালয়	O
।	O

মন	O
কৰিবলগীয়া	O
যে	O
আন	O
ভালে	O
মান	O
দেৱস্থানৰ	O
দৰে	O
এই	O
মদন	B-LOC
-	I-LOC
কামদেৱ	I-LOC
দেৱালয়তো	O
ভক্তবৃন্দই	O
মাজে	O
মাজে	O
বিভিন্ন	O
বস্তু	O
আগবঢ়োৱ	O
দেখা	O
যায়	O
।	O

কুচকোত	B-LOC
আমি	O
তিনি	O
দিন	O
থাকিম	O
।	O

তাতোকৈ	O
দিল্লীৰ	B-LOC
ৰাষ্ট্ৰপতি	O
ভৱন	O
বহুকোটি	O
মৰ্যদা	O
সম্পন্ন	O
আৰু	O
সুন্দৰ	O
।	O

ভগৱান	O
বিষ্ণুৱে	B-PER
ঔৰ্বঋষিৰ	B-PER
তপস্যা	O
ভঙ্গকাৰী	O
জ্ববাসুৰ	B-PER
,	O
হয়াসুৰ	B-PER
আদি	O
পাঁচজন	O
অসুৰক	O
বধ	O
কৰি	O
হয়গ্ৰীৱ	B-LOC
মাধৱ	I-LOC
নামৰ	O
এই	O
পৰ্বতত	O
অৱস্থান	O
কৰি	O
আছে	O
।	O

মীৰজুমলাৰ	B-PER
লগত	O
অসমলৈ	B-LOC
অহা	O
চিহাবুদ্দিন	B-PER
তালিচৰ	I-PER
মতে	O
কাৰেং	B-LOC
ঘৰৰ	I-LOC
বৰ্ণনা	O
হ'ল	O
,	O
ৰজাৰ	O
চোলং	O
ঘৰটো	O
দীঘে	O
১২০	O
হাত	O
,	O
পথালিয়ে	O
৩০	O
হাত	O
;	O
এই	O
ঘৰত	O
৬৬টা	O
স্তম্ভ	O
।	O

পৰ্যটকৰ	O
আকৰ্ষণৰ	O
অন্যতম	O
কেন্দ্ৰবিন্দু	O
মহাবলীপুৰম	B-MISC
নৃত্য	I-MISC
মহোৎসৱ	I-MISC
প্ৰতিবছৰে	O
দক্ষিণ	B-LOC
ভাৰতৰ	I-LOC
জাতীয়	O
উৎসৱ	O
পোংগলৰ	B-MISC
পৰা	O
আৰম্ভ	O
হৈ	O
এমাহপৰ্যন্ত	O
চলে	O
য'ত	O
ভাৰত	B-MISC
নাট্যম	I-MISC
,	O
কথাকলি	B-MISC
ওডিচি	B-MISC
আদিৰ	O
উপৰিও	O
ভাৰতৰ	O
বিভিন্ন	O
প্ৰান্তৰ	O
লোকনৃত্যসমূহ	O
প্ৰদৰ্শন	O
কৰা	O
হয়	O
।	O

পূবফালে	O
থকা	O
তৃতীয়টো	O
প্ৰধান	O
ক'ৰিড'ৰে	O
নুনমাটি	B-LOC
আৰু	O
নাৰেঙ্গীক	B-LOC
সংযোগ	O
কৰিছে	O
।	O

দীঘলীপুখুৰী	B-LOC
অসমৰ	B-LOC
ব্ৰহ্মপুত্ৰ	B-LOC
নদীৰ	I-LOC
পাৰত	O
গুৱাহাটীত	B-LOC
অৱস্থিত	O
এটা	O
আয়তাকাৰ	O
কৃত্ৰিম	O
পুখুৰী	O
।	O

থমীছে	B-PER
সেই	O
হুইল	O
চেয়াৰত	O
প্ৰশিক্ষণ	O
পোৱাৰ	O
পিছৰে	O
পৰা	O
নিজৰ	O
প্ৰয়োজনীয়	O
সকলো	O
কামেই	O
কৰিব	O
পৰা	O
হ'ল	O
।	O

এই	O
ৰাজ্যৰ	O
প্ৰথমজন	O
ৰজা	O
আছিল	O
শূইনত	B-PER
সিংহ	I-PER
।	O

লাৰা	B-PER
মহাশয়াত	O
ডা:	O
বাচাৰে	B-PER
সোনকালে	O
চুটি	O
কৰিবলৈ	O
অনুৰোধ	O
কৰিলে	O
।	O

নাতিয়েকক	O
উদ্ধাৰ	O
কৰিবলৈ	O
আহি	O
শ্ৰীকৃষ্ণই	B-PER
বাণৰ	B-PER
লগত	O
যুদ্ধত	O
প্ৰবৃত্ত	O
হয়	O
।	O

জৱাহৰলাল	B-PER
নেহৰুৱে	I-PER
বিজ্ঞান	O
আৰু	O
প্ৰযুক্তিবিদ্যাৰ	O
দ্বাৰা	O
ভাৰতক	B-LOC
আধুনিক	O
ৰূপত	O
গঢ়	O
দিয়াৰ	O
যি	O
সপোন	O
দেখিছিল	O
তাৰ	O
ওপৰত	O
ভিত্তি	O
কৰিয়ে	O
এই	O
বিজ্ঞান	O
কেন্দ্ৰটো	O
নিৰ্মাণ	O
কৰা	O
হৈছে	O
বুলি	O
কেন্দ্ৰীয়	O
মন্ত্ৰীসভাৰ	O
সাংস্কৃতিক	O
মন্ত্ৰী	O
চন্দ্ৰেশ	B-PER
কুমাৰ	I-PER
কাৰ্টোছে	I-PER
কয়	O
।	O

মহাপুৰুষ	O
শংকৰদেৱৰ	B-PER
তীৰ্থভ্ৰমণ	O
সময়ত	O
অসমৰ	B-LOC
বিভিন্ন	O
ঠাইত	O
থাকি	O
বৈষ্ণৱ	O
ধৰ্ম	O
প্ৰচাৰ	O
কৰিছিল	O
।	O

মাৰাট	B-LOC
লংৰি	I-LOC
অভয়াৰণ্যৰ	I-LOC
মাটিকালি	O
প্ৰায়	O
৪৫১	O
বৰ্গকিলোমিটাৰ	O
।	O

আকৌ	O
আন	O
কিছুমান	O
পণ্ডিতে	O
ক'ব	O
বিচাৰে	O
যে	O
ৰামায়ন	B-MISC
খ্যাত	O
জাম্বুৱান	B-PER
বা	O
জাম্বুৱন্ত	B-PER
নামৰ	O
পৰা	O
জন্মু	O
শব্দটো	O
উৎপত্তি	O
হৈছে	O
।	O

অসমৰ	B-LOC
প্ৰবীণ	O
সংস্কৃতিক	O
ঐতিহ্যবাহী	O
ভালেমান	O
স্মৃতিচিহ্নৰে	O
ভৰি	O
আছে	O
গুৱাহাটী	B-LOC
,	O
যাৰ	O
বাবে	O
গুৱাহাটী	B-LOC
সকলো	O
শ্ৰেণীৰ	O
ভ্ৰমণকাৰীৰ	O
কাৰণে	O
অতি	O
আকৰ্ষণীয়	O
স্থান	O
।	O

শংকৰদেৱ	B-PER
-	O
মাধৱদেৱে	B-PER
প্ৰতিষ্ঠা	O
কৰা	O
মুঠ	O
৬৫	O
খন	O
সত্ৰৰ	O
এতিয়া	O
মাত্ৰ	O
২২	O
খনহে	O
মাজুলীত	B-LOC
বৰ্তি	O
আছে	O
।	O

এইগৰাকী	O
কুঁৱৰীৰ	O
নিৰ্দেশক্ৰমেই	O
১৭৩১	B-DATE
খৃঃত	I-DATE
সোণৰ	O
ক'লচীৰে	O
সৈতে	O
শিৱদৌল	B-LOC
,	O
দেৱীদৌল	B-LOC
আৰু	O
বিষ্ণু	B-LOC
দৌল	I-LOC
নিৰ্মাণ	O
কৰাৰ	O
লগতে	O
শিৱসাগৰ	B-LOC
পুখুৰী	I-LOC
খন্দোৱা	O
হৈছিল	O
।	O

এই	O
মহোৎসৱত	O
পৃথিৱীৰ	O
বিভিন্ন	O
দেশৰ	O
পৰা	O
অহা	O
লোকসকলৰ	O
সমুখত	O
মাজুলীৰ	B-LOC
লগতে	O
অসমৰ	B-LOC
কলা	O
-	O
সংস্কৃতি	O
প্ৰদৰ্শন	O
কৰা	O
হয়	O
।	O

এই	O
ঘটনাত	O
শংকৰদেৱে	B-PER
মনত	O
বৰ	O
আঘাত	O
পালে	O
আৰু	O
ভক্তসৱৰ	O
সৈতে	O
পাটবাউসীলৈ	B-LOC
গমন	O
কৰে	O
।	O

হাজোৰ	B-LOC
মণিপৰ্বত	B-LOC
নামৰ	O
এটা	O
টিলাৰ	O
ওপৰত	O
এই	O
দেৱালয়	O
অৱস্থিত	O
।	O

ঊনবিংশ	O
শতিকাৰ	O
আদিতে	O
ওমান	B-LOC
হিন্দু	B-MISC
ধৰ্মাৱলম্বী	O
লোকৰ	O
সংখ্যা	O
৪	O
হেজাৰ	O
হৈছিল	O
।	O

হোটেললৈ	O
আহি	O
ডা:	O
বাচাৰৰ	B-PER
লগত	O
চান	B-LOC
টেম্পল	I-LOC
চাবলৈ	O
গলো	O
।	O

তেতিয়া	O
বিষ্ণুৱে	B-PER
হয়গ্ৰীৱৰ	B-PER
ৰূপ	O
ধাৰণ	O
কৰি	O
ৰসাতললৈ	B-LOC
যায়	O
আৰু	O
বেদসমূহ	O
উদ্ধাৰ	O
কৰি	O
আনি	O
ব্ৰহ্মাক	B-PER
দিয়ে	O
।	O

এই	O
সময়চোৱাত	O
কাজিৰঙাৰ	B-DATE
ভিতৰত	O
চিকাৰ	O
কৰাৰ	O
ওপৰত	O
বাধা	O
-	O
নিষেধ	O
আছিল	O
আৰু	O
ভ্ৰমণকাৰীক	O
দৰ্শনৰ	O
অৰ্থে	O
অৰণ্যৰ	O
ভিতৰলৈ	O
যোৱাৰ	O
অনুমতি	O
দিয়া	O
হৈছিল	O
।	O

ই	O
আছিল	O
আহোম	B-MISC
ৰাজ্যৰ	O
অন্তিম	O
ৰাজধানী	O
।	O

প্ৰতি	O
বছৰে	O
হাতীমূৰা	B-LOC
মন্দিৰত	I-LOC
উলহ	O
-	O
মালহকৈ	O
দুৰ্গা	B-MISC
পূজা	I-MISC
অনুষ্ঠিত	O
কৰা	O
হয়	O
।	O

১৯৮৬	B-DATE
চনৰ	I-DATE
৫	B-DATE
আগষ্ট	I-DATE
তাৰিখে	O
অনুষ্ঠিত	O
হোৱা	O
অসম	B-ORG
চৰকাৰৰ	I-ORG
এখন	O
সভাত	O
সাংস্কৃতিক	B-ORG
পৰামৰ্শদাতা	I-ORG
কমিটীখনে	I-ORG
দিয়া	O
পৰামৰ্শ	O
মতে	O
অসমৰ	B-LOC
জনগণৰ	O
সাংস্কৃতিক	O
ঐতিহ্যৰ	O
উন্নয়ন	O
আৰু	O
সংৰক্ষণৰ	O
অৰ্থে	O
আৰু	O
নৃত্য	O
,	O
নাটক	O
,	O
সংগীত	O
,	O
চাৰু	O
কলা	O
,	O
সাহিত্যৰ	O
ক্ষেত্ৰত	O
এক	O
কৰ্ম	O
কেন্দ্ৰ	O
হিচাপে	O
এটা	O
প্ৰকল্প	O
প্ৰতিষ্ঠা	O
কৰিবলৈ	O
স্থিৰ	O
কৰা	O
হৈছিল	O
।	O

একে	O
উৎসৱত	O
নিগনা	B-PER
চিকাৰীৰ	I-PER
নাতি	O
হাতীৰ	O
মাউত	O
বাপিৰাম	B-PER
হাজৰিকাকো	I-PER
সন্মান	O
জনোৱা	O
হয়	O
।	O

প্ৰশান্ত	B-LOC
মহাসাগৰ	I-LOC
উমিৰ্মালা	O
কিন্তু	O
শান্ত	O
।	O

যিহেতু	O
দ'দান	B-PER
শিৱভক্ত	O
আছিল	O
,	O
সেয়ে	O
ৰাভাসকলে	O
শিৱক	B-PER
প্ৰধান	O
দেৱতা	O
হিচাপে	O
গণ্য	O
কৰে	O
।	O

ৰাৱণে	B-PER
পাতাল	O
পতি	O
আৰু	O
কুম্ভকৰ্ণক	B-PER
ৰামৰ	B-PER
বিৰুদ্ধে	O
যুদ্ধত	O
আমন্ত্ৰণ	O
জনায়	O
।	O

আমাৰ	O
বমডিলা	B-LOC
,	O
টাৱাংৰ	B-LOC
মহিলাবোৰ	O
সৈতে	O
মিলে	O
।	O

প্ৰথমে	O
তেওঁলোকৰ	O
ৰাজধানী	O
আছিল	O
প্ৰাগজ্যোতিষপুৰত	B-LOC
,	O
অৰ্থাৎ	O
বৰ্তমানৰ	O
গুৱাহাটীত	B-LOC
।	O

সম্পূৰ্ণ	O
গা	O
ঢকা	O
,	O
ভৰিৰ	O
গোৰাহালৈকে	O
বৈ	O
পৰা	O
পোছাক	O
পৰিধান	O
কৰা	O
মহিলা	O
আৰু	O
লংপেণ্ট	O
-	O
ছাৰ্ট	O
বা	O
ভিয়েটনামী	B-MISC
কামিজ	O
পৰিহিত	O
পুৰুষসকলে	O
স্বাস্থ্যৰ	O
অধিকাৰী	O
।	O

শিৱসাগৰৰ	B-LOC
দিখৌ	B-LOC
আৰু	O
ব্ৰহ্মপুত্ৰ	B-LOC
নদীৰ	I-LOC
সংগমস্থলীৰ	O
কাষতে	O
অৱস্থিত	O
আজান	B-LOC
পীৰৰ	I-LOC
দহগাহ	I-LOC
।	O

উমৰাংছুত	B-LOC
বসবাস	O
কৰা	O
মূল	O
জাতি	O
উপজাতি	O
বিলাক	O
হ'ল	O
-	O
ডিমাছা	B-MISC
,	O
কাৰ্বি	B-MISC
,	O
বিয়েটে	B-MISC
,	O
জয়ন্তীয়া	B-MISC
,	O
খাছিয়া	B-MISC
,	O
নেপালী	B-MISC
,	O
খেলমা	B-MISC
,	O
গাৰো	B-MISC
,	O
বড়ো	B-MISC
ইত্যাদি	O
।	O

সপেনীচ	B-MISC
খুব	O
ভালকৈ	O
জানে	O
।	O

আহোম	B-MISC
স্বৰ্গদেউ	O
ৰুদ্ৰ	I-PER
সিংহৰ	I-PER
ৰাজত্বকালত	O
এই	O
পুখুৰীটো	O
খন্দোৱা	O
হৈছিল	O
।	O

ডুবি	B-LOC
নামৰ	O
উৎপত্তি	O
সম্পৰ্কে	O
দুটা	O
জনশ্ৰুতি	O
আছে	O
।	O

কিছুমানে	O
কয়	O
যে	O
-	O
যেতিয়া	O
যথাশক্তি	O
চেষ্টা	O
কৰিও	O
দেৱতাসকলে	O
তাৰকাসুৰক	B-PER
পৰাস্ত	O
কৰিব	O
নোৱাৰিলে	O
,	O
তেতিয়া	O
চক্ৰপাণি	B-PER
বিষ্ণুৰ	B-PER
পৰামৰ্শক্ৰমে	O
পুষ্পধনুক	B-PER
মহাদেৱৰ	B-PER
তপস্যা	O
ভংগ	O
কৰিবলৈ	O
পঠিওৱা	O
হৈছিল	O
।	O

গড়মূৰ	B-LOC
সত্ৰৰ	I-LOC
বিখ্যাত	O
ৰাসলীলা	B-MISC
নৃত্য	O
অতি	O
আকৰ্ষণীয়	O
।	O

কুটুব	B-PER
শ্বাহী	I-PER
বংশৰ	O
চতুৰ্থ	O
শাসক	O
মহম্মদৰ	B-PER
দিনত	O
তেওঁৰ	O
প্ৰিয়তমা	O
পত্নী	O
ভাগমতিৰ	B-PER
বিনোদনৰ	O
বাবে	O
১৫৮৭	B-DATE
চনত	I-DATE
প্ৰতিষ্ঠা	O
কৰা	O
ভাগনগৰেই	O
পৰৱৰ্তী	O
কালত	O
হায়দৰাবদ	B-LOC
নামেৰে	O
প্ৰসিদ্ধ	O
হৈ	O
পৰে	O
।	O

গোলকীকৰণৰ	O
পৰা	O
ভাৰতবৰ্ষ	B-LOC
কিয়	O
আমেৰিকাও	B-LOC
সাৰি	O
যাব	O
পৰা	O
নাই	O
।	O

গুৱাহাটীক	B-LOC
তীব্ৰ	O
বেগেৰে	O
পিছ	O
পেলাই	O
বাছখনে	O
শৰাই	B-LOC
ঘাট	I-LOC
দলঙৰ	O
ওপৰেৰে	O
আগবাঢ়ি	O
আছে	O
।	O

ইংৰাজে	B-MISC
ইয়াণ্ডাবু	B-MISC
সন্ধিৰ	I-MISC
আধাৰত	O
অসমক	B-LOC
শাসনলৈ	O
অনা	O
পাছত	O
ব`থান	B-PER
নামৰ	O
ইংৰাজ	O
বিষয়াজনে	O
১৩০০	O
টকাত	O
ৰংঘৰ	B-LOC
আৰু	O
তলাতল	B-LOC
,	O
কাৰেংঘৰ	B-LOC
বেৰ	O
দুখন	O
কেনকণ	B-PER
আলিক	I-PER
বিক্ৰী	O
কৰিছিল	O
।	O

বিহু	B-MISC
অসমৰ	O
জাতীয়	O
উৎসৱ	O
।	O

নাগশংকৰ	B-LOC
মন্দিৰ	I-LOC
অসমৰ	B-LOC
শোণিতপুৰ	B-LOC
জিলাত	O
অৱস্থিত	O
এটি	O
ঐতিহ্যমণ্ডিত	O
শিৱ	B-PER
মন্দিৰ	O
।	O

নাম	O
চিকোদেদো	B-LOC
;	O
য়াপিকৰ	B-LOC
পৰা	O
মাত্ৰ	O
৫	O
কিলোমিটাৰ	O
দূৰত্বত	O
অৱস্থিত	O
।	O

ভিয়েটনামৰ	B-LOC
সহজ	O
-	O
সৰল	O
জনসাধাৰণে	O
অতীজৰ	O
যুদ্ধ	O
-	O
বিগ্ৰহৰ	O
কথা	O
পাহৰি	O
দেশখনক	O
আৰু	O
জাতিক	O
গঢ়	O
দিয়াত	O
ব্যস্ত	O
হৈ	O
পৰা	O
পৰিলক্ষিত	O
হ'ল	O
ভিয়েটনাম	B-LOC
ভ্ৰমণকালত	O
।	O

মথনগুৰিৰ	B-LOC
পৰা	O
নৈৰ	O
পাৰে	O
পাৰে	O
,	O
পাহাৰৰ	O
ওখোৰা	O
-	O
মোখোৰা	O
পথেৰে	O
পাণবাঙলৈ	B-LOC
যাব	O
পাৰি	O
।	O

শ্ৰীসূৰ্য	B-LOC
পাহাৰৰ	I-LOC
আৰু	O
দক্ষিণত	O
এক	O
কিলোমিটাৰ	O
লৈকে	O
চূড়ান্ত	O
উত্তৰ	O
-	O
পশ্চিমাঞ্চলৰ	O
দাঁতিৰ	O
পৰা	O
এক	O
বিস্তীৰ্ণ	O
অঞ্চলত	O
,	O
গ্ৰেনাইট	O
শিলবোৰ	O
পৰা	O
সৃষ্টি	O
কৰা	O
বিভিন্ন	O
আকাৰ	O
আৰু	O
আকৃতিৰ	O
প্ৰায়	O
২৫টা	O
সংকল্পিত	O
থুপ	O
পোৱা	O
গৈছে	O
।	O

ই	O
৩১	B-LOC
নং	I-LOC
ৰাষ্ট্ৰীয়	I-LOC
ঘাইপথৰ	I-LOC
পৰা	O
প্ৰায়	O
১৩	O
কি:মি:	O
দূৰত	O
অৱস্থিত	O
।	O

তেতিয়াৰ	O
পৰা	O
ইয়াৰ	O
নাম	O
কলি	B-LOC
আই	I-LOC
থান	I-LOC
হ'ল	O
।	O

৩৭	B-LOC
নং	I-LOC
ৰাষ্ট্ৰীয়	I-LOC
ঘাইপথৰদ্বাৰা	I-LOC
ডিব্ৰুগড়	B-LOC
চহৰৰ	O
লগত	O
তিনিচুকীয়া	B-LOC
চহৰ	O
সংযোজিত	O
হৈ	O
আছে	O
।	O

স্বৰ্গদেউ	O
গদাধৰ	B-PER
সিংহই	I-PER
এই	O
ভণ্ড	O
ভকত	O
বা	O
ধোদবোৰক	O
ধৰি	O
আনি	O
এটা	O
আলি	O
সাজিবলৈ	O
লগাই	O
দিছিল	O
।	O

জৈন	B-MISC
ধৰ্ম	O
তাৰ	O
দীঘলীয়া	O
ইতিহাস	O
আগুৰি	O
ভাৰতৰ	B-LOC
উত্তৰ	O
-	O
পূব	O
অঞ্চলত	O
কোনো	O
উল্লেখযোগ্য	O
পদক্ষেপ	O
ল'ব	O
পৰা	O
নাই	O
।	O

১৯০৯	B-DATE
চনত	I-DATE
যোৰহাট	B-ORG
পৌৰসভা	I-ORG
গঠন	O
কৰা	O
হয়	O
।	O

অৱশ্যে	O
টুৰ	O
মেনেজাৰ	O
মিছ	O
স্মিথে	B-PER
মোৰ	O
প্ৰতি	O
বিশেষ	O
চকু	O
ৰাখিছিল	O
।	O

২০০০	B-LOC
চনৰ	I-LOC
২৭	B-DATE
জুলাই	I-DATE
তাৰিখে	O
অসম	B-ORG
চৰকাৰে	I-ORG
এক	O
অধিসূচনাযোগে	O
মিকিৰ	B-LOC
পাহাৰ	I-LOC
সংৰক্ষিত	I-LOC
বনাঞ্চল	I-LOC
আৰু	O
ইয়াৰ	O
দাঁতিকাষৰীয়া	O
কিছু	O
অৰণ্য	O
অঞ্চল	O
সাঙুৰি	O
লৈ	O
এই	O
বনাঞ্চলখনক	O
অভয়াৰণ্যলৈ	O
উন্নীত	O
কৰে	O
।	O

এনে	O
পৰিস্থিতিত	O
তেওঁ	O
ব্ৰহ্মপুত্ৰ	B-LOC
পাৰ	O
হৈ	O
উত্তৰপাৰৰ	O
গাংমৌলৈ	B-LOC
আহি	O
ধৰ্ম	O
চৰ্চা	O
কৰাতহে	O
মনোযোগ	O
দিয়ে	O
।	O

হাজো	B-LOC
অসমৰ	B-LOC
কামৰূপ	B-LOC
জিলাত	O
ব্ৰহ্মপুত্ৰ	B-LOC
নদীৰ	I-LOC
পাৰত	O
অৱস্থিত	O
এখন	O
ঠাই	O
।	O

অসমৰ	B-LOC
উত্তৰ	B-LOC
গুৱাহাটীৰ	I-LOC
চন্দ্ৰভাৰতী	B-LOC
পাহাৰত	I-LOC
শ্ৰীশ্ৰী	B-LOC
দৌল	I-LOC
গোবিন্দ	I-LOC
মন্দিৰ	I-LOC
অৱস্থিত	O
।	O

যোৰহাট	B-LOC
নগৰৰ	O
পৰা	O
ক্লাবলৈ	O
যোৱা	O
পথটো	O
ব্ৰিটিছৰ	O
দ্বাৰা	O
নিৰ্মিত	O
যোৰহাটৰ	B-LOC
প্ৰথমটো	O
পকী	O
পথ	O
।	O

হিমালয়ৰ	B-LOC
পাদদেশত	O
কাজিৰঙা	B-LOC
এক	O
বৃহৎ	O
সংৰক্ষিত	O
ভূমি	O
।	O

পৌৰাণিক	O
আখ্যান	O
মতে	O
ইয়াতে	O
ভগৱান	O
মহাদেৱে	B-PER
ভীমাসুৰ	B-PER
নামৰ	O
দৈত্য	O
এজনক	O
নিধন	O
কৰিবলৈ	O
অৱতাৰ	O
ধাৰণ	O
কৰিছিল	O
।	O

১৯৯৭	B-DATE
চনত	I-DATE
ইয়াক	O
চৰকাৰীভাৱে	O
অভয়াৰণ্যৰ	O
মৰ্যাদা	O
দিয়া	O
হয়	O
।	O

চন্দ্ৰকান্ত	B-LOC
সন্দিকৈ	I-LOC
ভৱন	I-LOC
হৈছে	O
অসম	B-ORG
সাহিত্য	I-ORG
সভাৰ	I-ORG
মুখ্য	O
কাৰ্যালয়	O
।	O

পৰৱৰ্তী	O
সময়ত	O
দুয়োখন	O
সংৰক্ষিত	O
বনাঞ্চল	O
আৰু	O
ইয়াৰ	O
পাৰ্শ্বৱৰ্তী	O
কিছু	O
এলেকা	O
সামৰি	O
১৯৯৫	B-DATE
চনত	I-DATE
৩৪০	O
বৰ্গ	O
কি:মি:	O
এলেকাৰে	O
ডিব্ৰু	B-LOC
-	I-LOC
ছৈখোৱা	I-LOC
অভয়াৰণ্য	O
ঘোষণা	O
কৰা	O
হৈছিল	O
।	O

শিৱ	B-MISC
পুৰাণত	I-MISC
উল্লেখ	O
থকা	O
মতে	O
,	O
লঙ্কেশ্বৰ	O
ৰাৱণৰ	B-PER
ভায়েক	O
কুম্ভকৰ্ণই	B-PER
পাতলৰ	O
ৰজাৰ	O
পুত্ৰী	O
কাৰ্কতীক	B-PER
বিয়া	O
কৰিব	O
বিচাৰিছিল	O
।	O

ওচৰেপাজৰে	O
বড়ো	B-MISC
মানুহৰ	O
গাঁও	O
আছে	O
চুভী	O
!	O
জলফিন	B-LOC
নোজ	I-LOC
বিশাখাপট্টনমৰ	B-LOC
অতি	O
বিখ্যাত	O
আৰু	O
চিৰস্মৰণীয়	O
ঠাই	O
।	O

হাফলঙৰ	B-LOC
গড়	O
সাক্ষৰতাৰ	O
হাৰ	O
৯৩.0৯%	O
।	O

কামৰূপ	B-ORG
অনুসন্ধান	I-ORG
সমিতিয়ে	I-ORG
অঞ্চলটোত	O
শিচৰিত	O
হৈ	O
থকা	O
বহুতো	O
ঐতিহাসিক	O
সম্পদ	O
আহৰণ	O
কৰি	O
নিজাকৈ	O
সংগ্ৰহ	O
কৰিছিল	O
।	O

মাদ্ৰাজ	B-LOC
সংগ্ৰহালয়	I-LOC
,	O
নাগপুৰ	B-LOC
কেন্দ্ৰীয়	I-LOC
সংগ্ৰহালয়	I-LOC
আদিকে	O
ধৰি	O
ভাৰতৰ	B-LOC
কেইবাটাও	O
সংগ্ৰহালয়ে	O
দেশৰ	O
লোক	O
-	O
শিল্পকলাৰ	O
সংগ্ৰহ	O
,	O
সংৰক্ষণ	O
আৰু	O
প্ৰদৰ্শনত	O
গুৰুত্ব	O
দিয়াৰ	O
দৰে	O
অসম	B-LOC
ৰাজ্যিক	I-LOC
সংগ্ৰালয়েও	I-LOC
বৃহত্তৰ	O
জনজীৱনৰ	O
অতীত	O
-	O
বৰ্ত	O
-	O
মানৰ	O
চিন্তা	O
-	O
ভাবনা	O
,	O
উপলব্ধি	O
আৰু	O
স্বপ্নক	O
আলোকিত	O
কৰিব	O
বুলিয়ে	O
আমাৰ	O
বিশ্বাস	O
।	O

মণিপুৰৰ	B-LOC
থলুৱা	O
নাচ	O
-	O
গান	O
,	O
উৎসৱ	O
অনুষ্ঠান	O
আদিৰ	O
বৰ্ণময়তাই	O
প্ৰাচীন	O
কালৰে	O
পৰা	O
বাহিৰৰ	O
লোকক	O
আকৰ্ষণ	O
কৰি	O
আহিছে	O
।	O

ই	O
গুৱাহাটী	B-FAC
ৰেলৱে	I-FAC
ষ্টেচনৰ	I-FAC
পৰা	O
মাথোঁ	O
১৫	O
কিমি	O
দুৰত্বত	O
অৱস্থিত	O
।	O

মহাপুৰুষৰ	O
নাতি	O
পুৰুষোত্তম	B-PER
ঠাকুৰ	I-PER
আতাৰ	I-PER
বৰদোৱা	B-LOC
থান	I-LOC
বৰ্ণনাৰ	O
গীতত	O
জয়	O
জয়	O
বটদ্ৰৱা	B-LOC
বৈকুণ্ঠ	O
দুতয়	O
,	O
সেহিস্থানে	O
নিজগুৰু	O
ভৈলন্ত	O
উদয়	O
বুলিহে	O
উল্লেখ	O
আছে	O
তথাপিটো	O
যদি	O
লোকৰ	O
মাজত	O
সন্দেহ	O
আছে	O
যে	O
প্ৰকৃততে	O
পাটকিবৰীহে	B-LOC
গুৰুজনাৰ	O
জন্মস্থান	O
,	O
বটদ্ৰৱাই	B-LOC
ভুৱাহে	O
দি	O
আহিছে	O
,	O
তেন্তে	O
মুক্ত	O
আলোচনাৰ	O
অতি	O
প্ৰয়োজন	O
।	O

চোৰাংচিকাৰৰ	O
বিৰুদ্ধে	O
ব্যবস্থা	O
গ্ৰহণ	O
কৰাৰ	O
বাবে	O
২০০৬	B-DATE
-	I-DATE
০৭	I-DATE
ইয়াৰ	O
সংখ্যা	O
কিছু	O
বাঢ়ি	O
৬৮টা	O
হয়	O
যদিও	O
চোৰাংচিকাৰ	O
আৰু	O
গঁড়হত্যা	O
অব্যাহত	O
থাকে	O
।	O

সেইকেইখন	O
হ'ল	O
-	O
কাটনিবাৰী	B-LOC
,	O
মুৰমুৰিয়া	B-LOC
,	O
চেনিজান	B-LOC
,	O
কলিয়াপানী	B-LOC
,	O
মেলেং	B-LOC
,	O
কাকজান	B-LOC
,	O
দিহিঙ্গীয়াপাৰ	B-LOC
,	O
কঁঠালগুৰি	B-LOC
,	O
দিছৈ	B-LOC
আৰু	O
হোলোংগুৰি	B-LOC
।	O

ব'হাগ	B-MISC
বিহু	I-MISC
বা	O
ৰঙালী	B-MISC
বিহু	I-MISC
বসন্ত	O
কালৰ	O
আগমণত	O
উদযাপন	O
কৰা	O
অসমৰ	B-LOC
মূল	O
বিহু	O
উৎসৱ	O
।	O

পৌৰাণিক	O
আখ্যান	O
অনুসৰি	O
বাণ	B-PER
ৰজাই	O
ইষ্ট	O
দেৱতা	O
শিৱৰ	B-PER
পূজা	O
-	O
অৰ্চনাৰ	O
বাবে	O
মহাভৈৰৱ	B-LOC
মন্দিৰ	I-LOC
নিৰ্মাণ	O
কৰাইছিল	O
।	O

অসমৰ	B-LOC
ৰাজধানী	O
গুৱাহাটীৰ	B-LOC
পৰা	O
ই	O
পূবে	O
প্ৰায়	O
২০০	O
কিলোমিটাৰ	O
দূৰত্বত	O
অৱস্থিত	O
।	O

বামুণী	B-LOC
পাহাৰৰ	I-LOC
কিছু	O
পূবে	O
থকা	O
এই	O
মন্দিৰ	O
স্থানীয়ভাৱে	O
মাইথান	O
বুলি	O
জনাজাত	O
।	O

গুৱাহাটী	B-LOC
মহানগৰীৰ	O
গাতে	O
লাগি	O
থকা	O
আমচাং	B-LOC
অভয়াৰণ্যই	I-LOC
আৰ্লি	B-ORG
বাৰ্ডছ	I-ORG
নামৰ	O
এটা	O
স্বেচ্ছাসেৱী	O
সংগঠনৰ	O
প্ৰচেষ্টাত	O
২০০৪	B-DATE
চনৰ	I-DATE
৯	B-DATE
জুনত	I-DATE
চৰকাৰীভাৱে	O
অভয়াৰণ্য	O
হিচাপে	O
স্বীকৃতি	O
লাভ	O
কৰে	O
।	O

সেয়ে	O
বদলা	B-PER
পদ্ম	I-PER
আতাৰুপে	I-PER
পৰিচিত	O
হয়	O
।	O

বিশাকাপট্টনম	B-LOC
সঁচাকৈয়ে	O
এখন	O
পৰ্যটনস্থলী	O
।	O

ফ্ৰান্স	B-PER
ম্যাকনামাৰা	I-PER
নামৰ	O
এজন	O
আমেৰিকান	O
বোৰে	O
ম্যানহাট্যমৰ	B-LOC
এখন	O
দোকানত	O
চাহ	O
খাই	O
উঠি	O
পইচা	O
দিবলৈ	O
গৈ	O
দেখে	O
যে	O
তেওঁৰ	O
জপেত	O
পইচাৰ	O
বেগটো	O
নাই	O
।	O

শোভনা	B-PER
বৰুৱা	I-PER
আৰু	O
পলাশ	B-PER
দত্তৰ	I-PER
কাণত	O
হয়গ্ৰীৱ	O
-	O
মাধৱৰ	O
এই	O
স্তুতিমন্ত্ৰৰ	O
ধ্বনি	O
এতিয়াও	O
বাজি	O
আছে	O
।	O

আজি	O
অন্ধ্ৰপ্ৰদেশৰ	B-LOC
ৰাজধানী	O
চহৰ	O
হ'লেও	O
হায়দৰাবাদ	B-LOC
বৃটিছ	B-MISC
শাসনকালত	O
এখন	O
ৰাজ্যই	O
আছিল	O
।	O

মন্দিৰ	O
দৰ্শন	O
কৰি	O
পোৱা	O
মাহচাউল	O
চোবাই	O
চোৱাই	O
তিনিশ	O
ফুচ	O
ওপৰৰপৰা	O
তলৰ	O
হাজোখন	B-LOC
আৰু	O
দূৰৰ	O
গাঁও	O
,	O
গছগছনিবোৰ	O
আছিল	O
হয়গ্ৰীব	B-PER
বিষ্ণুৰ	I-PER
সমুখত	O
দলৈৰ	O
উচ্চাৰিত	O
মন্ত্ৰধ্বনি	O
যদিও	O
ইজমে	O
সিজনৰ	O
মনৰ	O
কথা	O
জনা	O
নাছিল	O
।	O

তেলেগু	B-MISC
ভাষাত	O
এই	O
ধ্বনিৰ	O
অৰ্থ	O
আমাক	O
বুজালে	O
আমাৰ	O
অভ্যৰ্থনাৰ	O
বাবে	O
থকা	O
স্থানীয়	O
উদ্যোক্তা	O
এজনে	O
।	O

শিৱসাগৰ	B-LOC
চহৰৰ	O
পৰা	O
১২	O
কি:মি:	O
পশ্চিমত	O
নামডাং	B-LOC
নৈৰ	I-LOC
ওপৰত	O
থকা	O
এই	O
শিলৰ	O
সাঁকো	O
১৭০৩	B-DATE
চনত	I-DATE
স্বৰ্গদেউ	O
ৰুদ্ৰসিংহৰ	B-PER
ৰাজত্বকালত	O
নিৰ্মাণ	O
কৰিছিল	O
।	O

পূব	B-LOC
হিমালয়	I-LOC
জৈৱ	O
বৈচিত্ৰ্যৰ	O
উল্লেখ্য	O
স্থানত	O
অৱস্থিত	O
এই	O
উদ্যানত	O
উচ্চ	O
হাৰত	O
প্ৰজাতিৰ	O
বিবিধতা	O
আৰু	O
দৰ্শন	O
পোৱা	O
যায়	O
।	O

আন	O
এক	O
প্ৰবাদ	O
মতে	O
ঋষি	O
মাৰ্কণ্ডেয়য়ে	B-PER
এই	O
স্থানত	O
দেৱী	O
দুৰ্গাক	B-PER
প্ৰসন্ন	O
কৰিবলৈ	O
কঠোৰ	O
তপস্যা	O
কৰিছিল	O
।	O

অৱশ্যে	O
১৯৫৮	B-DATE
চনত	I-DATE
বৰহিছা	B-LOC
আৰু	O
সৰুহিছাৰ	B-LOC
মধ্যস্থলত	O
উমৈহতীয়া	O
কীৰ্ত্তন	O
ঘৰ	O
সাজি	O
আনুষ্ঠানিকভাৱে	O
মুকলি	O
কৰা	O
হয়	O
।	O

সত্ৰাধিকাৰ	O
মুক্তিনাথদেৱ	B-PER
গোস্বামীৰ	I-PER
দিনত	O
লখিমপুৰৰ	B-LOC
বিহপুৰীয়া	B-LOC
আৰু	O
পথালি	B-LOC
পাহাৰত	I-LOC
দুখন	O
শাখা	O
থান	O
প্ৰতিষ্ঠা	O
কৰা	O
হয়	O
।	O

ৰাজধানী	O
নগৰখনৰ	O
পৰা	O
১৬৫	O
কি:মি:	O
দূৰৈত	O
অৱস্থিত	O
হালং	B-LOC
বে'	I-LOC
উত্তৰ	B-LOC
ভিয়েটনামৰ	I-LOC
আন	O
এক	O
আকৰ্ষণৰ	O
কেন্দ্ৰবিন্দু	O
।	O

১৮৮৫	B-DATE
চনত	I-DATE
ব্ৰিটিছে	B-MISC
স্থাপন	O
কৰা	O
নেৰ'	O
গজ	O
ৰে'ল	O
সেৱা	O
যোৰহাট	O
প্ৰভিঞ্চিয়েল	O
ৰে'লৱেৰ	O
জৰিয়তে	O
যোৰহাটলৈ	B-LOC
ৰে'লসেৱাৰ	O
সূচনা	O
হয়	O
।	O

বিভিন্ন	O
জাতিৰ	O
পশু	O
-	O
পক্ষী	O
আৰু	O
অনেক	O
দুষ্প্ৰাপ্য	O
গছ	O
-	O
গছনিৰে	O
ঘেৰি	O
ৰখা	O
সমগ্ৰ	O
অভয়াৰণ্যখন	O
নিঃসন্দেহে	O
অসমৰ	B-LOC
অন্যতম	O
জৈৱ	O
-	O
বৈচিত্ৰ্যৰ	O
পীঠস্থান	O
।	O

এই	O
ৰাম	O
পৰিয়াল	O
সম্পূৰ্ণ	O
কৰাৰ	O
উদ্দেশ্যে	O
ইয়াৰ	O
বিপৰীতে	O
ভক্ত	O
হনুমানৰ	B-PER
মূৰ্ত্তি	O
নিৰ্মাণ	O
কৰা	O
হৈছিল	O
।	O

ই	O
১৯৫০	B-DATE
চনৰ	I-DATE
এক	O
ভূমিকম্পত	O
সম্পূৰ্ণ	O
পাহাৰ	O
তল	O
গৈ	O
সৃষ্টি	O
হৈছিল	O
।	O

মাজুলীৰ	B-LOC
অধিবাসীসকল	O
নাও	O
বোৱাত	O
পাকৈত	O
।	O

ভগৱানৰ	O
পাথৰ	O
ঘেৰা	O
এই	O
মওলিমঙলৈ	B-LOC
যাবলৈ	O
আটাইতকৈ	O
সুগম	O
উপায়	O
হ'ল	O
গুৱাহাটীৰ	B-LOC
পৰা	O
যোৱাটো	O
।	O

নগাঁও	B-LOC
জিলাৰ	O
লামডিং	B-FAC
জংচনৰ	I-FAC
পৰা	O
ব্ৰড	O
গজ	O
ৰেল	O
ডিমা	B-LOC
-	I-LOC
হাছাও	I-LOC
জিলাৰ	O
মাজেৰে	O
গৈ	O
কাছাৰ	B-LOC
জিলাত	O
প্ৰৱেশ	O
কৰিছে	O
।	O

ভিয়েটনামী	B-MISC
মহিলা	O
কিমান	O
শক্তিসালী	O
আৰৰ	O
পৰিশ্ৰমী	O
বিশ্বাস	O
নেদেখিলে	O
নহয়	O
।	O

পাছদিনা	O
দিল্লীৰ	B-LOC
লগত	O
যোগাযোগ	O
কৰাত	O
ট্ৰেইনিঙটো	O
পাছৰ	O
বছৰলৈ	O
পিছুৱাই	O
দিয়া	O
হ'ল	O
বুলি	O
জনালে	O
আৰু	O
আমাৰ	O
সকলোকে	O
দিহা	O
-	O
দিহি	O
নিজৰ	O
ৰাজ্যলৈ	O
ঘূৰি	O
যাবলৈ	O
ক'লে	O
।	O

বৰ্তমান	O
অসমত	B-LOC
পৰিৱেশিত	O
দেৱদাসী	B-MISC
নৃত্যৰ	I-MISC
আৰ্হি	O
পৰিহৰেশ্বৰ	B-LOC
দেৱালয়ৰ	I-LOC
দেৱদাসী	B-MISC
নৃত্যৰ	I-MISC
আলমতেই	O
প্ৰাণ	O
পাই	O
উঠা	O
।	O

লংকেশ্বৰ	B-LOC
মন্দিৰৰ	I-LOC
লগত	O
জড়িত	O
যথেষ্ট	O
সংখ্যক	O
কিংবদন্তি	O
অঞ্চলটোৰ	O
ৰাইজৰ	O
মাজত	O
প্ৰচলিত	O
।	O

এই	O
দেৱালয়	O
অসমৰ	B-LOC
অন্যতম	O
প্ৰাচীন	O
আৰু	O
ঐতিহ্যমণ্ডিত	O
শৈৱপীঠ	O
তথা	O
এটা	O
উল্লেখযোগ্য	O
পৰ্যটন	O
কেন্দ্ৰ	O
।	O

এই	O
মন্দিৰটো	O
আহোম	O
ৰজাৰ	O
আমোলত	O
পুনৰ	O
নিৰ্মাণ	O
কৰা	O
হৈছিল	O
যদিও	O
১৮৯৭	B-DATE
চনৰ	I-DATE
বৰ	O
ভুইকঁপত	O
সি	O
জাহ	O
গ'ল	O
।	O

আমাৰ	O
নলবাৰীৰ	B-LOC
বহুতো	O
ব্ৰাহ্মণে	O
তেতিয়াৰ	O
পূৰ্ব	O
বঙ্গলৈ	O
যজমানি	O
কৰিবলৈ	O
গৈছিল	O
।	O

উত্তৰ	B-LOC
কাছাৰৰ	I-LOC
পাহাৰৰ	O
সৰ্ব্বোচ্চ	O
শৃংগ	O
থেপিবাৰ	B-LOC
।	O

ভকতসকলে	O
বন্তিগছি	O
স্থাপন	O
কৰি	O
বামখাতা	B-LOC
সত্ৰ	I-LOC
স্থাপন	O
কৰে	O
।	O

এইটো	O
লণ্ডনৰ	B-LOC
শেষ	O
ষ্টেচন	O
।	O

ৰংঘৰৰ	B-LOC
নিৰ্মাণ	O
-	O
শৈলীত	O
ইচলামিক	O
স্থাপত্যৰ	O
প্ৰভাৱ	O
পৰিছে	O
।	O

বৰদোৱা	B-LOC
সত্ৰৰ	I-LOC
ভিতৰত	O
থকা	O
পৱিত্ৰ	O
আকাশীগংগা	O
,	O
দৌল	O
মন্দিৰ	O
,	O
পাদশিলা	O
গৃহ	O
,	O
মণিকূটসহ	O
কীৰ্তন	O
ঘৰ	O
,	O
সাঁচি	O
গছ	O
,	O
টেম্বুৱানী	O
জান	O
,	O
শংকৰদেৱ	B-ORG
গৱেষণা	I-ORG
কেন্দ্ৰ	I-ORG
,	O
শিলিখা	O
গছ	O
আদিয়ে	O
সত্ৰখনৰ	O
ঐতিহ্য	O
বহন	O
কৰিছে	O
।	O

সেইবাবেই	O
ব্ৰিটছৰ	B-MISC
দিনত	O
এই	O
দেৱালয়ে	O
একো	O
সাহায্য	O
নাপালে	O
।	O

কাজিৰঙাৰ	B-LOC
বৰ্তমানৰ	O
প্ৰথম	O
মহিলা	O
মাউত	O
পাৰ্বতী	B-PER
বৰুৱাক	I-PER
লৈ	O
বিবিচিৰ	B-ORG
পৰিবেশ	O
সংৰক্ষক	O
আৰু	O
ভ্ৰমণ	O
কাহিনী	O
লেখক	O
মাৰ্ক	B-PER
শ্বেণ্ডয়ে	I-PER
এখন	O
কিতাপ	O
ৰচনা	O
কৰে	O
আৰু	O
তথ্য	O
-	O
চিত্ৰ	O
কুইন	B-MISC
অৱ	I-MISC
দা	I-MISC
এলিফেণ্ট্‌ছ	I-MISC
নিৰ্মাণ	O
কৰে	O
।	O

আচলতে	O
ইযাত	O
মহাৰাজ	O
জম্বুলোচনে	B-PER
প্ৰথমতে	O
ৰাজধানী	O
পাতিছিল	O
আৰু	O
এযাই	O
আছিল	O
জম্মু	B-LOC
নগৰ	O
প্ৰতিষ্ঠাৰ	O
আৰম্ভণি	O
।	O

গুৱাহাটীৰ	B-LOC
পৰা	O
৩৯নং	B-LOC
ৰাষ্ট্ৰীয়	I-LOC
ঘাইপথ	I-LOC
আৰু	O
শিলচৰৰ	B-LOC
পৰা	O
৫৬নং	B-LOC
ৰাষ্ট্ৰীয়	I-LOC
ঘাইপথেৰে	I-LOC
সজহে	O
ইম্ফললৈ	B-LOC
যাব	O
পাৰি	O
।	O

বিংহামে	B-PER
যেতিয়া	O
এই	O
ঠাইখন	O
আৱিষ্কাৰ	O
কৰে	O
তেতিয়া	O
তাত	O
প্ৰকাণ্ড	O
প্ৰকাণ্ড	O
গছ	O
,	O
অটব্য	O
ঝাড়নি	O
আৰু	O
বাহনি	O
।	O

কামাখ্যা	B-LOC
মন্দিৰ	I-LOC
হৈছে	O
অসমৰ	B-LOC
গুৱাহাটীত	B-LOC
অৱস্থিত	O
হিন্দু	O
ধৰ্মৰ	O
এক	O
প্ৰাচীন	O
মন্দিৰ	O
।	O

এই	O
মন্দিৰতো	O
শ্ৰীভেংকটেশ্বৰ	B-LOC
মন্দিৰ	I-LOC
বুলিও	O
বিশ্বপ্ৰসিদ্ধ	O
।	O

ডা:	O
বাচাৰৰ	B-PER
লগত	O
ফটো	O
উঠালো	O
।	O

আমি	O
চুইজাৰলেণ্ডৰ	B-LOC
আন	O
আন	O
চহৰৰ	O
উপৰিও	O
ইটালীৰে	B-LOC
কেইখনমান	O
চহৰ	O
চোৱাৰ	O
কথা	O
ভাবিলো	O
।	O

মাজুলীৰ	B-LOC
জনগাথনি	O
মিশ্ৰিত	O
,	O
ইয়াত	O
বিভিন্ন	O
জাতি	O
জনজাতিৰ	O
লোকে	O
বাস	O
কৰে	O
।	O

শিৱসিংহ	B-PER
আৰু	O
লক্ষ্মীসিংহ	B-PER
ৰজাই	O
দেৱালয়খনিলৈ	O
মাটি	O
,	O
বহু	O
পৰিমাণৰ	O
সম্পত্তি	O
আৰু	O
দেৱ	O
-	O
দেৱীৰ	O
মূৰ্তি	O
প্ৰদান	O
কৰিছিল	O
বুলি	O
জনা	O
যায়	O
।	O

ভাৰতৰ	B-LOC
লোকপিয়ল	O
,	O
২০১১	B-DATE
-	O
ৰ	O
সময়িক	O
প্ৰতিবেদন	O
অনুসৰি	O
ডিমা	B-LOC
-	I-LOC
হাছাও	I-LOC
জিলাৰ	O
মুঠ	O
জনসংখ্যা	O
২১৩	O
,	O
৫২৯	O
ইয়াৰে	O
১১০	O
,	O
৫৬৬	O
সংখ্যক	O
পুৰুষ	O
আৰু	O
১০২	O
,	O
৯৬৩	O
সংখ্যক	O
মহিলা	O
।	O

দোকানীজন	O
দেখিবলৈ	O
আমাৰ	O
অৰুণাচলৰ	B-LOC
জনজাতীয়	O
লোকৰ	O
নিচিনা	O
।	O

বৰাইল	B-LOC
লানিত	O
বৰষুণৰ	O
পৰিমাণ	O
বেছি	O
।	O

ইয়াৰ	O
পিছতে	O
যথাৰীতি	O
নতুন	O
বিগ্ৰহকে	O
দৌলত	O
স্থাপন	O
কৰা	O
হ'ল	O
আৰু	O
তেতিয়াৰে	O
পৰা	O
এইজনা	O
বিগ্ৰহ	O
দৌল	B-LOC
গোবিন্দ	I-LOC
নামেৰে	O
জনাজাত	O
হৈ	O
পৰে	O
।	O

কিন্তু	O
মৰমৰ	O
জীয়াৰী	O
পবিত্ৰাৰ	B-PER
অকাল	O
মৃত্যু	O
হয়	O
।	O

বহুতো	O
অজান	O
আৰু	O
অবিনশ্বৰ	O
অভিজ্ঞতা	O
লৈ	O
পাছদিনা	O
পুৱাই	O
যেযু	B-LOC
দ্বীপৰ	I-LOC
পৰা	O
বিদায়	O
ল'লোঁ	O
।	O

ওমানত	B-LOC
বাস	O
কৰা	O
সকলো	O
হিন্দু	B-MISC
ধৰ্মাৱলম্বী	O
লোকেই	O
বিভিন্ন	O
ধৰণৰ	O
উৎসৱ	O
-	O
পাৰ্বণৰ	O
আয়োজন	O
কৰে	O
।	O

শংকৰদেৱ	B-PER
-	O
মাধৱদেৱ	B-PER
আৰু	O
আন	O
আন	O
বৈষ্ণৱ	O
গুৰুসকলৰ	O
জন্ম	O
-	O
মৃত্যু	O
তিথি	O
,	O
ফাকুৱা	B-MISC
বা	O
দৌল	B-MISC
উৎসৱ	I-MISC
,	O
শ্ৰীকৃষ্ণৰ	B-MISC
জন্মাষ্টমী	I-MISC
,	O
নন্দোৎসৱ	B-MISC
,	O
ভাদ	O
মাহৰ	O
গুৰু	B-MISC
কীৰ্তন	I-MISC
,	O
ভাওনা	B-MISC
,	O
অংকীয়া	B-MISC
নাট	I-MISC
আদি	O
উদ্‌যাপন	O
কৰা	O
হয়	O
।	O

৫২	B-LOC
নং	I-LOC
ৰাষ্ট্ৰীয়	I-LOC
ঘাইপথৰ	I-LOC
পৰা	O
দক্ষিণে	O
এক	O
কিলোমিটাৰ	O
ভিতৰলৈ	O
সোমায়েই	O
নাগ	B-LOC
শংকৰ	I-LOC
মন্দিৰৰ	I-LOC
অৱস্থান	O
।	O

অসমৰ	B-LOC
প্ৰথমটো	O
বাদ্যযন্ত্ৰীৰ	O
দলে	O
১৯০৭	B-DATE
চনত	I-DATE
তেজপুৰতে	B-LOC
জন্মলাভ	O
কৰে	O
।	O

ই	O
পূব	B-ORG
-	I-ORG
কামৰূপ	I-ORG
বনবিভাগৰ	I-ORG
অন্তৰ্গত	O
।	O

আনহাতে	O
বৌদ্ধ	B-MISC
লামাসকলে	O
হয়গ্ৰীৱ	B-PER
মাধৱৰ	I-PER
মূৰ্তিটো	O
মহামুনি	O
অৰ্থাৎ	O
গৌতম	B-PER
বুদ্ধৰ	I-PER
বুলি	O
পূজা	O
কৰে	O
।	O

তিৰুপতি	B-LOC
মন্দিৰৰ	I-LOC
পাছতে	O
শ্ৰীগোবিন্দ্ৰজস্বামী	B-LOC
মন্দিৰটোলৈ	I-LOC
বহু	O
পৰ্যটকৰ	O
ভিৰ	O
হোৱা	O
পৰিলক্ষিত	O
হয়	O
।	O

সেইবাবে	O
প্ৰথম	O
দিনা	O
মই	O
নাৰায়ণপুৰত	B-LOC
থাকি	O
বৰ্তমান	O
সাজি	O
থকা	O
মাধৱদেৱ	B-LOC
কলাক্ষেত্ৰৰ	I-LOC
কাম	O
কিমান	O
আগবাঢ়িছে	O
চাই	O
-	O
মেলি	O
সেইদিনা	O
নাৰায়ণপুৰতে	B-LOC
থাকিলোঁ	O
।	O

অসমৰ	B-LOC
জাতীয়	O
সংগীত	O
অ'	B-MISC
মোৰ	I-MISC
আপোনাৰ	I-MISC
দেশ	I-MISC
প্ৰথমবাৰৰ	O
বাবে	O
সুৰাৰোপিত	O
কৰি	O
তেজপুৰতে	B-LOC
গোৱা	O
হৈছিল	O
।	O

নৱেম্বৰৰ	O
পৰা	O
ফেব্ৰুৱাৰীলৈ	O
পৰশুৰামকুণ্ডত	B-LOC
ভ্ৰমণ	O
কৰি	O
ভ্ৰমণকাৰীসকলে	O
অধিক	O
আনন্দ	O
লাভ	O
কৰে	O
।	O

অজানিতে	O
মোৰ	O
জীৱনলৈ	O
অহা	O
এই	O
সুযোগৰ	O
বাবে	O
কৃতজ্ঞতা	O
জনাইছো	O
ফিউচাৰ	B-ORG
জেনেৰেচনৰ	I-ORG
চেয়াৰমেন	O
ডেনিয়ল	B-PER
টেইলৰক	I-PER
,	O
ভূতপূৰ্ব	O
মুখ্যমন্ত্ৰী	O
গেগং	B-PER
আপঙৰ	I-PER
পুত্ৰ	O
ওমাক	B-PER
আপঙক	I-PER
।	O

বৌয়	O
দিয়া	O
শিৱৰ	B-PER
নিৰ্মালিখিনি	O
বুকুত	O
চেপি	O
ধৰি	O
গায়ত্ৰী	O
জপি	O
কিছু	O
সময়	O
প্ৰাণাময়	O
কৰিলো	O
।	O

এই	O
প্ৰদৰ্শনীসমূহ	O
অসমীয়া	B-MISC
,	O
হিন্দী	B-MISC
আৰু	O
ইংৰাজীত	B-MISC
উপলব্ধ	O
।	O

দেশীয়	O
নীতি	O
আৰু	O
দেশখনত	O
বিৰাজ	O
কৰা	O
শান্তিময়	O
পৰিৱেশে	O
বিদেশী	O
কোম্পানিবোৰক	O
ভিয়েটনামলৈ	B-LOC
হাত	O
বাউলি	O
মাতি	O
আছে	O
।	O

সেই	O
যজ্ঞৰ	O
ঘোঁৰা	O
আহি	O
প্ৰমীলা	B-LOC
ৰাজ্যত	I-LOC
প্ৰৱেশ	O
কৰাত	O
,	O
প্ৰমীলা	B-LOC
ৰাজ্যৰ	I-LOC
ৰানী	O
প্ৰমীলাই	B-PER
ঘোঁৰা	O
আবদ্ধ	O
কৰিছিল	O
।	O

ভাৰতৰ	B-LOC
অইন	O
উদ্যানসমূহৰ	O
তুলনাত	O
কাজিৰঙাত	B-LOC
বন্যজীৱন	O
সংৰক্ষণত	O
উল্লেখযোগ্য	O
সফলতা	O
লাভ	O
কৰা	O
গৈছে	O
।	O

কাম	O
কৰি	O
কেনে	O
পাইছা	O
ৰুকেয়া	B-PER
?	O
ওমানৰ	B-LOC
প্ৰথম	O
হিন্দু	B-MISC
ধৰ্মাৱলম্বী	O
লোকসকলে	O
কুচ্চি	B-MISC
ভাষা	O
কৈছিল	O
।	O

ভাস্কৰ	B-PER
বৰ্মাৰ	I-PER
পূৰ্বপুৰুষ	O
নৰকাসুৰ	B-PER
,	O
ভগদত্তৰ	B-PER
পৰা	O
বৰ্মন	O
ৰজাসকলৰ	O
আৰু	O
কেইবাগৰাকী	O
ৰাণীৰো	O
নাম	O
তাত	O
উল্লেখ	O
আছে	O
।	O

অচ্যুত	B-PER
আতাৰ	I-PER
বিয়োগৰ	O
পাছত	O
তেওঁৰ	O
চাৰিজন	O
পুত্ৰৰ	O
বৰপুত্ৰ	O
মুক্তিনাথদেৱ	B-PER
সত্ৰৰ	O
সত্ৰাধিকাৰ	O
হোৱাৰ	O
লগতে	O
থানৰ	O
আভ্যন্তৰিণ	O
বিষয়ত	O
পুত্ৰ	O
কুশচন্দ্ৰদেৱ	B-PER
আৰু	O
মহেশচন্দ্ৰদেৱ	B-PER
আৰু	O
বহিৰ্বিষয়ৰ	O
চোৱা	O
চিতা	O
কৰিছিল	O
শিৱচন্দ্ৰদেৱে	B-PER
।	O

নীলাচল	B-LOC
পাহাৰত	I-LOC
সতীৰ	B-PER
যোনিভাগ	O
পৰিল	O
আৰু	O
তাত	O
কামাখ্যা	B-PER
দেৱীৰ	I-PER
মন্দিৰ	O
প্ৰতিষ্ঠা	O
হ'ল	O
।	O

তোমালোকে	O
যি	O
ঠাইলৈ	O
যাবা	O
,	O
তাৰ	O
অসমীয়া	B-MISC
মনুহখিনিয়ে	O
বিহুত	O
লণ্ডনলৈ	B-LOC
আহিব	O
।	O

মেকুৰীজাতীয়	O
বৃহদাকাৰ	O
প্ৰাণী	O
,	O
যেনে	O
ঢেঁকীয়াপতীয়া	O
বাঘ	O
,	O
নাহৰফুটুকী	O
বাঘৰ	O
বাবে	O
আফ্ৰিকাৰ	B-LOC
বাহিৰত	O
থকা	O
অল্পসংখ্যক	O
প্ৰজননস্থলীৰ	O
ভিতৰত	O
কাজিৰঙা	B-LOC
অন্যতম	O
।	O

সতীৰ	B-PER
দেহত্যাগৰ	O
পিছত	O
শিৱই	B-PER
সতীৰ	B-PER
শৰীৰ	O
কান্ধত	O
তুলি	O
যেতিয়া	O
ঘূৰি	O
ফুৰিছিল	O
,	O
তেতিয়া	O
বিষ্ণুৱে	B-PER
সুদৰ্শন	O
চক্ৰৰে	O
সতীৰ	B-PER
দেহটো	O
কাটি	O
কাটি	O
মাটিত	O
পেলাইছিল	O
।	O

নামচাঙৰ	B-LOC
বৰ্ষাৰণ্য	O
সঁচাকৈয়ে	O
অসমৰ	B-LOC
গৌৰৱ	O
,	O
অসমৰ	B-LOC
আপুৰগীয়া	O
সম্পদ	O
।	O

১৯৯৭	B-DATE
চনৰ	I-DATE
৩০	B-DATE
জুলাইত	I-DATE
জাননী	O
নং	O
এফআৰএছ	O
৩৭/৯৭/৩১	O
যোগে	O
যোৰহাট	B-LOC
জিলাত	O
অভয়াৰণ্যখন	O
গঠন	O
কৰি	O
গিবন	B-LOC
অভয়াৰণ্য	I-LOC
নাম	O
দিয়া	O
হয়	O
।	O

আহোম	B-MISC
স্বৰ্গদেউ	O
গৌৰীনাথ	B-PER
সিংহৰ	I-PER
ইচ্ছামতে	O
মন্ত্ৰী	O
পূৰ্ণানন্দ	B-PER
বুঢ়াগোহাঁইয়ে	I-PER
শিৱদ'লৰ	O
কাম	O
আৰম্ভ	O
কৰিছিল	O
।	O

আজি	O
পুৱা	O
বাছত	O
আহি	O
বৰদৈবাম	B-LOC
তিনি	I-LOC
আলিত	I-LOC
নামিলোঁ	O
।	O

তেওঁৰ	O
পৰা	O
গম	O
পালোঁ	O
যে	O
শ্ৰীলংকালৈ	B-LOC
অহা	O
বিদেশী	O
গাড়ীবোৰৰ	O
ইঞ্জিন	O
,	O
বডি	O
আদিৰ	O
দুৰ্ঘটনাগ্ৰস্থ	O
হোৱা	O
অংশবোৰ	O
শ্ৰীলংকাত	B-LOC
মেৰামতি	O
কৰাৰ	O
ব্যৱস্থা	O
নাই	O
।	O

এইটো	O
সাধাৰণত	O
প্ৰচলিত	O
বিশ্বাসৰ	O
লগত	O
বিপৰীত	O
যে	O
প্ৰাচীন	O
কামৰূপৰ	B-LOC
সাংস্কৃতিক	O
ইতিহাসত	O
বৌদ্ধধৰ্ম	B-MISC
প্ৰচলিত	O
নাছিল	O
।	O

ইয়াৰ	O
আগতে	O
মানসক	B-LOC
সংৰক্ষিত	O
বনাঞ্চল	O
হিচাপে	O
গণ্য	O
কৰা	O
হৈছিল	O
।	O

১৯৫৮	B-DATE
চনৰ	I-DATE
পহিলা	O
জানুৱাৰিত	O
শ্ৰীলংকাৰ	B-LOC
চিল'ন	B-ORG
ট্ৰেন্সপ'ৰ্ট	I-ORG
ব'ৰ্ড	I-ORG
গঠন	O
হৈছিল	O
।	O

অলপ	O
পিচতে	O
এজনী	O
ছোৱালী	O
আহি	O
আমাক	O
পটাপট	O
ইংৰাজীত	B-MISC
সুধিলে	O
,	O
ছোৱালীজনীৰ	O
কথাত	O
আমি	O
ভাল	O
পালো	O
।	O

অসমৰ	B-LOC
জীয়া	B-LOC
-	I-LOC
ভৰলী	I-LOC
নদী	O
ব্ৰিটিছৰ	O
সময়ৰ	O
পৰাই	O
সোণালী	O
মাহচীৰ	O
এংলিঙৰ	O
বাবে	O
বিখ্যাত	O
আছিল	O
।	O

আহোম	B-MISC
ৰজা	O
প্ৰমত্ত	B-PER
সিংহই	I-PER
জনাৰ্দন	B-LOC
দেৱালয়টো	I-LOC
গুৱাহাটীত	B-LOC
নিৰ্মাণ	O
কৰিছিল	O
।	O

দেওপাহাৰত	B-LOC
অৱস্থিত	O
মন্দিৰটো	O
একখণ্ড	O
শিলৰ	O
ওপৰত	O
নিৰ্মিত	O
।	O

ইয়াত	O
নিৰ্মাণ	O
কৰা	O
মূৰ্ত্তিসমূহত	O
হৰি	B-PER
-	O
হৰ	B-PER
যুদ্ধ	O
ফুটাই	O
তোলা	O
হৈছে	O
।	O

আন্তৰ্জাতিক	O
উৰণ	O
সপ্তাহত	O
দুবাৰকৈ	O
গুৱাহাটীৰ	B-LOC
পৰা	O
বেংককলৈ	B-LOC
আৰু	O
ভূটানৰ	B-LOC
থিম্ফুলৈ	I-LOC
যাতায়ত	O
কৰে	O
।	O

অসম	B-ORG
ৰাজ্যিক	I-ORG
সংগ্ৰহালয়টো	I-ORG
গুৱাহাটী	B-LOC
মহানগৰৰ	O
দীঘলীপুখুৰীৰ	B-LOC
দক্ষিণত	O
অৱস্থিত	O
।	O

জীয়াভৰলী	B-LOC
তথা	O
ইয়াৰ	O
উপনৈ	O
সমূহেৰে	O
পূৰ্ণ	O
বাবে	O
এই	O
ৰাষ্ট্ৰীয়	O
উদ্যানত	O
এংলিঙ	O
এসময়ত	O
খু্বেই	O
জনপ্ৰিয়	O
আছিল	O
।	O

তেতিয়া	O
ভগৱান	O
শিৱয়ে	B-PER
দেৱী	O
উগ্ৰতাৰাক	B-PER
কামাখ্যা	B-LOC
অঞ্চলত	O
বাস	O
কৰা	O
লোকসকলক	O
আঁতৰাই	O
পঠিয়াবলৈ	O
আদেশ	O
দিয়ে	O
।	O

য'ত	O
এদিন	O
হলচনষ্টেদ	B-PER
এবট	I-PER
আৰু	O
ওচলাৰ	B-PER
আদি	O
চিকিৎসা	O
বিজ্ঞানীসকল	O
বহিছিল	O
।	O

কিন্তু	O
জিৰায়	B-PER
আৰু	O
ছ'ছাইটিজ	B-ORG
অৱ	I-ORG
ফ্ৰেণ্ডছ	I-ORG
প্ৰচণ্ড	O
বিৰোধিতাত	O
তেওঁলোকৰ	O
প্ৰেম	O
বিয়ালৈ	O
ৰূপায়িত	O
নহ'ল	O
।	O

যু	B-ORG
বেছেল	I-ORG
ৰ	O
সহযোগত	O
ডব্লিউডব্লিউএফ	B-ORG
-	O
ইণ্ডিয়া	B-ORG
,	O
অসম	B-ORG
চৰকাৰ	I-ORG
আৰু	O
ইণ্টাৰনেশ্যনেল	B-ORG
ৰাইন'	I-ORG
ফাউণ্ডেশ্যন	I-ORG
এ	O
ইণ্ডিয়ান	O
ৰাইন'	O
ভিছন	O
২০২০	O
কৰ্মসূচী	O
চলি	O
আছে	O
।	O

সেয়ে	O
হৰি	O
হৰাত্মক	O
শিৱ	B-PER
মন্দিৰ	O
প্ৰতিষ্ঠাৰ	O
উদ্যোগ	O
লৈছিল	O
।	O

লিমাৰ	B-LOC
পৰা	O
কুচকোলৈ	B-LOC
বিমানেৰে	O
এঘণ্টাৰ	O
বাট	O
।	O

এই	O
মন্দিৰটো	O
আহোম	O
ৰজা	O
ৰাজেশ্বৰ	B-PER
সিংহই	I-PER
নিৰ্মাণ	O
কৰোৱাইছিল	O
আৰু	O
বহু	O
মাটি	O
দান	O
দিয়ে	O
।	O

নেঘেৰীটিং	B-LOC
শিৱদ'লৰ	I-LOC
স্থাপত্য	O
সৌন্দৰ্য	O
আৰু	O
প্ৰাচীন	O
ভাস্কৰ্য	O
শিল্পৰ	O
সৌন্দৰ্যৰ	O
সমানে	O
আকৰ্ষণীয়	O
দ'লটো	O
থকা	O
ওখ	O
টিলাটোৰ	O
নৈসৰ্গিক	O
শোভাও	O
।	O

গীতাৰ	B-PER
মৰমৰ	O
আবদালখিনি	O
মনত	O
ৰাখি	O
লণ্ডন	B-LOC
এৰি	O
আন	O
ঠাইলৈ	O
ফুৰিবলৈ	O
ওলালোঁ	O
।	O

পিছে	O
পুৰাণত	O
উল্লেখ	O
কৰা	O
৫১	O
খন	O
শক্তিপীঠত	O
ৰামখাপীঠৰ	B-LOC
কোনো	O
উল্লেখ	O
নাই	O
।	O

ইয়াৰ	O
কাষদি	O
উত্তৰ	B-ORG
-	I-ORG
পূৱ	I-ORG
সীমান্ত	I-ORG
ৰেলৱেৰ	I-ORG
অন্তৰ্গত	O
ব্ৰডগজ	O
ৰেল	O
আলিটো	O
পাৰ	O
হৈ	O
গৈছে	O
।	O

তাৰে	O
প্ৰেইচ	B-MISC
অৱ	I-MISC
মাডাৰ	I-MISC
নামৰ	O
কিতাপখন	O
পাচিঘাটৰ	O
ৰাজীব	B-PER
টাকুকক	I-PER
উপহাৰ	O
দিলো	O
।	O

তেখেতক	O
মহামায়ায়ে	B-PER
দেখুওৱা	O
সপোনৰ	O
মৰ্মে	O
বগৰীবাৰী	B-LOC
,	O
ৰূপ্‌সী	B-LOC
আৰু	O
ধুবুৰীৰ	B-LOC
জমিনদাৰে	O
এই	O
মন্দিৰ	O
স্থাপন	O
কৰিছিল	O
।	O

যেনে	O
তেনে	O
সিদিনালৈ	O
তেওঁ	O
পৰিৱেশটো	O
চম্ভালিলে	O
যদিও	O
তেওঁৰ	O
মনত	O
খেলি	O
থাকিল	O
,	O
পইচা	O
নিনিয়াকৈ	O
কিবা	O
বেলেগ	O
পদ্ধতিত	O
বপিনন	O
কেন্দ্ৰবোৰক	O
পইচা	O
দিব	O
পাৰি	O
নেকি	O
ম্যাকনামাৰাই	B-PER
ভাবি	O
-	O
গুণী	O
নিজৰ	O
চহীযুক্ত	O
এখন	O
কাডৰ্	O
তৈয়াৰ	O
কৰিলে	O
আৰু	O
সেই	O
একেখন	O
হোটেলৰ	O
পৰিচালন	O
গোষ্ঠীৰ	O
লগত	O
আলোচনা	O
কৰি	O
সিদ্ধান্ত	O
কৰিলে	O
যে	O
সেই	O
কাডৰ্খন	O
দেখুৱালে	O
তেওঁক	O
পইচা	O
নোলোৱাকৈ	O
খাদ্য	O
পৰিৱেশন	O
কৰা	O
হ'ব	O
।	O

সেই	O
মৰ্ম্মে	O
বিভাগীয়	O
কত্তৃপক্ষই	O
সুদক্ষলোকৰ	O
হতুৱাই	O
গাঁত	O
খান্দি	O
গাঁতত	O
পেলাই	O
আৰু	O
হাতীৰ	O
ওপৰৰ	O
পৰা	O
ট্ৰেংকুলাইজাৰ	O
প্ৰয়োগ	O
কৰি	O
৩টা	O
গঁড়	O
উত্তৰ	B-LOC
প্ৰদেশলৈ	I-LOC
চালান	O
দিয়ে	O
।	O

দীপৰ	B-LOC
বিলত	I-LOC
জলীয়	O
গছ	O
-	O
গছনি	O
যেনে	O
-	O
পানীমেটেকা	O
,	O
জলীয়	O
ঘাঁহ	O
,	O
পদুম	O
,	O
পানীত	O
ওপঙি	O
থকা	O
ঘাঁহ	O
আদি	O
গ্ৰীষ্ম	O
কালত	O
দেখা	O
যায়	O
।	O

ব্ৰহ্মপুত্ৰৰ	B-LOC
এই	O
কথাত	O
পৰশুৰামৰ	B-PER
ভীষণ	O
খং	O
উঠিল	O
আৰু	O
তেওঁ	O
ব্ৰহ্মপুত্ৰক	B-LOC
অপৱিত্ৰ	O
হ'বলৈ	O
চৰণত	O
দীঘল	O
দি	O
পৰিল	O
।	O

ইউৰোপত	B-LOC
দেশৰ	O
সংখ্যা	O
৪৭	O
।	O

কিছুসংখ্যক	O
বুৰঞ্জীবিদৰ	O
মতে	O
পাল	B-MISC
ৰাজবংশৰ	I-MISC
ৰজাই	O
ষষ্ঠ	O
শতিকাত	O
এই	O
মন্দিৰ	O
নিৰ্মাণ	O
কৰিছিল	O
।	O

কলম্বোৰ	B-LOC
বিষয়ে	O
ইমানবোৰ	O
জানিবলগীয়া	O
চাবলগীয়া	O
ঠাই	O
আছে	O
তাৰ	O
ঠাইত	O
গাড়ীৰ	O
নাম্বাৰ	O
প্লেটৰ	O
বিষয়ে	O
জানিৰ	O
খোজাত	O
তেওঁ	O
কি	O
ভাবিলে	O
,	O
নাজানো	O
।	O

জনজাতীয়	O
লোকসকলৰ	O
ভিতৰত	O
ডিমাছা	B-MISC
,	O
মাৰ	B-MISC
,	O
নগা	B-MISC
,	O
কুকী	B-MISC
,	O
মিজো	B-MISC
আদিয়ে	O
প্ৰধান	O
।	O

জন্মু	B-LOC
আৰু	I-LOC
কাশ্মীৰ	I-LOC
ভাৰতৰ	B-LOC
উত্তৰ	O
-	O
পশ্চিম	O
প্ৰান্তত	O
অৱস্থিত	O
এখন	O
এতি	O
মনোৰম	O
ৰাজ্য	O
।	O

চ'ত	O
মাহৰ	O
অশোকাষ্টমী	B-MISC
তিথিত	O
ইয়াত	O
স্নান	O
কৰিবৰ	O
বাবে	O
বহু	O
তীৰ্থযাত্ৰীৰ	O
সমাগম	O
হয়	O
।	O

কলকতাৰ	B-LOC
ধৰমতলাৰ	B-LOC
পৰা	O
দিঘালৈ	B-LOC
বিভিন্ন	O
ধৰণৰ	O
বাছসেৱা	O
আছে	O
।	O

সেইদৰে	O
আনখন	O
তামৰ	O
ফলিত	O
আছে	O
উত্তৰে	O
গৰিয়া	B-LOC
আলি	I-LOC
,	O
পশ্চিমে	O
গোধামৰা	B-LOC
,	O
পূৱে	O
চূড়ামণিকা	B-LOC
,	O
দক্ষিণে	O
কাৰ্যলিবা	B-LOC
।	O

তিনিখন	O
একধৰণ	O
থুপ	O
ধৰ্ম	O
,	O
সংঘ	O
আৰু	O
বুধ	O
উভয়ৰ	O
প্ৰতিনিধি	O
বা	O
এইবিলাকে	O
ভগবান	O
বুদ্ধৰ	B-PER
স্মৃতিত	O
উত্সীকীক	O
থুপ	O
খোদিত	O
কৰা	O
যাব	O
পাৰে	O
।	O

গড়গাঁৱৰ	B-LOC
পৰা	O
ৰংপুৰ	B-LOC
আৰু	O
ৰংপুৰৰ	B-LOC
পৰা	O
যোৰহাটলৈ	B-LOC
আহোম	B-MISC
ৰাজ্যৰ	O
ৰাজধানী	O
তুলি	O
আনোতে	O
বুঢ়ী	B-LOC
গোসানীকো	I-LOC
যোৰহাটলৈ	B-LOC
লৈ	O
অনা	O
হয়	O
।	O

নগাওঁ	B-LOC
তথা	O
গুৱাহাটীৰ	B-LOC
পৰা	O
ইয়াৰ	O
দুৰত্ব	O
ক্ৰমান্ধয়ে	O
২৮	O
আৰু	O
১৪৮	O
কিলোমিটাৰ	O
।	O

এই	O
দ'লত	O
স্বৰ্গদেউৱে	O
শিৱপূজা	B-MISC
কৰিছিল	O
।	O

বৰাইল	B-LOC
আৰু	O
দক্ষিণ	B-LOC
পৰ্বতমালা	I-LOC
আৰু	O
ইয়াৰ	O
মাজৰে	O
বৈ	O
যোৱা	O
ব্ৰহ্মপুত্ৰ	B-LOC
আৰু	O
বৰাক	B-LOC
নদীৰ	I-LOC
উপনদীসমূহেৰে	O
ডিমা	B-LOC
হাছাও	I-LOC
জিলাৰ	O
ভূগোল	O
গঢ়	O
লৈ	O
উঠছে	O
।	O

চিৰিৰ	O
কাষত	O
দুটা	O
অংগমঠ	O
আছে	O
আৰু	O
এটি	O
গণেশৰ	B-PER
বিগ্ৰহ	O
আছে	O
।	O

শিক্ষাৰ	O
দিশত	O
যোৰহাট	B-LOC
এখন	O
আগবঢ়া	O
ঠাই	O
।	O

এসময়ত	O
ইয়াত	O
প্ৰচুৰ	O
পৰিমানে	O
পদুম	O
ফুল	O
ফুলিছিল	O
বাবে	O
ই	O
পদুম	B-LOC
পুখুৰী	I-LOC
নামে	O
জনাজাত	O
হৈ	O
পৰে	O
।	O

তেওঁলোকৰ	O
বাবেই	O
ছিংগাপুৰে	B-LOC
বিশ্বৰ	O
সন্মুখত	O
চিনাকি	O
দিছে	O
ছিংগাপুৰ	B-LOC
বুলি	O
।	O

কেটিলোনিয়াৰ	B-LOC
নেচনেল	B-LOC
মিউজিয়াম	I-LOC
অৱ	I-LOC
আৰ্ট	I-LOC
বাৰ্চিলোনাত	B-LOC
থকা	O
এটা	O
বিখ্যাত	O
কলা	O
সংগ্ৰহালয়	O
।	O

ৰাজধানী	O
দিশপুৰৰ	B-LOC
পৰা	O
ইয়াৰ	O
দূৰত্ব	O
৪০	O
কি:মি:	O
।	O

ব্ৰিটিছ	B-MISC
যুগৰ	O
নিৰ্মাণ	O
-	O
শৈলীৰে	O
নিৰ্মিত	O
এই	O
নৰ্থব্ৰুক	O
গেট	O
হৈছে	O
অসমৰ	B-LOC
এই	O
প্ৰকাৰৰ	O
একমাত্ৰ	O
চিহ্ন	O
।	O

এইবাৰ	O
আকৌ	O
ৰোমৰ	B-LOC
ভেটিকান	B-LOC
চিটিৰ	I-LOC
পৰা	O
ভ্ৰমণ	O
আৰম্ভ	O
কৰি	O
লণ্ডনত	B-LOC
সামৰণি	O
মাৰিলোঁ	O
।	O

মন্দিৰৰ	O
বাবে	O
প্ৰয়োজনীয়	O
পাঁচ	O
বিঘা	O
ভূমি	O
বকপাৰা	B-LOC
চাহ	I-LOC
বাগিচায়ে	I-LOC
দান	O
কৰিছিল	O
।	O

মন্দিৰৰ	O
প্ৰৱেশ	O
দ্বাৰত	O
গণেশৰ	B-PER
বৃহৎ	O
ভাস্কৰ্য	O
আছে	O
।	O

এইখন	O
এছিয়া	B-LOC
মহাদেশৰ	I-LOC
সৰ্বপ্ৰথম	O
সংৰক্ষিত	O
বনাঞ্চল	O
বুলি	O
জনা	O
যায়	O
।	O

মদন	B-LOC
-	I-LOC
কামদেৱৰ	I-LOC
আকৰ্ষণীয়	O
প্ৰকৃতিক	O
পৰিবেশ	O
,	O
ইয়াত	O
থকা	O
বহুবিধ	O
জীৱ	O
-	O
জন্তু	O
আৰু	O
ইয়াৰ	O
প্ৰচুৰ	O
প্ৰত্নতাত্ত্বিক	O
অৱশেষৰ	O
পৰিপ্ৰেক্ষিতত	O
অসম	B-ORG
প্ৰত্নতাত্ত্বিক	I-ORG
সঞ্চালকালয়ে	I-ORG
এই	O
অঞ্চলটো	O
বিভিন্ন	O
চৰকাৰী	O
বিভাগৰ	O
সহযোগত	O
এটা	O
পৰ্যটক	O
-	O
কেন্দ্ৰ	O
হিচাপে	O
গঢ়ি	O
তোলাৰ	O
আঁচনি	O
হৈছে	O
আৰু	O
এই	O
কামত	O
এই	O
সঞ্চালকালয়	O
যথেষ্ট	O
অগ্ৰসৰো	O
হৈছে	O
।	O

ঘৰ	O
আৰু	O
ইটাৰ	O
ঠাঁচ	O
চাই	O
এই	O
দ'ল	O
আহোম	B-MISC
ৰজা	O
সকলেই	O
নিৰ্মাণ	O
কৰিছিল	O
বুলি	O
ক'ব	O
পাৰি	O
।	O

মহাপুৰুষ	O
শংকৰদেৱ	B-PER
,	O
মাধৱদেৱে	B-PER
৬২৯	B-DATE
শতিকাত	I-DATE
প্ৰতিষ্ঠা	O
কৰা	O
এই	O
সত্ৰসমূহে	O
অসমৰ	B-LOC
সাংস্কৃতিক	O
এতিহাসত	O
এক	O
গৈৰৱোজ্জ্বল	O
অধ্যায়ক	O
প্ৰতিনিধিত্ব	O
কৰি	O
আহিছে	O
।	O

মৃত্যুৰ	O
ছবছৰ	O
আগতে	O
১৮৬৭	B-DATE
চনত	I-DATE
তেওঁ	O
এখন	O
ইচ্ছাপত্ৰৰ	O
যোগে	O
তেওঁৰ	O
আজিৰ্ত	O
আঠ	O
মিলিয়ন	O
ডলাৰ	O
এখন	O
বিশ্ববিদ্যালয়	O
আৰু	O
এখন	O
হস্পিতাল	O
নিৰ্মাণৰ	O
অৰ্থে	O
দান	O
কৰি	O
যায়	O
।	O

১৯৯৬	B-DATE
চনত	I-DATE
২০	O
বেজাৰ	O
টকাৰে	O
আৰম্ভ	O
কৰা	O
এই	O
ফেক্টৰীটোৰ	O
মালিক	O
বিকি	B-PER
ভাদৱাই	I-PER
২.৫০	O
কোটি	O
টকাৰ	O
ব্যৱসায়	O
কৰি	O
আছে	O
এতিয়া	O
।	O

কৈ	O
থওঁ	O
,	O
প্ৰেছ	B-ORG
ইনষ্টিটিউট	I-ORG
অব্‌	I-ORG
ইণ্ডিয়াৰ	I-ORG
এটা	O
সাংবাদিকতা	O
বিষয়ক	O
অনুষ্ঠানত	O
যোগ	O
দিবলৈ	O
আমি	O
হায়দৰাবাদলৈ	B-LOC
গৈছিলো	O
আৰু	O
চি	O
চি	O
এন	O
চিৰ	O
অতিথিশালাত	O
আছিলো	O
।	O

মাজুলীৰ	B-LOC
অন্যতম	O
প্ৰধান	O
আকৰ্ষণ	O
প্ৰকৃতিৰ	O
ৰূপ	O
লাৱণ্য	O
।	O

কাজিৰঙা	B-MISC
হস্তী	I-MISC
মহোৎসৱ	I-MISC
হৈছে	O
অসমৰ	B-LOC
কাজিৰঙাত	B-LOC
উদযাপন	O
কৰা	O
বাৰ্ষিক	O
হস্তী	O
মহোৎসৱ	O
।	O

১৭২০	B-DATE
চনত	I-DATE
আহোম	O
স্বৰ্গদেউ	O
শিৱসিংহই	B-PER
এই	O
মন্দিৰ	O
নিৰ্মাণ	O
কৰোৱাইছিল	O
বুলি	O
জনা	O
যায়	O
।	O

লিমাৰ	B-LOC
বাছষ্টেণ্ডত	O
সময়ত	O
হাজিৰ	O
হলো	O
।	O

কীৰ্তনঘৰ	O
,	O
মঠ	O
,	O
দৌলগৃহকে	O
আদি	O
কৰি	O
বিভিন্ন	O
গৃহৰ	O
উপৰি	O
সত্ৰৰ	O
ভাঁজঘৰত	O
মাধবদেৱে	B-PER
নিজহাতে	O
লিখা	O
নামঘোষা	O
,	O
ভক্তি	O
-	O
ৰত্নাৱলী	O
,	O
শংকৰদেৱৰ	B-PER
আদি	O
দশম	O
,	O
অষ্টম	O
স্কন্ধ	O
ভাগৱতকে	O
ধৰি	O
প্ৰায়	O
৭৫খন	O
সাঁচিপতীয়া	O
পুথি	O
সংৰক্ষিত	O
হৈ	O
আছে	O
।	O

শোণিতপুৰ	B-LOC
জিলাৰ	O
ঢেকীয়াজুলিৰ	B-LOC
পৰা	O
সামান্য	O
দূৰত্বত	O
অৱস্থিত	O
গোপেশ্বৰ	B-LOC
দেৱালয়	I-LOC
এটা	O
শিৱ	O
মন্দিৰ	O
।	O

সত্ৰীয়া	O
সংস্কৃতি	O
মাজুলীৰ	B-LOC
মূল	O
দিশ	O
।	O

ফাঁকুৱা	B-MISC
ফাগুন	O
মাহৰ	O
পূৰ্ণিমাত	O
হিন্দু	B-MISC
ধৰ্মৰ	I-MISC
লোকসকলে	O
উদ্‌যাপন	O
কৰা	O
ৰঙৰ	O
উৎসৱ	O
।	O

মহামায়া	B-LOC
মন্দিৰ	I-LOC
নীলাচল	O
স্থাপত্যশৈলীৰে	O
নিৰ্মিত	O
।	O

তেওঁৰ	O
দ্বিতীয়	O
পুত্ৰ	O
স্বৰ্গদেউ	O
প্ৰমত্ত	B-PER
সিংহ	I-PER
ৰাজসিংহাসনত	O
অধিষ্ঠিত	O
হোৱাৰ	O
পিছত	O
পিতৃৰ	O
স্মৃতিত	O
তেওঁৰ	O
নামেৰে	O
ভগৱান	O
শিৱৰ	B-PER
মন্দিৰ	O
নিৰ্মাণ	O
কৰাইছিল	O
।	O

বৰ্তমান	O
অৱশ্যে	O
এই	O
কুণ্ড	O
ব্ৰহ্মপুত্ৰৰ	B-LOC
বুকুত	O
নিশ্চিহ্ন	O
হৈ	O
গৈছে	O
।	O

এই	O
উপলক্ষত	O
মেৰী	B-PER
কাৰ্জন	I-PER
আৰু	O
লৰ্ড	B-PER
কাৰ্জনৰ	I-PER
বৰ্তমান	O
বংশধৰক	O
বিশেষ	O
সন্মান	O
প্ৰদৰ্শন	O
কৰা	O
হয়	O
।	O

বুঢ়ীদিহীং	B-LOC
নৈৰ	O
পাৰত	O
এই	O
শান্ত	O
আৰু	O
সুন্দৰ	O
গাঁওখনলৈ	O
যোৱাটো	O
সকলোৰে	O
কাৰণে	O
যে	O
স্মৰণীয়	O
অভিজ্ঞতা	O
হ'ব	O
সি	O
ধূৰূপ	O
।	O

এই	O
পট্টায়া	B-LOC
চহৰখন	O
বীচ্চ	O
ৰিজ'ৰ্টৰে	O
এখন	O
পৰিপূৰ্ণ	O
চহৰ	O
।	O

১৯৬৬	B-DATE
চনত	I-DATE
চক্ৰশিলা	B-LOC
পাহাৰক	I-LOC
সংৰক্ষিত	O
বনাঞ্চল	O
ঘোষণা	O
কৰা	O
হয়	O
১৯৯৪	B-DATE
চনৰ	I-DATE
১৪	B-DATE
জুলাইত	I-DATE
ইয়াক	O
অসম	B-ORG
চৰকাৰৰ	I-ORG
দ্বাৰা	O
অভয়াৰণ্যৰ	O
মৰ্যাদা	O
দিয়া	O
হয়	O
।	O

এটা	O
এনে	O
প্ৰবাদ	O
অনুসৰি	O
ৰঙা	B-PER
নামৰ	O
ছোৱালী	O
এজনীয়ে	O
কাৰ্বি	B-MISC
ডেকা	O
কাজিক	B-PER
ভাল	O
পাইছিল	O
।	O

কামাখ্যা	B-LOC
দেৱালয়	I-LOC
,	O
উমানন্দ	B-LOC
মন্দিৰ	I-LOC
,	O
নৱগ্ৰহ	B-LOC
মন্দিৰ	I-LOC
,	O
শুক্ৰেশ্বৰ	B-LOC
মন্দিৰ	I-LOC
,	O
বশিষ্ঠাশ্ৰম	B-LOC
,	O
দৌল	B-LOC
গোবিন্দ	I-LOC
মন্দিৰ	I-LOC
,	O
উগ্ৰতাৰা	B-LOC
দেৱালয়	I-LOC
আদি	O
এইবোৰৰ	O
ভিতৰত	O
অন্যতম	O
।	O

মুখ	O
হাত	O
ধুই	O
বেগবোৰ	O
দিল্লীলৈ	B-LOC
যোৱা	O
বাল্টিনেণ্টেল	B-ORG
এয়াৰ	I-ORG
লাইনচত	I-ORG
বুক	O
কৰি	O
দিলো	O
।	O

আন	O
কিছুমানৰ	O
মতে	O
অষ্টম	O
-	O
নৱম	O
শতিকাৰ	O
শালস্তম্ভ	B-MISC
বংশৰ	I-MISC
।	O

কাজিৰঙাক	B-LOC
কেন্দ্ৰ	O
কৰি	O
কেবাখনো	O
কিতাপ	O
,	O
গান	O
আৰু	O
তথ্যচিত্ৰ	O
নিৰ্মাণ	O
কৰা	O
হৈছে	O
।	O

ব্ৰিটিছ	B-MISC
আমোলাত	O
এই	O
টিলাটোত	O
দূৰবীণ	O
বহাই	O
নগৰখন	O
নিৰীক্ষণ	O
কৰা	O
হৈছিল	O
বাবে	O
ইয়াৰ	O
নাম	O
আছিল	O
অবজাৰ্ভেটৰী	O
হিল	O
।	O

চ'ত	O
মাহত	O
বাসন্তী	B-MISC
অৰ্থাৎ	O
অশোকাৰ	O
অষ্টমী	B-MISC
পূজাৰ	O
দিনা	O
তই	O
বিশেষভাৱে	O
তীৰ্থৰ	O
মাহাত্ম্য	O
লাভ	O
কৰিবি	O
।	O

হায়দৰাবাদৰ	B-LOC
এসময়ৰ	O
শাসক	O
নিজামসকলৰ	O
আধুনিকমনস্কতাৰ	O
সাক্ষী	O
এই	O
বিশ্ববিদ্যালয়	O
।	O

নিমাতীৰ	B-FAC
পৰা	O
মাজুলীৰ	B-LOC
কমলাবাৰী	B-FAC
,	O
দক্ষিণপাট	B-FAC
,	O
চুমৈমাৰী	B-FAC
,	O
অফলামুখ	B-FAC
,	O
শালমৰা	B-FAC
,	O
ফুলনি	B-FAC
আদি	O
পাৰ	O
ঘাটলৈ	O
যাব	O
পৰা	O
যায়	O
।	O

যিমানবোৰ	O
মানুহক	O
অসমত	B-LOC
এৰি	O
থৈ	O
আহিছোঁ	O
,	O
মই	O
আমেৰিকাত	B-LOC
আহি	O
চুইচাইড	O
কৰি	O
দিলে	O
সিহঁতে	O
পাছত	O
মোৰ	O
জান	O
খাই	O
দিব	O
।	O

প্ৰতি	O
মাহৰ	O
১	B-DATE
তাৰিখ	I-DATE
আৰু	O
১৫	B-DATE
তাৰিখে	I-DATE
তাৰকাগৃহ	O
বন্ধ	O
ৰখা	O
হয়	O
আৰু	O
ইয়াৰ	O
প্ৰতিটো	O
প্ৰদৰ্শনীৰ	O
টিকটৰ	O
মূল্য	O
৩০	O
টকা	O
।	O

অৱশ্যে	O
গুৱাহাটী	B-LOC
বা	O
শিলচৰৰ	B-LOC
পৰা	O
নিউ	B-FAC
হাফলং	I-FAC
ষ্টেচনলৈ	I-FAC
ৰেলৰ	O
চলাচল	O
আছে	O
।	O

দিনৰ	O
১১	O
বজাত	O
,	O
১.৩০	O
বজাত	O
আৰু	O
বিয়লি	O
৩	O
বজাত	O
অসমীয়াত	B-MISC
আৰু	O
১২	O
বজাত	O
আৰু	O
বিয়লি	O
৪	O
বজাত	O
ইংৰাজী	B-MISC
ভাষাত	O
প্ৰদৰ্শনী	O
প্ৰদৰ্শন	O
কৰা	O
হয়	O
।	O

এই	O
নগৰতে	O
থকা	O
হুলুকন্দা	B-LOC
পাহাৰ	I-LOC
ত	O
বিভিন্ন	O
প্ৰজাতিৰ	O
বান্দৰ	O
দেখা	O
পোৱা	O
যায়	O
।	O

চুচিয়ে	B-PER
,	O
ক'লে	O
,	O
শ্ৰীলংকাত	B-LOC
গাড়ী	O
নিৰ্মাণৰ	O
নিজৰ	O
দেশীয়	O
কাৰখানা	O
নাই	O
।	O

লেচাৰ	O
ৱাইট	O
-	O
ফ্ৰণ্টেড	O
গুচ	O
,	O
কাকলি	O
হাঁহ	O
,	O
বৰ	O
কলীমুৰী	O
হাঁহ	O
আৰু	O
হাড়গিলা	O
,	O
বৰটোকোলা	O
,	O
ব্লেক	O
-	O
নেকেড	O
ষ্টৰ্ক	O
,	O
আৰু	O
শামুকভঙা	O
আদি	O
চৰায়ে	O
মধ্য	B-LOC
এছিয়াৰ	I-LOC
পৰা	O
শীতকালত	O
কাজিৰঙালৈ	B-LOC
প্ৰব্ৰজন	O
কৰে	O
।	O

শোণিতপুৰ	B-LOC
জিলাৰ	O
সদৰ	O
চহৰ	O
তেজপুৰৰ	B-LOC
পৰা	O
নাগশংকৰ	B-LOC
মন্দিৰৰ	I-LOC
দূৰত্ব	O
৫৮	O
কিলোমিটাৰ	O
।	O

দেৱীদ'লত	O
দুৰ্গাপূজাৰ	B-MISC
দিনা	O
প্ৰতিমা	O
সজাই	O
পূজা	O
পতা	O
হয়	O
।	O

আমি	O
চোৱা	O
ঠাইবোৰৰ	O
ভিতৰত	O
ৰয়েল	B-LOC
কৰ্ট	I-LOC
অৱ	I-LOC
জাষ্টিচ	I-LOC
,	O
প্ৰিন্স	B-LOC
ষ্ট্ৰিট	I-LOC
আছিল	O
।	O

৩৭	B-LOC
নং	I-LOC
ৰাষ্ট্ৰীয়	I-LOC
ঘাইপথে	I-LOC
নগৰখনৰ	O
দক্ষিণ	O
অংশক	O
আৱৰি	O
ইয়াক	O
পশ্চিম	O
অংশৰ	O
লগত	O
সংযোগ	O
কৰিছে	O
।	O

তাৰ	O
ভিতৰত	O
মহাত্মা	B-PER
গান্ধী	I-PER
,	O
অমিতাভ	B-PER
বচ্চন	I-PER
,	O
ইন্দিৰা	B-PER
গান্ধী	I-PER
আদি	O
।	O

এই	O
তাম্ৰলিপিখন	O
উত্তৰ	B-LOC
গুৱাহাটীত	I-LOC
পোৱা	O
গৈছে	O
।	O

ভাৰতীয়	B-MISC
বোধকৰো	O
আমি	O
তিনিজনেই	O
।	O

দক্ষিণ	B-LOC
আমেৰিকাৰ	I-LOC
লুপ্ত	O
ইঙ্কা	O
সভ্যতাৰ	O
অবিস্মৰণীয়	O
কৃতি	O
মাচু	B-LOC
-	I-LOC
পিচুৰ	I-LOC
উৰুবাম্বা	B-LOC
নদীৰ	I-LOC
পাৰত	O
আমি	O
থিয়	O
হৈছো	O
।	O

প্ৰায়বোৰ	O
ধৰ্মীয়	O
বিশ্বাসৰ	O
বিপৰীতে	O
টাই	O
-	O
আহোম	B-MISC
সকলে	O
মৈদাম	O
সমুহ	O
পবিত্ৰ	O
স্থান	O
বুলি	O
গণ্য	O
কৰে	O
আৰু	O
বছৰি	O
মৃতকক	O
মে	B-MISC
দাম	I-MISC
মে	I-MISC
ফী	I-MISC
দৰে	O
অনুষ্ঠান	O
আয়োজন	O
কৰি	O
সন্মান	O
জনোৱা	O
হয়	O
।	O

উমৰাংছু	B-LOC
অঞ্চলটোত	O
বিভিন্ন	O
প্ৰাকৃতিক	O
সম্পদৰে	O
ভৰি	O
আছে	O
।	O

ৰংগনাথ	B-LOC
দ'লৰ	I-LOC
কাষতে	O
দক্ষিণ	O
পশ্চিমে	O
থকা	O
কেইবাটাও	O
খটখটিৰে	O
মৈদাম	O
আকৃতিৰ	O
যি	O
ধ্বংসাৱশেষ	O
আছে	O
সেয়া	O
হ'ল	O
ফাকুৱাদ'ল	B-LOC
।	O

জাপানৰ	B-LOC
যান	O
-	O
বাহনৰ	O
সময়সূচী	O
অকণো	O
হেৰ	O
-	O
ফেৰ	O
নহয়	O
।	O

মানস	B-LOC
ব্যাঘ্ৰ	I-LOC
সংৰক্ষিত	I-LOC
অঞ্চল	I-LOC
অসমৰ	B-LOC
পাঁচখন	O
জিলাৰ	O
বিভিন্ন	O
অংশ	O
লৈ	O
গঠিত	O
হৈছে	O
-	O
কোকৰাঝাৰ	B-LOC
,	O
চিৰাং	B-LOC
,	O
বাক্সা	B-LOC
,	O
ওদালগুৰি	B-LOC
আৰু	O
দৰং	B-LOC
জিলা	O
।	O

বীচ্চখনৰ	O
নাম	O
সূৰ্য্যলংকা	B-LOC
বীচ্চ	I-LOC
।	O

হালং	B-LOC
বেই	I-LOC
ভিয়েটনামৰ	B-LOC
পৰ্যটন	O
উদ্যোগৰ	O
বিকাশৰ	O
সম্ভাৱনাক	O
উজলাই	O
ৰাখিছে	O
।	O

এই	O
সভাগৃহতে	O
আন	O
সময়ত	O
নাট	B-MISC
-	I-MISC
ভাওনা	I-MISC
আৰু	O
সভা	O
-	O
সমিতি	O
অনুষ্ঠিত	O
কৰা	O
হয়	O
।	O

প্ৰকাশ	B-PER
সি	I-PER
বাদলৰ	I-PER
সপোনপুৰী	O
হাৰিয়ানা	B-LOC
এৰি	O
পুৱা	O
পাঁচ	O
বজাত	O
পঞ্চাবলৈ	B-LOC
এখন	O
টুৰিষ্ট	O
বাছত	O
আমাৰ	O
গন্তব্যস্থল	O
জলন্ধৰলৈ	B-LOC
২৯৫	O
কিলোমিটাৰ	O
দূৰ	O
।	O

এনে	O
সময়ত	O
মোৰ	O
মনলৈ	O
আহিছিল	O
অসমৰ	B-LOC
নদী	O
বন্দৰসমূহ	O
আৰু	O
শ্ৰীৰামপুৰ	B-LOC
তালাচী	O
চকীতো	O
যদি	O
এনে	O
ব্যৱস্থা	O
থাকিলহেঁতেন	O
।	O

পৃথিৱীৰ	O
প্ৰায়	O
দুই	O
তৃতীয়াংশ	O
এক	O
খড়্গযুুুুক্ত	O
গঁড়ৰ	O
বাসস্থান	O
কাজিৰঙা	B-LOC
বিশ্ব	O
ঐতিহ্যক্ষেত্ৰসমূহৰ	O
এখন	O
।	O

কৃষ্ণৰূপে	B-PER
সমস্ত	O
পৃথিৱীকে	O
আনন্দ	O
সাগৰত	O
দ্ৰৱিত	O
কৰি	O
,	O
বাসুদেৱৰূপে	B-PER
সমস্ত	O
জগততে	O
বাস	O
কৰিছে	O
আৰু	O
সমস্ত	O
জগতো	O
তেওঁতে	O
নিবাস	O
কৰিছে	O
।	O

আনহাতে	O
লণ্ডন	B-LOC
চহৰৰ	O
অলিয়ে	O
-	O
গলিয়ে	O
,	O
ফ্ৰান্সৰ	B-LOC
ৰাজধানী	O
পেৰিছৰ	B-LOC
আইফেলটাৱাৰৰ	B-LOC
আশে	O
-	O
পাশে	O
,	O
ইটালীৰ	B-LOC
ৰোম	B-LOC
চহৰ	O
বা	O
আশে	O
-	O
পাশে	O
,	O
ইটালীৰ	B-LOC
চহৰ	O
বা	O
তাৰ	O
আশে	O
-	O
পাশে	O
থকা	O
গাঁওবোৰৰ	O
মাজে	O
মাজে	O
ছুইজাৰলেণ্ডৰ	B-LOC
আল্পছ	B-LOC
পৰ্বতৰ	I-LOC
শোভা	O
-	O
আদি	O
পৃথিৱীৰ	O
যিবোৰ	O
ঠাইলৈকে	O
গৈছোঁ	O
,	O
সেইবোৰৰ	O
প্ৰতিখন	O
ঠাইতে	O
ধলপুৱাতে	O
খোজকাঢ়ি	O
অতি	O
আনন্দ	O
লভিছোঁ	O
।	O

কালি	O
ধেমাজি	B-LOC
জিলা	O
বন্ধ	O
আছিল	O
বাবে	O
কালি	O
লক্ষীমপুৰতে	B-LOC
থাকি	O
গণেশ	B-LOC
মন্দিৰ	I-LOC
,	O
শিৱ	B-LOC
মন্দিৰ	I-LOC
,	O
পদুমণিৰ	B-LOC
আইথান	I-LOC
পাভৈ	B-LOC
অভয়াৰণ্য	I-LOC
চালোঁ	O
।	O

সুন্দৰৰীদিয়া	B-LOC
সত্ৰৰ	I-LOC
বন্তি	O
পূবমুৱাকৈ	O
জ্বলোৱা	O
হয়	O
।	O

ইয়াৰ	O
অলিযে	O
-	O
গলিয়ে	O
কোজকাঢ়ি	O
আগবাঢ়িছিলোঁ	O
ৰঘুনাথ	B-LOC
মন্দিৰলৈ	I-LOC
।	O

মংগোলীয়	B-MISC
সকলেও	O
এই	O
স্থান	O
সেৱা	O
সৎকাৰৰ	O
স্থান	O
হিচাপে	O
বাচি	O
ল'লে	O
।	O

ইয়াৰ	O
পৰা	O
গোলাঘাট	B-LOC
নগৰৰ	O
দূৰত্ব	O
২৫	O
কি:মি:	O
আৰু	O
কাজিৰঙা	B-LOC
ৰাষ্ট্ৰীয়	I-LOC
উদ্যানৰ	I-LOC
দূৰত্ব	O
৬৫	O
কি:মি:	O
।	O

কেইবাজনো	O
ডেকা	O
ব্যৱসায়ীয়ে	O
আলোচনা	O
কালত	O
অসমৰ	B-LOC
পৰা	O
তিল	O
,	O
গোমদান	O
,	O
আদা	O
,	O
শকাম	O
জলকীয়া	O
,	O
ছয়াবিন	O
আদি	O
ৰপ্তানি	O
সম্পৰ্কে	O
বুজ	O
দিছিল	O
।	O

ক্যাটকাত	B-LOC
এটা	O
ক্লাচ	O
স্বাস্থ্যকেন্দ্ৰ	O
আছে	O
।	O

পল্টন	B-LOC
বজাৰ	I-LOC
যাতায়ত	O
আৰু	O
হোটেলৰ	O
কেন্দ্ৰ	O
,	O
পাণ	B-LOC
বজাৰত	I-LOC
বিভিন্ন	O
শৈক্ষিক	O
আৰু	O
প্ৰশাসনিক	O
ভৱন	O
আছে	O
,	O
ফাঁচী	B-LOC
বজাৰ	I-LOC
হৈছে	O
পাইকাৰী	O
আৰু	O
খুচুৰা	O
বস্তু	O
বিক্ৰীৰ	O
কেন্দ্ৰ	O
আৰু	O
উজান	B-LOC
বজাৰ	I-LOC
হৈছে	O
মূলতঃ	O
আবাসিক	O
আৰু	O
প্ৰশাসনিক	O
অঞ্চল	O
।	O

কথিত	O
আছে	O
যে	O
ৰুদ্ৰসিংহই	B-PER
তেওঁৰ	O
মাক	O
সতী	O
জয়মতীৰ	B-PER
এখনি	O
সোনৰ	O
প্ৰতিমা	O
সাজি	O
দিয়ে	O
।	O

গুৰুজনাৰ	O
মুখেৰে	O
এই	O
কথা	O
জানিব	O
পাৰি	O
নাৰায়ন	B-PER
ঠাকুৰ	I-PER
আতাই	I-PER
ভৱানীপুৰত	B-LOC
গোপাল	B-PER
আতাৰ	I-PER
হতুৱাই	O
এটা	O
পাটকুঁৱা	O
বহুৱাই	O
।	O

সম্পূৰ্ণ	O
কৈ	O
ক'ব	O
লাগিলে	O
স্পেনীয়	B-MISC
ভাষাত	O
এনেকুৱা	O
-	O
অসমীয়াত	B-MISC
ক'বলৈ	O
হলে	O
ৰাইজৰ	O
দ্বাৰা	O
পৰিচালিত	O
স্থানীয়	O
স্বাস্থ্যকেন্দ্ৰ	O
।	O

দেশৰ	O
প্ৰায়	O
আটাইকেইটা	O
বিমান	O
বন্দৰৰ	O
সৈতে	O
গুৱাহাটী	B-LOC
সংযোগিত	O
।	O

হানয়	B-ORG
এগ্ৰিকালচাৰ	I-ORG
ইউনিভাৰ্ছিটি	I-ORG
,	O
ৰুট	B-ORG
এণ্ড	I-ORG
টিউবাৰ	I-ORG
ক্ৰপ	I-ORG
ৰিছাৰ্চ	I-ORG
ডেভেলপমেণ্ট	I-ORG
ছেণ্টাৰ	I-ORG
আদি	O
নগৰৰ	O
উল্লেখনীয়	O
কৃষি	O
শিক্ষা	O
কেন্দ্ৰ	O
।	O

এই	O
সকলোবোৰ	O
দাল	B-LOC
হ্ৰদৰ	I-LOC
সোঁফালে	O
ডাল	B-LOC
গেট	I-LOC
নং	I-LOC
২ৰ	I-LOC
পৰা	O
ক্ৰমান্বয়ে	O
আৰম্ভ	O
হৈ	O
শালিমাৰ	B-LOC
বাগত	I-LOC
শেষ	O
হৈছে	O
।	O

কমাৰকুছি	B-LOC
থানৰ	I-LOC
মেধিসকল	O
বনগঞাগিৰি	O
বংশধৰ	O
আছিল	O
বুলি	O
জনা	O
যায়	O
।	O

অৱশ্যে	O
হায়দৰাবাদৰ	B-LOC
আভ্যন্তৰীণ	O
যাতায়ত	O
আৰু	O
পৰিবহণ	O
ব্যৱস্থা	O
সিমান	O
উন্নত	O
নহয়	O
।	O

জয়সাগৰৰ	B-LOC
উত্তৰ	O
পশ্চিম	O
চুকত	O
দেৱীদ'ল	B-LOC
অৱস্থিত	O
।	O

২০০৬	B-DATE
চনত	I-DATE
ভাৰতীয়	O
আলোচনী	O
আউটলুকে	B-MISC
কৰা	O
এক	O
সমীক্ষামতে	O
এই	O
ক্ষেত্ৰত	O
ভাৰতৰ	B-LOC
নগৰসমূহৰ	O
ভিতৰত	O
গুৱাহাটীৰ	B-LOC
স্থান	O
১৬তম	O
।	O

পুহ	O
-	O
মাঘৰ	O
সংক্ৰান্তিৰ	O
দিনা	O
ভোগালী	B-MISC
বিহু	I-MISC
বা	O
মাঘ	B-MISC
বিহু	I-MISC
পালন	O
কৰা	O
হয়	O
।	O

অতনুৰ	B-PER
মাক	O
সুনীতি	B-PER
বৰঠাকুৰ	I-PER
আমাৰ	O
লগত	O
দিল্লীলৈ	B-LOC
গৈছিল	O
আমি	O
আটাইবোৰ	O
গৈ	O
অতনু	B-PER
আৰু	O
মুন্নীৰ	B-PER
চৰিত্ৰ	O
বাহাৰত	O
আশ্ৰয	O
ললোঁ	O
।	O

কাৰ্বিসকলৰ	B-MISC
মাজত	O
ছোৱালীৰ	O
নাম	O
হিচাপে	O
কাজিৰ	O
বহুল	O
প্ৰচলিত	O
।	O

নগৰখনৰ	O
উৎপত্তিৰ	O
কথা	O
জনা	O
নাযায়	O
যদিও	O
মহাকাব্য	O
,	O
পুৰাণ	O
আৰু	O
আন	O
পৰম্পৰাগত	O
ইতিহাসত	O
উল্লেখ	O
কৰা	O
কাহিনীসমূহৰ	O
পৰা	O
ইয়াক	O
এছিয়াৰ	B-LOC
এখন	O
অন্যতম	O
পুৰণি	O
নগৰ	O
বুলি	O
অনুমান	O
কৰিব	O
পাৰি	O
।	O

ইয়াৰ	O
পাছত	O
আমি	O
তিনি	O
দিনৰ	O
বাবে	O
আয়াৰলেণ্ডৰ	B-LOC
পশ্চিম	O
ভাগলৈ	O
যাবলৈ	O
ওলালোঁ	O
।	O

ডিমা	B-LOC
হাছাও	I-LOC
জিলাত	O
গ্ৰাম	O
পঞ্চায়ত	O
ব্যৱস্থা	O
বাহাল	O
কৰা	O
হোৱা	O
নাই	O
।	O

পুৰণি	O
বাসুদেৱ	B-LOC
থানৰ	I-LOC
মূৰ্তিভাগ	O
চুতীয়া	B-MISC
ৰজা	O
সত্যনাৰায়ন	I-PER
দ্বাৰা	O
প্ৰতিষ্ঠা	O
কৰা	O
হৈছিল	O
।	O

এই	O
বন্যপ্ৰাণী	O
অভয়াৰণ্য	O
ব্ৰহ্মপুত্ৰ	B-LOC
নদীৰ	I-LOC
উত্তৰ	O
পাৰে	O
শোণিতপুৰ	B-LOC
জিলাত	O
অৱস্থিত	O
।	O

জিলাখনৰ	O
চাৰিখন	O
পুলিছ	O
থানা	O
ক্ৰমে	O
-	O
হাফলং	B-LOC
,	O
মাইবং	B-LOC
,	O
মাহুৰ	B-LOC
আৰু	O
উমৰাংছু	B-LOC
।	O

বাণ	O
ৰজাৰ	O
জীয়ৰী	O
উষাক	B-PER
শ্ৰীকৃষ্ণৰ	B-PER
নাতি	O
অনিৰুদ্ধই	B-PER
অগ্নিগড়ৰৰ	B-LOC
ভিতৰতে	O
গন্ধৰ্ব	O
বিবাহ	O
কৰোৱা	O
বুলি	O
জানি	O
বাণ	B-PER
ৰজাই	O
নাগপাশেৰে	O
বন্দী	O
কৰি	O
ৰাখে	O
।	O

এই	O
চিৰিয়াখানাটো	O
গুৱাহাটীৰ	B-LOC
হেঙেৰাবাৰী	B-LOC
সংৰক্ষিত	O
বনাঞ্চলত	O
অৱস্থিত	O
।	O

এই	O
পবিত্ৰা	B-PER
ৰজাৰ	O
বৰ	O
মৰমৰ	O
আছিল	O
।	O

নামচাইৰ	B-LOC
অৰুণাচলী	B-MISC
বন্ধুৰ	O
চাংঘৰত	O
উঠি	O
জিৰণি	O
ল'লোঁ	O
।	O

অশ্বক্ৰান্ত	B-LOC
মন্দিৰ	I-LOC
ব্ৰহ্মপুত্ৰৰ	B-LOC
উত্তৰ	O
পাৰত	O
উত্তৰ	B-LOC
গুৱাহাটীত	I-LOC
অৱস্থিত	O
তীৰ্থস্থান	O
।	O

হাজোৰ	B-LOC
পোৱামক্কা	B-LOC
এটি	O
উল্লেখযোগ্য	O
পৰ্যটনস্থলী	O
।	O

ওৰাং	B-LOC
ৰাষ্ট্ৰীয়	I-LOC
উদ্যানৰ	I-LOC
গঁড়	O
সংৰক্ষণ	O
আৰু	O
উন্নয়নৰ	O
সহায়তা	O
কৰাৰ	O
বাবে	O
নীতি	O
ও	O
কৰ্মসূচী	O
বিকশিত	O
কৰিবলৈ	O
ৱৰ্ল্ড	B-ORG
এছোচিয়েশ্যন	I-ORG
অফ	I-ORG
জুচ	I-ORG
এণ্ড	I-ORG
একোৱেৰিয়ামছৰ	I-ORG
দ্বাৰা	O
এটি	O
উদ্যোগ	O
লোৱা	O
হৈছিল	O
।	O

জয়সাগৰ	B-LOC
পুখুৰী	I-LOC
শিৱসাগৰ	B-LOC
চহৰৰ	O
পৰা	O
প্ৰায়	O
৪	O
কি:মি:	O
নিলগত	O
অৱস্থিত	O
।	O

ৰংগনাথ	B-LOC
দ'লৰ	I-LOC
পূবে	O
আছে	O
গৰুদ'ল	B-LOC
।	O

আদিতে	O
নিৰ্মিত	O
মঠটি	O
১৮৯৭	B-DATE
চনত	I-DATE
প্ৰাকৃতিক	O
কাৰণত	O
প্ৰায়	O
১০	O
ফুটমান	O
মাটিল	O
তলত	O
সোমাই	O
যায়	O
আৰু	O
বেৰৰ	O
মূৰ্তিসমূহৰ	O
কিছু	O
অংশহে	O
দৃশ্যমান	O
হৈ	O
আছে	O
।	O

কিন্তু	O
সোৱণশিৰিয়ে	B-LOC
খহাই	O
নিয়াত	O
থানখন	O
তাৰ	O
পৰা	O
তুলি	O
আনি	O
চামপৰা	B-LOC
আৰু	O
কঢ়ানৈৰ	B-LOC
মাজত	O
ৰমাকান্ত	B-PER
আতাৰ	I-PER
পুত্ৰ	O
ৰামচৰণ	B-PER
আতাৰ	I-PER
দিনত	O
স্বৰ্গদেউ	O
শিৱসিংহৰ	B-PER
ৰাজসাহায্যত	O
প্ৰতিষ্ঠা	O
কৰা	O
হয়	O
আৰু	O
বাসুদেৱ	B-LOC
থান	I-LOC
নামেৰে	O
প্ৰসিদ্ধি	O
লাভ	O
কৰে	O
।	O

ই	O
ব্ৰহ্মপুত্ৰ	B-LOC
নদীৰ	I-LOC
উত্তৰপাৰে	O
দৰং	B-LOC
আৰু	O
শোণিতপুৰ	B-LOC
জিলাত	O
মাজত	O
ভৌগোলিকভাৱে	O
অৱস্থিত	O
।	O

কোৱা	O
হয়	O
ইউৰাল	B-LOC
আৰু	O
ককেছাছ	B-LOC
পৰ্বতেই	O
ইউৰোপৰ	O
সীমা	O
।	O

মই	O
জনা	O
হোৱাৰ	O
পৰা	O
প্ৰথম	O
ৰে'ল	O
ভ্ৰমণটো	O
আছিল	O
শৰাইঘাটৰ	B-LOC
দলং	I-LOC
মুকলি	O
হোৱা	O
বছৰটোত	O
।	O

মহাৰাজ	O
অশোকে	B-PER
কাশ্মীৰত	B-LOC
বহুতো	O
বৌদ্ধ	B-MISC
স্তুপ	O
সজাইছিল	O
।	O

ব্ৰহ্মপুত্ৰ	B-LOC
বুকুত	O
অৱস্থিত	O
এই	O
দ্বীপটোৰ	O
সৌন্দৰ্যই	O
যে	O
আপোনাক	O
বিমোহিত	O
কৰিব	O
ই	O
নিশ্চিত	O
।	O

সুখৰ	O
বিষয়	O
যে	O
অসম	B-ORG
ৰাজ্যিক	I-ORG
সংগ্ৰহালয়ে	I-ORG
যোৱা	O
১৯৮০	B-DATE
-	I-DATE
৮১	I-DATE
চনৰপৰা	I-DATE
উক্ত	O
দেৱালয়ৰ	O
মূৰ্তি	O
সংৰক্ষণৰ	O
দায়িত্ব	O
লয়	O
।	O

নৰ্থব্ৰুক	B-LOC
গেট	I-LOC
গুৱাহাটীৰ	B-LOC
ব্ৰহ্মপুত্ৰৰ	B-LOC
দাঁতিত	O
অৱস্থিত	O
আৰু	O
ইয়াক	O
১৮৭৪	B-DATE
চনৰ	I-DATE
২৭	B-DATE
আগষ্টত	I-DATE
সেই	O
সময়ৰ	O
ভাৰতৰ	O
ভাইছৰয়	O
থমাছ	B-PER
জ'ৰ্জ	I-PER
বেৰিঙক	I-PER
আদৰাৰ	O
অৰ্থে	O
নিৰ্মাণ	O
তথা	O
উদ্বোধন	O
কৰা	O
হৈছিল	O
।	O

তেওক	O
বহুবোৰ	O
টোপ	O
-	O
ধ্বনিৰে	O
আদৰা	O
হয়	O
আৰু	O
সেই	O
আদৰণিৰ	O
পিছত	O
তেখেতে	O
এই	O
নৱ	O
নিৰ্মিত	O
গেট	O
বা	O
তোৰণেৰে	O
গুৱাহাটীত	B-LOC
প্ৰৱেশ	O
কৰে	O
।	O

সম্ভৱতঃ	O
এই	O
উপাসনা	O
পদ্ধতিৰ	O
বাবেই	O
অসমৰ	B-LOC
বহু	O
প্ৰাচীন	O
মন্দিৰ	O
,	O
যেনে	O
কামাখ্যা	B-LOC
,	O
হয়গ্ৰীৱ	B-LOC
আদিয়ে	O
পৰৱৰ্তী	O
কালত	O
কোঁচ	O
,	O
আহোম	O
আদি	O
শাসকৰ	O
পৃষ্ঠপোষকতা	O
পোৱাৰ	O
দৰে	O
মদন	B-LOC
কামদেৱে	I-LOC
কোনো	O
পৃষ্ঠপোষকতা	O
নাপালে	O
আৰু	O
এদিন	O
হাবি	O
-	O
বননিয়ে	O
সমগ্ৰ	O
অঞ্চল	O
ঢাকি	O
ধৰিলে	O
।	O

থাইলেণ্ডলৈ	B-LOC
বৌদ্ধ	B-MISC
ধৰ্ম	O
পোণপটীয়াভাৱে	O
ভাৰতৰ	B-LOC
পৰা	O
প্ৰসাৰিত	O
হোৱা	O
নাই	O
।	O

২০১৩	B-DATE
চনৰ	I-DATE
৬	B-DATE
জুলাই	I-DATE
তাৰিখে	O
অসমৰ	B-LOC
মুখ্যমন্ত্ৰী	O
তৰুণ	B-PER
গগৈয়ে	I-PER
বিজ্ঞান	O
কেন্দ্ৰ	O
আৰু	O
তাৰকাগৃহটো	O
উদ্বোধন	O
কৰে	O
।	O

মুখ্য	O
অঞ্চল	O
পুৰণি	O
নগৰখনৰ	O
লগতে	O
পাণ	B-LOC
বজাৰ	I-LOC
,	O
পল্টন	B-LOC
বজাৰ	I-LOC
,	O
ফাঁচী	B-LOC
বজাৰ	I-LOC
আৰু	O
উজান	B-LOC
বজাৰেৰে	I-LOC
গঠিত	O
।	O

দীপৰ	B-LOC
বিল	I-LOC
হৈছে	O
গুৱাহাটী	B-LOC
মহানগৰীৰ	O
দক্ষিণ	O
পশ্চিম	O
দিশত	O
অৱস্থিত	O
এক	O
বিস্তৃত	O
জলাহভূমি	O
।	O

মই	O
আৰু	O
টুলেন	B-PER
বেছি	O
উসাহী	O
হৈ	O
ফটো	O
এখন	O
উঠাৰ	O
উদ্দেশ্য়	O
জলপ্ৰপাতৰ	O
একেবাৰে	O
নিম্নাংশৰ	O
বহু	O
কাষ	O
চাপি	O
গলো	O
।	O

এৰা	O
মই	O
অৰুণাচলৰ	B-LOC
কথাই	O
ক'ব	O
খুজিছোঁ	O
।	O

আমেৰিকাৰ	B-LOC
ৰাষ্ট্ৰপতিৰ	O
শপতগ্ৰহণ	O
হয়	O
জানুৱাৰী	O
মাহৰ	O
২০	B-DATE
তাৰিখে	I-DATE
।	O

সন্তান	O
প্ৰসবৰ	O
সময়ত	O
ফুলেশ্বৰী	B-LOC
কুৱঁৰীৰ	O
মৃত্যু	O
হয়	O
।	O

বন্যপ্ৰাণী	O
দৰ্শনৰ	O
বাবে	O
ছহলা	B-LOC
,	O
মিহিমুখ	B-LOC
,	O
কাঠপৰা	B-LOC
,	O
ফলিয়ামাৰী	B-LOC
,	O
আৰু	O
হৰমতীত	B-LOC
দৰ্শন	O
স্তম্ভ	O
আছে	O
।	O

জানুৱাৰী	O
মাহত	O
ইয়াত	O
এখন	O
শক্তি	B-MISC
যজ্ঞ	I-MISC
অনুষ্ঠিত	O
হয়	O
।	O

এইখন	O
১৯৭৯	B-DATE
চনত	I-DATE
চিল্ড্ৰেন্‌ছ	B-ORG
বুক	I-ORG
ট্ৰাষ্টৰ	I-ORG
দ্বাৰা	O
প্ৰকাশিত	O
হৈছিল	O
।	O

সঞ্চালকৰ	O
কাৰ্যালয়ত	O
আমি	O
পেৰু	B-LOC
আৰু	O
অৰুণাচলৰ	B-LOC
স্বাস্থ্য	O
পৰিচালনা	O
পদ্ধতি	O
সম্পৰ্কে	O
আলোচনা	O
কৰিলো	O
।	O

বিশ্বাস	O
কৰা	O
হয়	O
যে	O
বিখ্যাত	O
দেৱী	O
মহামায়াক	B-PER
পৰম্পৰাগতভাৱে	O
পৰ্বতযোৰাৰ	B-LOC
কছাৰী	B-MISC
,	O
কোচ	B-MISC
আৰু	O
নাথ	B-MISC
আদি	O
স্থানীয়	O
লোকসকলে	O
আৰাধনা	O
কৰিছিল	O
।	O

শক্তিৰ	B-PER
পৰিবাৰ	O
আৰু	O
মাকে	O
তিনিওকে	O
পুৱাৰ	O
আহাৰ	O
তেওঁলোকৰ	O
ঘৰতে	O
গ্ৰহণ	O
কৰি	O
আহিবলৈ	O
জোৰ	O
কৰিছিল	O
।	O

পৰিহৰেশ্বৰ	B-LOC
দেৱালয়ৰ	I-LOC
এই	O
কেতেকীবাৰীখন	O
অঞ্চলবাসীৰ	O
বাবেও	O
এক	O
গৌৰৱৰ	O
সম্পদ	O
।	O

জলবায়ু	O
বিজ্ঞানৰ	O
ফালৰ	O
পৰা	O
মাজুলীৰ	B-LOC
জলবায়ুক	O
উপক্ৰান্তীয়	O
মৌচুমী	O
জলবায়ু	O
বোলা	O
হয়	O
।	O

মনত	O
পৰিল	O
দেৱকান্ত	B-PER
বৰুৱাৰ	I-PER
সাগৰ	O
দেখিছা	O
?	O
ডিব্ৰুগড়	B-LOC
চহৰৰ	O
পৰা	O
জগন্নাথ	B-LOC
মন্দিৰলৈ	I-LOC
যোৱা	O
নিয়মীয়াকৈ	O
অটো	O
ৰিক্সা	O
পোৱা	O
যায়	O
।	O

সোণাই	B-LOC
-	I-LOC
ৰূপাই	I-LOC
অভয়াৰণ্যৰ	O
মাটিকালি	O
প্ৰায়	O
২২০	O
বৰ্গ	O
কিলোমিটাৰ	O
।	O

চুবুৰীয়া	O
ৰাজ্য	O
কৰ্ণাটকৰ	B-LOC
ৰাজধানী	O
চহৰ	O
বাংগালোৰৰ	B-LOC
বিকাশ	O
এইক্ষেত্ৰত	O
কম	O
নাছিল	O
যদিও	O
মাইক্ৰ'ছফটৰ	B-ORG
মুৰব্বী	O
বিল	B-PER
গেটছ	I-PER
যেতিয়া	O
ৰাজধানী	O
নতুন	B-LOC
দিল্লীৰ	I-LOC
পৰিৱৰ্তে	O
আমেৰিকাৰ	I-LOC
পৰা	O
পোনে	O
পোনে	O
উৰি	O
আহি	O
হায়দৰাবাদত	B-LOC
উপস্থিত	O
হৈছিল	O
,	O
বিল	B-PER
গেটছৰ	I-PER
ভ্ৰমণসূচীত	O
যেতিয়া	O
হায়দৰাবাদ	B-LOC
অন্তৰ্ভুক্ত	O
হৈছিল	O
,	O
তেতিয়াই	O
জানিব	O
পৰা	O
গৈছিল	O
যে	O
বাংগালোৰতকৈ	B-LOC
হায়দৰাবাদ	B-LOC
বহুত	O
আগবাঢ়ি	O
গৈছে	O
।	O

বিভিন্ন	O
তীৰ্থস্থান	O
,	O
মন্দিৰ	O
,	O
গীৰ্জা	O
,	O
ক্লক	B-LOC
টাৱাৰ	I-LOC
,	O
লাইট	B-LOC
হাউচ	I-LOC
আদি	O
ভেমুনিপট্টনমত	B-LOC
পৰ্যটকসকলে	O
দৰ্শন	O
কৰিব	O
পাৰে	O
।	O

মন্দিৰটোৰ	O
নামেৰে	O
এই	O
অঞ্চলটোৰ	O
নামো	O
নাগশংকৰ	B-LOC
পৰিছে	O
।	O

মদন	B-LOC
কামদেৱৰ	I-LOC
পৰা	O
উত্তৰ	B-LOC
গুৱাহাটীলৈ	I-LOC
দূৰত্ব	O
মাথোঁ	O
দহ	O
কিলোমিটাৰ	O
।	O

চুচিয়ে	B-PER
ক'লে	O
,	O
-	O
টুক	O
-	O
টুকবোৰ	O
ভাৰতৰ	B-LOC
বাজাজ	B-ORG
অটোৰিক্সা	O
।	O

কিছুদিনৰ	O
পাছতে	O
এই	O
দেওশালকে	B-LOC
ধৰি	O
এটা	O
বৃহৎ	O
এলেকা	O
পুণৰ	O
দিখৌৱে	B-LOC
সামৰি	O
লয়	O
।	O

আমি	O
আশোকাষ্টমীৰ	B-MISC
দিনা	O
এই	O
মন্দিৰত	O
উপস্থিত	O
হৈছিলো	O
।	O

দশম	O
শতিকাৰ	O
জগত	O
গুৰু	O
শংকৰাচাৰ্যই	B-PER
নৱ	B-MISC
-	I-MISC
বৈষ্ণৱ	I-MISC
ধৰ্ম	I-MISC
প্ৰচাৰৰ	O
বাবে	O
আহি	O
এই	O
মন্দিৰত	O
থাকিবলৈ	O
লৈছিল	O
।	O

১৬৯৪	B-DATE
চনত	I-DATE
আহোম	O
স্বৰ্গদেউ	B-PER
গদাধৰ	B-PER
সিংহয়ে	I-PER
গড়গঞা	B-PER
সন্দিকৈ	I-PER
ফুকনক	I-PER
উমানন্দ	B-LOC
মন্দিৰ	I-LOC
নিৰ্মাণ	O
কৰিবলৈ	O
আদেশ	O
দিছিল	O
।	O

আমি	O
আবেঠ	B-LOC
লিমালৈ	I-LOC
আহিম	O
।	O

হায়দৰাবাদ	B-LOC
আজিও	O
ভাৰতৰ	B-LOC
প্ৰযুক্তিৰ	O
ৰাজধানী	O
।	O

বৰনদী	B-LOC
অভয়াৰণ্য	I-LOC
হিমালয়ৰ	B-LOC
পাদদেশত	O
আৰু	O
ভূটানৰ	B-LOC
সীমান্তত	O
ওদালগুৰি	B-LOC
জিলা	O
আৰু	O
বাক্সা	B-LOC
জিলাত	O
অৱস্থিত	O
এখন	O
বন্যপ্ৰাণী	O
অভয়াৰণ্য	O
।	O

নেদেখা	O
হোৱালৈকে	O
ময়ো	O
চিচিঙলৈ	B-PER
চাই	O
হাত	O
জোকাৰি	O
চিচিঙক	B-PER
বিদায়	O
দিলোঁ	O
।	O

প্ৰায়	O
তিনিঘন্টা	O
আলোচনাৰ	O
অন্তত	O
কাৰ্লৰ	B-PER
পৰা	O
বিদায়	O
ললো	O
।	O

উল্লেখযোগ্য	O
যে	O
এই	O
মন্দিৰত	O
খান্দি	O
পোৱা	O
মূৰ্তিবোৰৰ	O
ভিতৰত	O
মৈথুন	O
-	O
চিত্ৰ	O
আকৰ্ষণীয়	O
আৰু	O
এই	O
মৈথুন	O
-	O
চিত্ৰ	O
-	O
খোদিত	O
ভাস্কৰ্য	O
মধ্যপ্ৰদেশৰ	B-LOC
খাজুৰাহো	B-LOC
মন্দিৰত	O
পোৱা	O
মূৰ্তিবোৰৰ	O
লগত	O
তুলনীয়	O
।	O

এই	O
সম্বন্ধে	O
শ্ৰীমদ্ভাগৱত	B-MISC
,	O
কালিকাপুৰাণ	B-MISC
আৰু	O
মহাভাৰতত	B-MISC
উল্লেখ	O
আছে	O
।	O

১৪৭০	B-DATE
চনত	I-DATE
২১	O
বছৰ	O
বয়সত	O
শংকৰদেৱে	B-PER
বৰদোৱাত	B-LOC
ফাকুৱা	B-MISC
আৰু	O
দৌল	B-MISC
উৎসৱৰ	I-MISC
সূচনা	O
কৰে	O
।	O

অন্য	O
এক	O
কিংবদন্তী	O
অনুসৰি	O
শোণিতপুৰত	B-LOC
ৰাজত্ব	O
কৰা	O
বাণ	B-PER
ৰজায়ে	O
বিশ্বনাথত	B-LOC
দ্বিতীয়	O
কাশী	B-LOC
স্থাপন	O
কৰিবলৈ	O
বিচাৰিছিল	O
আৰু	O
সেই	O
হেতুকে	O
১০০০	O
শিৱলিংগ	O
স্থাপন	O
কৰিছিল	O
।	O

কেইবছৰ	O
বছৰ	O
আগত	O
,	O
কিছুমান	O
প্ৰত্নতাত্ত্বিসকলে	O
শ্ৰী	B-LOC
সূৰ্যত	I-LOC
কিছুমান	O
শিৱ	O
লিংগ	O
আৰু	O
কেইবাটাও	O
ঘৰ	O
আৱিষ্কাৰ	O
কৰিছিল	O
-	O
এনে	O
ফলাফল	O
যিটো	O
বহু	O
শতাব্দী	O
আগত	O
শ্ৰী	B-LOC
সূৰ্য	I-LOC
পাহাৰৰ	I-LOC
ওচৰে	O
-	O
পাজৰে	O
এটা	O
সমৃদ্ধ	O
সভ্যতা	O
প্ৰতিষ্ঠিত	O
আছিল	O
যি	O
দীৰ্ঘকালীন	O
বিশ্বাসক	O
নিশ্চিত	O
কৰিছিল	O
।	O

গুৱাহাটী	B-FAC
ৰেল	I-FAC
ষ্টেচনৰ	I-FAC
পৰা	O
মন্দিৰলৈ	O
দূৰত্ব	O
মাথোঁ	O
৩	O
কিলোমিটাৰ	O
।	O

ইয়াৰ	O
প্ৰধান	O
উৎপাদন	O
উদ্যোগ	O
হ'ল	O
ভাৰতীয়	B-ORG
তেল	I-ORG
নিগমৰ	I-ORG
গুৱাহাটী	B-LOC
মহানগৰীৰ	O
নুনমাটিত	B-LOC
অৱস্থিত	O
নুনমাটি	B-ORG
তেল	I-ORG
শোধনাগাৰটো	I-ORG
।	O

ভাৰতীয়	B-ORG
জাতীয়	I-ORG
কংগ্ৰেছৰ	I-ORG
শ্ৰী	O
বীৰেন	B-PER
সিং	I-PER
ইংতি	I-PER
এই	O
সমষ্টিৰ	O
বৰ্তমান	O
নিৰ্বাচিত	O
সাংসদ	O
।	O

কথা	O
মকেই	O
কাম	O
কাছাৰী	B-FAC
ঘাটত	I-FAC
এজন	O
নাৱৰিয়াক	O
ঠিক	O
কৰিলো	O
।	O

গুৱাহাটী	B-ORG
তাৰকাগৃহ	I-ORG
অসমৰ	B-LOC
গুৱাহাটীত	B-LOC
অৱস্থিত	O
জ্যোতিৰ্বিজ্ঞানৰ	B-ORG
শিক্ষা	I-ORG
আৰু	I-ORG
গৱেষণা	I-ORG
কেন্দ্ৰ	I-ORG
।	O

পাহাৰৰ	O
নামনিত	O
মন্দিৰটোৰ	O
কাষতে	O
অশ্বক্ৰান্ত	B-LOC
নামৰ	O
এটা	O
কুণ্ডও	O
আছে	O
।	O

বৰ্তমান	O
ভূটানৰ	B-LOC
থিম্ফুৰ	B-LOC
পৰা	O
গুৱাহাটী	B-LOC
হৈ	O
ছিংগাপুৰলৈ	B-LOC
ড্ৰুক	B-ORG
এয়াৰৰ	I-ORG
বিমান	O
চলাচল	O
কৰে	O
।	O

হাফলং	B-LOC
এতিয়াও	O
ডিমা	B-LOC
হাছাও	I-LOC
জিলাৰ	O
সদৰ	O
।	O

উদ্দেশ্য	O
বৌদ্ধ	B-MISC
বিহাৰ	O
দৰ্শন	O
কৰা	O
।	O

অলপীয়া	O
সৈন্যৰে	O
কেইদিনমান	O
যুঁজ	O
দিয়াৰ	O
পিছত	O
বুঢ়াগোহাঁইয়ো	B-PER
সাহায্য	O
বিচাৰি	O
ভটিয়াই	O
যায়	O
।	O

উগ্ৰতাৰা	B-LOC
দেৱালয়	I-LOC
গুৱাহাটীৰ	B-LOC
লতাশিল	B-LOC
অঞ্চলত	O
অৱস্থিত	O
দশ	O
মহাবিদ্যাৰ	O
দ্বিতীয়	O
দেৱী	O
তাৰাৰ	B-PER
উগ্ৰ	O
স্বৰূপ	O
উগ্ৰতাৰাৰ	B-PER
নামত	O
উৎসৰ্গিত	O
মন্দিৰ	O
।	O

পঞ্জাবত	B-LOC
অসমৰ	B-LOC
বাঁহ	O
আৰু	O
বেতৰ	O
চাহিদা	O
আছে	O
।	O

শংকৰ	B-PER
-	O
মাধৱৰ	B-PER
এই	O
মিলনক	O
অসমীয়া	O
সাহিত্যত	O
মণি	O
কাঞ্চন	O
সংযোগ	O
আখ্যা	O
দিয়া	O
হৈছে	O
।	O

দিবানগিৰি	B-LOC
পৰ্বতৰ	I-LOC
গাতে	O
লাগি	O
পূবফালে	O
মদনগুৰি	B-LOC
বা	O
মদনকুৰি	B-LOC
নামে	O
মৰা	O
নৈ	O
এখনৰ	O
চিন	O
আছে	O
।	O

আন	O
প্ৰতিমৃতিসমূহ	O
হৈছে	O
চলন্ত	B-PER
মাধৱ	I-PER
,	O
গোবিন্দ	B-PER
মাধৱ	I-PER
আৰু	O
বাসুদেৱৰ	B-PER
।	O

দীৰ্ঘেশ্বৰী	B-LOC
দেৱালয়	I-LOC
ভাৰতীয়	B-ORG
পুৰাতত্ত্ব	I-ORG
সৰ্বেক্ষণৰ	I-ORG
দ্বাৰা	O
গুৰুত্বপূৰ্ণ	O
ঐতিহাসিক	O
স্থল	O
হিচাপে	O
স্বীকৃতিপ্ৰাপ্ত	O
।	O

‌২০১৫	B-DATE
চনৰ	I-DATE
১৫	B-DATE
আগষ্টত	I-DATE
তদানীন্তন	O
অসমৰ	B-LOC
মুখ্যমন্ত্ৰী	O
তৰুণ	B-PER
গগৈয়ে	I-PER
শিৱসাগৰ	B-LOC
জিলাৰ	O
চৰাইদেউ	B-LOC
মহকুমাক	O
আন	O
চাৰিখন	O
মহকুমাৰ	O
সৈতে	O
জিলাৰূপে	O
ঘোষণা	O
কৰে	O
।	O

পি	B-PER
ডি	I-PER
চৌধুৰী	I-PER
আছিল	O
সংগ্ৰহালয়টোৰ	O
প্ৰথম	O
সঞ্চালক	O
।	O

২০০৭	B-DATE
চনৰ	I-DATE
জুলাই	O
মাহৰ	O
৭	O
তাৰিখে	O
লিচবনত	B-LOC
হোৱা	O
এক	O
আন্তৰ্জাতিক	O
বিচাৰকৰ	O
সভাত	O
মাচু	B-LOC
-	I-LOC
পিচুক	I-LOC
এই	O
মৰ্যদা	O
দিয়া	O
হৈছে	O
।	O

একে	O
নগৰৰে	O
হো	B-LOC
চি	I-LOC
মিন	I-LOC
সংগ্ৰহালয়টোৱে	I-LOC
নেতাগৰাকীৰ	O
জীৱন	O
আৰু	O
কৃতিৰ	O
স্বাক্ষৰ	O
বহন	O
কৰাই	O
নহয়	O
,	O
জননেতা	O
গৰাকীৰ	O
ত্যাগ	O
আৰু	O
আদৰ্শৰ	O
কথাও	O
সকলোকে	O
সোঁৱৰাই	O
দিয়ে	O
।	O

বিশেষকৈ	O
দুৰ্গা	B-MISC
পূজাত	I-MISC
পশু	O
-	O
পক্ষী	O
যেনে	O
ম'হ	O
,	O
ছাগলী	O
,	O
হাঁহ	O
-	O
পাৰ	O
আদিৰ	O
বলি	O
দিয়া	O
হয়	O
।	O

ট্ৰেভেল	O
এজেন্সীটোৱে	O
আমাক	O
চাহুইদে	B-FAC
নামৰ	O
হোটেল	O
এখনত	O
নমাই	O
দিলে	O
।	O

তেনেদৰে	O
বাল্টিজোৰ	B-LOC
ওহিও	B-LOC
ৰেলপথ	O
নিৰ্মাণৰ	O
ঠিকা	O
লৈ	O
প্ৰচুৰ	O
সম্পতিৰ	O
মালিক	O
হয়	O
জনচ	B-PER
।	O

আহোম	O
স্বৰ্গদেউ	O
গৌৰীনাথ	B-PER
সিংহৰ	I-PER
দিনত	O
মোৱামৰীয়া	B-MISC
বিদ্ৰোহ	O
তলে	O
তলে	O
চলি	O
থাকোঁতে	O
১৭৮২	B-DATE
চনত	I-DATE
মন্ত্ৰী	O
ঘনশ্যাম	B-PER
বুঢ়াগোহাঁইৰ	I-PER
মৃত্যু	O
হয়	O
।	O

এই	O
দুই	O
ষ্টেচনৰ	O
উপৰিও	O
নুনমাটিস্থিত	B-LOC
নিউ	B-FAC
গুৱাহাটী	I-FAC
ৰেলৱে	I-FAC
ষ্টেচন	I-FAC
মালবাহী	O
ৰেলৰ	O
বাবে	O
ব্যৱহৃত	O
।	O

তিনিচুকীয়া	B-LOC
চহৰৰ	O
পৰা	O
প্ৰায়	O
৪০	O
কি:মি:	O
দূৰত্বত	O
বিমান	O
বন্দৰটো	O
অৱস্থিত	O
।	O

অসমৰ	B-LOC
শিৱসাগৰ	B-LOC
চহৰৰ	O
পৰা	O
১৫	O
কিলোমিটাৰ	O
পূবৰ	O
গড়গাঁৱত	B-LOC
অৱস্থিত	O
।	O

২০০৬	B-DATE
চনত	I-DATE
কাজিৰঙাক	B-LOC
বাঘ	O
সংৰক্ষণ	O
ক্ষেত্ৰ	O
হিচাপে	O
স্বীকৃতি	O
দিয়া	O
হয়	O
।	O

মহাভৈৰৱ	B-LOC
মন্দিৰৰ	I-LOC
এই	O
শিৱলিংগ	O
এছিয়া	B-LOC
মহাদেশৰ	O
বৃহত	O
শিৱলিংগ	O
সমূহৰ	O
ভিতৰত	O
লেখত	O
ল'বলগীয়া	O
।	O

সৰ্বসাধাৰণৰ	O
মাজত	O
ভিয়েটনামীৰ	B-MISC
ভাষাৰ	O
উপৰিও	O
কিছু	O
সংখ্যকৰ	O
মাজত	O
চুবুৰীয়া	O
চীন	B-LOC
আৰু	O
কোম্বোডিযা	B-LOC
আদি	O
দেশৰ	O
ভাষাও	O
প্ৰচলিত	O
।	O

তেখেতৰ	O
লগত	O
যোৱা	O
পশু	O
সন্ধানক	O
বলোৰাম	B-PER
হাজৰিকাই	I-PER
গঁড়	O
সংৰক্ষণৰ	O
আৱশ্যকতা	O
সম্পৰ্কে	O
মেৰী	B-PER
কাৰ্জনৰ	I-PER
আগত	O
দাঙি	O
ধৰে	O
।	O

দেৱালয়ৰ	O
ঠাকুৰক	O
দিয়া	O
এখন	O
অসমীয়া	B-MISC
ভাষাৰ	O
ফলিত	O
উল্লেখ	O
থকা	O
মতে	O
মন্দিৰত	O
ব্যৱহাৰৰ	O
বাবে	O
দিয়া	O
বস্তুৰ	O
তালিকা	O
-	O
সোণৰ	O
থুৰী	O
১টা	O
,	O
ৰূপৰ	O
ছটি	O
তালি	O
-	O
১	O
২টা	O
,	O
অৰ্ঘা	O
১	O
,	O
কলহ	O
১	O
,	O
পিতলৰ	O
কলহ	O
২	O
,	O
বটা	O
১	O
,	O
সোণৰ	O
বুলায়েৰে	O
কমণ্ডলু	O
১	O
,	O
কাঁহৰ	O
কাহি	O
১	O
,	O
,	O
ঘণ্টা	O
১	O
,	O
কছাৰী	O
শৰাই	O
১	O
,	O
টৌ	O
১	O
,	O
লোৰ	O
গছা	O
২	O
,	O
ঝৰা	O
২	O
,	O
চৰিয়া	O
১	O
।	O

১৯৮৫	B-DATE
চনত	I-DATE
ইউনেস্ক'ই	B-ORG
মানসক	B-LOC
বিশ্ব	O
ঐতিহ্যবাহী	O
স্থান	O
হিচাপে	O
ঘোষণা	O
কৰে	O
।	O

এই	O
টকাৰে	O
তেওঁ	O
বৰ্তমানৰ	O
ন	B-LOC
-	I-LOC
আলিৰ	I-LOC
ওচৰত	O
এই	O
পুখুৰীটো	O
পুনৰ	O
খন্দাইছিল	O
।	O

এই	O
বনাঞ্চলক	O
১৯৮০	B-DATE
চনত	I-DATE
মূলত	O
-	O
হিছপিড	O
হেয়াৰ	O
আৰু	O
নল	O
গাহৰিৰ	O
প্ৰতিৰক্ষা	O
প্ৰদানৰ	O
উদেশ্যে	O
অভয়াৰণ্য	O
ৰূপে	O
স্বীকৃতি	O
দিয়া	O
হয়	O
।	O

হয়গ্ৰীৱ	B-LOC
মাধৱ	I-LOC
মন্দিৰত	I-LOC
দৌলোৎসৱ	B-MISC
,	O
বিহু	B-MISC
আৰু	O
জন্মাষ্টমী	B-MISC
উলহ	O
-	O
মালহেৰে	O
পালন	O
কৰা	O
হয়	O
।	O

কোৱা	O
হয়	O
যে	O
গৰখীয়া	O
এজনৰ	O
কথা	O
শুনি	O
বিজনীৰ	B-LOC
ৰজাই	O
এই	O
মন্দিৰটো	O
নিৰ্মাণ	O
কৰিছিল	O
।	O

প্ৰতিষ্ঠা	O
হোৱাৰ	O
প্ৰথম	O
মাহটোতে	O
,	O
অৰ্থাৎ	O
২০১৩	B-DATE
চনৰ	I-DATE
৬	B-DATE
জুলাইৰ	I-DATE
পৰা	O
৫	B-DATE
আগষ্টৰ	I-DATE
ভিতৰত	O
এই	O
বিজ্ঞান	O
কেন্দ্ৰটোলৈ	O
২৭০০০	O
জন	O
লোকৰ	O
আগমন	O
হয়	O
।	O

বৰদান	O
লাভ	O
কৰি	O
ভিমাসুৰে	B-PER
ভগৱান	O
বিষ্ণুক	B-PER
প্ৰত্যাহ্বান	O
জনায়	O
আৰু	O
যুদ্ধলৈ	O
আমন্ত্ৰণ	O
কৰে	O
।	O

প্ৰধানতঃ	O
এই	O
মন্দিৰত	O
ভগৱান	O
শ্ৰীকৃষ্ণৰ	B-PER
আৰাধনা	O
কৰা	O
হয়	O
।	O

এই	O
অঞ্চলত	O
সিঁচৰতি	O
হৈ	O
থকা	O
কাৰ্বি	B-MISC
ৰাজ্যৰ	O
বিভিন্ন	O
শিলাকৃতিয়ে	O
এই	O
মতবাদৰ	O
সপক্ষে	O
সাক্ষ্য	O
আগবঢ়ায়	O
।	O

চিত্ৰাচল	B-LOC
পাহাৰৰ	I-LOC
শীৰ্ষত	O
নৱগ্ৰহ	B-LOC
মন্দিৰ	I-LOC
অৱস্থিত	O
।	O

কামাখ্যা	B-LOC
ধামৰ	I-LOC
অম্বুবাচী	B-MISC
মেলাই	I-MISC
আন্তৰ্জাতিক	O
আৰু	O
জাতীয়	O
সম্প্ৰীতি	O
ৰক্ষা	O
কৰাত	O
ভালেখিনি	O
অৰিহণা	O
যোগাইছে	O
।	O

শিৱৰাত্ৰিৰ	B-MISC
বাবে	O
উমানন্দ	B-LOC
আৰু	O
ব্ৰহ্মপুত্ৰৰ	B-LOC
পাৰত	O
মেলা	B-MISC
বহে	O
।	O

অতি	O
প্ৰাচীন	O
কালৰে	O
পৰাই	O
অসমৰ	B-LOC
ইতিহাসৰ	O
ৰাজনৈতিক	O
আৰু	O
ধাৰ্মিক	O
দুয়ো	O
দিশতে	O
শক্তি	O
উপাসনাৰ	O
কেন্দ্ৰস্থল	O
কামাখ্যাই	B-LOC
অতিশয়	O
গুৰুত্বপুৰ্ণ	O
প্ৰভাৱ	O
বিস্তাৰ	O
কৰি	O
আহিছে	O
।	O

উল্লেখ	O
কৰিব	O
পাৰি	O
যে	O
গৃহযুদ্ধৰ	O
ফলত	O
পেৰুৰ	B-LOC
স্বাস্থ্যবিভাগ	O
আৰু	O
জনস্বাস্থ্য	O
একেবাৰে	O
ভাগি	O
গৈছিল	O
।	O

লৌহিত্য	O
বংশৰ	O
নাগাক্ষ	B-PER
বা	O
নাগশংকৰ	B-PER
ৰজাই	O
সেই	O
কথা	O
গম	O
পাই	O
হাতী	O
লগাই	O
শিৱলিংগটো	O
উলিয়াব	O
খুজিলে	O
।	O

চাহজাহাবাদত	B-LOC
থকা	O
হায়দৰাবাৰ	B-LOC
বিমানকোঠটোৰ	O
উন্নত	O
অৱস্থাই	O
ইয়াৰ	O
নমুনা	O
দাঙি	O
ধৰে	O
।	O

কিন্তু	O
বিশ্বনাৰায়ণ	B-PER
শাস্ত্ৰী	I-PER
দেৱৰ	O
কালিকা	B-MISC
পুৰাণ	I-MISC
আৰু	O
প্ৰাচীন	B-MISC
অসম	I-MISC
নামৰ	O
প্ৰৱন্ধত	O
উল্লেখ	O
কৰামতে	O
দেৱীৰ	O
দিক্কৰ	O
বাসিনীৰ	O
পীঠস্থলেই	O
হ'ল	O
ৰামখাপীঠ	B-LOC
।	O

ৰজা	O
নগাক্ষ	B-PER
এই	O
মন্দিৰৰ	O
প্ৰধান	O
পৃষ্ঠপোষক	O
আছিল	O
।	O

লণ্ডনত	B-LOC
আমাৰ	O
আপোন	O
বা	O
চিনাকি	O
মানুহ	O
বহুত	O
আছে	O
।	O

চক্ৰশীলা	B-LOC
অভয়াৰণ্য	I-LOC
নানান	O
চৰাইৰ	O
উপযুক্ত	O
বাসস্থান	O
।	O

জি	B-LOC
এছ	I-LOC
ৰোড	I-LOC
এক	O
ৰুচিপুৰ্ণ	O
অভিজাত	O
এলেকা	O
।	O

কোকৰাঝাৰ	B-FAC
ৰেল	I-FAC
ষ্টেশ্যনৰপৰা	I-FAC
শালকোচালৈ	B-LOC
গ'লে	O
চক্ৰশীলা	B-LOC
অভয়াৰণ্যলৈ	I-LOC
দূৰত্ব	O
৩০কিলোমিটাৰ	O
।	O

ইয়াৰ	O
লগতে	O
ইয়াত	O
পলাৰ	O
ছেটেলাইট	O
লঞ্চ	O
ভেহিকেল	O
,	O
ইণ্ডিয়ান	O
ৰিমোট	O
চেন্সছিং	O
উপগ্ৰহ	O
আৰু	O
গুৱাহাটী	B-ORG
তাৰকাগৃহৰ	I-ORG
মডেল	O
আছে	O
।	O

হয়	O
ৰূপী	O
মধুসূদন	O
বিষ্ণু	B-PER
যি	O
মণিকূটত	O
বাস	O
কৰে	O
।	O

আৰু	O
চেণ্টাৰ	B-ORG
ফৰ্‌	I-ORG
চেলুলোজ	I-ORG
এণ্ড	I-ORG
মলিকুলাৰ	I-ORG
বায়'লজিত	I-ORG
দেখা	O
শৈক্ষিক	O
আন্তঃগাঁথনি	O
আৰু	O
গৱেষণা	O
-	O
আগ্ৰহৰতো	O
তুলনা	O
কৰিবলৈ	O
আমাৰ	O
ৰাজ্যত	O
এনে	O
প্ৰতিষ্ঠানেই	O
নাই	O
।	O

ই	O
তলাতল	B-LOC
ঘৰৰ	I-LOC
উত্তৰে	O
,	O
জয়সাগৰৰ	B-LOC
পশ্চিমে	O
,	O
অসম	B-LOC
ট্ৰাঙ্ক	I-LOC
ৰোডৰ	I-LOC
দাঁতিত	O
অৱস্থিত	O
।	O

ডিমা	B-LOC
-	I-LOC
হাছাও	I-LOC
জিলাক	O
উত্তৰ	B-LOC
-	I-LOC
পূব	I-LOC
ভাৰতৰ	I-LOC
প্ৰৱেশ	O
চহৰ	O
গুৱাহাটীৰ	B-LOC
লগত	O
পথ	O
আৰু	O
ৰেল	O
পৰিবহণে	O
সংলগ্ন	O
কৰিছে	O
।	O

কি্লষ্টিহ্যাণ্ড	B-PER
নামৰ	O
মহিলা	O
এজনীয়	O
আমাক	O
নিবলৈ	O
অহাৰ	O
কথা	O
আছিল	O
।	O

হিন্দু	B-MISC
ধৰ্ম	O
১৫০৭	B-DATE
খ্ৰীষ্টাব্দত	I-DATE
সিন্ধ	B-LOC
প্ৰদেশৰ	I-LOC
পৰা	O
ওমানলৈ	B-LOC
সম্প্ৰসাৰিত	O
হৈছিল	O
।	O

ভাৰতৰ	B-LOC
মোহময়ী	O
অভিনেত্ৰী	O
বিপাশা	B-PER
বসু	I-PER
বিচাৰক	O
মণ্ডলীৰ	O
অন্য	O
এক	O
সদস্য	O
আছিল	O
।	O

বহুতেই	O
কয়	O
যে	O
,	O
দামোদৰ	B-PER
আতা	I-PER
উজনিৰ	O
পৰা	O
আহিছিল	O
আৰু	O
তেখেতেই	O
এই	O
লাউমূৰি	B-LOC
সত্ৰ	I-LOC
স্থাপন	O
কৰিছিল	O
।	O

ইয়াৰ	O
ভিতৰত	O
পালোলেম	B-LOC
পৰ্যটকৰ	O
বাবে	O
বিখ্যাত	O
।	O

পৰৱৰ্ত্তী	O
কালত	O
কামৰূপৰ	B-LOC
আৰু	O
কমতাৰ	B-LOC
মহাৰজাসকলে	O
যুদ্ধৰ	O
বাবে	O
ব্যৱহাৰ	O
কৰিছিল	O
।	O

সাধাৰণতে	O
ঘনশ্যাম	B-LOC
দৌল	I-LOC
বা	O
নাতি	B-LOC
-	I-LOC
গোঁসাই	I-LOC
মন্দিৰ	I-LOC
বুলি	O
জনা	O
যায়	O
।	O

মই	O
তেজপুৰলৈ	B-LOC
আহিছিলোঁ	O
।	O

আমি	O
কলম্বো	B-FAC
এয়াৰপ'ৰ্টত	I-FAC
নমাৰ	O
লগে	O
লগে	O
সেই	O
ট্ৰেভেল	O
এজেঞ্চীৰ	O
মেনেজাৰ	O
এজনে	O
গাড়ীখন	O
আৰু	O
ড্ৰাইভাৰজন	O
আমাৰ	O
দহ	O
দিনৰ	O
বাবে	O
দিয়াৰ	O
লগতে	O
আমি	O
সেইকেইদিনত	O
শ্ৰীলংকাৰ	B-LOC
কোনবোৰ	O
চহৰ	O
ভ্ৰমণ	O
কৰিম	O
,	O
কি	O
কি	O
চাম	O
,	O
ৰাতি	O
কোন	O
হোটেলত	O
থাকিম	O
এই	O
আটাইবোৰ	O
সামৰি	O
আইটেলৰি	O
এখনত	O
আটাইবোৰ	O
লিখি	O
আমাক	O
দি	O
দিছিল	O
।	O

ডিমা	B-LOC
হাছাও	I-LOC
জিলা	O
অসমৰ	B-LOC
আটাইতকৈ	O
কম	O
জনবসতি	O
ঘনত্বৰ	O
জিলা	O
।	O

এই	O
চিন্তাৰ	O
ৰূপায়ণৰ	O
ফলতেই	O
হায়দৰাবাদ	B-LOC
হৈ	O
উঠিছিল	O
ভাৰতৰ	B-LOC
অগ্ৰণী	O
তথ্য	O
প্ৰযুক্তি	O
চহৰ	O
হাইটেক	B-LOC
চিটী	I-LOC
;	O
ব্যংগ	O
কৰি	O
যাৰ	O
বিষয়ে	O
কোৱা	O
হৈছিল	O
হাইটেকেবাদ	O
বুলি	O
।	O

মই	O
লোৰ	O
কাটি	O
ফুৰা	O
পানীৰ	O
উহবোৰে	O
নিজৰ	O
খেয়াল	O
-	O
খুচিত	O
মই	O
নাম	O
দিয়া	O
প্ৰতিটো	O
পাহাৰ	O
ঠেঁটুৱৈ	O
ধৰা	O
শীতে	O
,	O
মায়ময়	O
কুঁৱলীয়ে	O
ৰাশি	O
ৰাশি	O
বৰফ	O
,	O
সুৰ	O
সুৰাই	O
ঘূৰি	O
ফুৰা	O
বতাহজাকে	O
,	O
শৈশৱতে	O
মোৰ	O
স'তে	O
উটি	O
ফুৰা	O
বনৰীয়া	O
চৰাইজাকে	O
,	O
মোৰ	O
স'তে	O
গান	O
গোৱা	O
গছ	O
-	O
লতিকাই	O
,	O
ইজোপা	O
গছৰ	O
পৰা	O
সিজোপা	O
গছলৈ	O
নেগুৰ	O
দাঙি	O
জঁপিয়াই	O
ফুৰা	O
কেৰ্কেটুৱাৰ	O
জাকে	O
,	O
পুৱাৰ	O
সূৰুযৰ	O
বাবেই	O
গছ	O
-	O
পাত	O
,	O
বননিৰ	O
পৰা	O
বিদায়	O
অশ্ৰুকণা	O
ৰেলোৱা	O
নিয়ৰৰ	O
টোপালবোৰে	O
,	O
মোৰ	O
প্ৰতিধ্বনিয়ে	O
অৰুণাচলী	B-MISC
মানুহৰ	O
নিভাঁজ	O
মৰমে	O
আৰু	O
হেঁপাহৰ	O
চিয়াংখনে	B-LOC
।	O

তেজপুৰ	B-LOC
হৈ	O
জোনাই	B-LOC
বা	O
পাচিঘাটলৈ	B-LOC
গলে	O
বিহগুৰিত	B-LOC
নামক	O
।	O

১৯৭৩	B-DATE
চনত	I-DATE
ইয়াত	O
ব্যাঘ্ৰ	O
প্ৰকল্প	O
আৰম্ভ	O
কৰা	O
হয়	O
।	O

প্ৰতিবছৰে	O
পৰশুৰামকুণ্ডলৈ	B-LOC
অভিলেখসংখ্যক	O
ভ্ৰমণকাৰী	O
আহে	O
আৰু	O
এই	O
কুণ্ডত	O
প্ৰাৰ্থনা	O
কৰিলে	O
মনৰ	O
আশা	O
পূৰণ	O
হয়	O
বলি	O
বহুতেই	O
অভিমতো	O
ব্যক্ত	O
কৰে	O
।	O

ওমানৰ	B-LOC
তেল	O
শোধনাগাৰত	O
কৰ্মৰত	O
মোৰ	O
স্বামী	O
অৰবিন্দই	B-PER
আমাক	O
নিবলৈ	O
অসমলৈ	B-LOC
অহাৰ	O
বাবে	O
আমাৰ	O
এই	O
যাত্ৰা	O
অতি	O
আৰামদায়ক	O
আছিল	O
আৰু	O
আমি	O
কোনো	O
অসুবিধা	O
পোৱা	O
নাছিলো	O
।	O

কেইবাটাও	O
সামৰিক	O
শাসনৰ	O
অন্তত	O
ৰাজনৈতিক	O
দল	O
বাথ	O
পাৰ্টিয়ে	O
বিশেষ	O
কোনো	O
বাধা	O
-	O
বিঘিনিৰ	O
সন্মুখীন	O
নোহোৱাকৈ	O
ছিৰিয়া	B-LOC
শাসন	O
কৰিছিল	O
;	O
বাথ	O
মানে	O
আৰবী	B-MISC
ভাষাত	O
পুনৰ্জন্ম	O
।	O

থানখনৰ	O
লগতে	O
বাসুদেৱৰ	B-PER
এখন	O
নামঘৰ	O
আছে	O
।	O

ডা:	O
মহন্ত	B-PER
ডিব্ৰুগড়	B-LOC
শাখাৰ	O
ভাৰতীয়	B-ORG
স্বাস্থ্য	I-ORG
গৱেষণা	I-ORG
কেন্দ্ৰৰ	I-ORG
সঞ্চালক	O
।	O

শংকৰদেৱে	B-PER
কমাৰকুছি	B-LOC
ত্যাগ	O
কৰাৰ	O
পিচত	O
মেধি	O
সকলেও	O
সেইঠাই	O
ত্যাগ	O
কৰে	O
।	O

আন	O
কিছুমানৰ	O
মতে	O
চুলতান	B-PER
গিয়াচুদ্দিনৰ	I-PER
ইয়াতে	O
পৰলোকপ্ৰাপ্তি	O
হয়	O
।	O

নামেৰীৰ	B-LOC
জীৱকূলৰ	O
সুৰক্ষাৰ	O
কাৰণে	O
অৰণ্যখনৰ	O
বিস্তৃত	O
এলেকা	O
জুৰি	O
কেইবাটাও	O
বন	O
-	O
শিবিৰ	O
আছে	O
।	O

বৰ্ণময়	O
নৈশ	O
জীৱন	O
আৰু	O
কলাৰ	O
বাবে	O
মাদ্ৰিদ	B-LOC
অতি	O
জনপ্ৰিয়	O
এখন	O
মহানগৰত	O
পৰিণত	O
হৈছে	O
।	O

মন্দিৰটোৰ	O
উৎপত্তিৰ	O
কিংবদন্তী	O
অনুসৰি	O
ভগৱান	O
বিষ্ণুৱে	B-PER
খণ্ডিত	O
কৰা	O
দেৱী	O
সতীৰ	B-PER
নাভি	O
অংশ	O
এই	O
মন্দিৰত	O
পৰিছিল	O
।	O

১৯৯১	B-DATE
চনৰ	I-DATE
পিছৰ	O
পৰা	O
ৰাজনৈতিক	O
বিদ্ৰোহ	O
তথা	O
উদ্যানৰ	O
চাৰিওকাষে	O
অবৈধ	O
ভূমি	O
বেদখলৰ	O
বাবে	O
উদ্যান	O
তথা	O
ইয়াৰ	O
বন্যপ্ৰাণীৰ	O
বাবে	O
গুৰুতৰ	O
সংকট	O
কঢ়িয়াই	O
আনিছে	O
।	O

ৰায়	B-PER
বাহাদুৰ	I-PER
কনক	I-PER
লাল	I-PER
বৰুৱাৰ	I-PER
মতে	O
আকৌ	O
এই	O
মন্দিৰ	O
কামৰূপ	B-LOC
নৃপতি	O
ভাস্কৰ	B-PER
বৰ্ম্মাৰ	I-PER
পূৰ্বে	O
পঞ্চম	O
ষষ্ঠ	O
খৃষ্টাব্দত	O
নিৰ্মিত	O
।	O

যোৱা	O
দশককেইটাত	O
গুৱাহাটীৰ	B-LOC
যথেষ্ট	O
ভৌগোলিক	O
আৰু	O
জনসংখ্যাৰ	O
পৰিৱৰ্তন	O
হৈছে	O
।	O

য'লৈ	O
ইম্ফলৰ	B-LOC
পৰা	O
দূৰত্ব	O
২১৫	O
কি:মি:	O
।	O

বাগৰি	B-LOC
,	O
বিমলী	B-LOC
,	O
আৰু	O
হালধিবাৰী	B-LOC
ব্লকত	O
গ্ৰীষ্মপ্ৰধান	O
অৰ্ধ	O
-	O
চিৰসেউজ	O
অৰণ্য	O
দেখা	O
যায়	O
।	O

শিৱৰাত্ৰিত	B-MISC
এই	O
দৌলৰ	O
কাষতে	O
এখন	O
ডাঙৰ	O
মেলা	O
হয়	O
।	O

এওঁৰ	O
প্ৰকৃত	O
নাম	O
কমলাকান্ত	B-PER
আতা	I-PER
।	O

ইটাৰে	O
সজা	O
মূল	O
মন্দিৰত	O
শিলত	O
কটা	O
দশভূজা	O
মহিষাসুৰমৰ্দনী	O
দুৰ্গাৰ	B-PER
মূৰ্ত্তি	O
আছে	O
।	O

তেতিয়া	O
জয়ন্তীয়া	B-MISC
ৰাজ	O
-	O
পৰিয়াল	O
শাক্ত	O
আছিল	O
আৰু	O
জয়ন্তীয়া	B-MISC
গোসানী	O
জাগ্ৰত	O
বুলি	O
সৰ্বসাধাৰণে	O
বিশ্বাস	O
কৰিছিল	O
।	O

কাঠৰ	O
স্তম্ভৰ	O
অৱশেষ	O
আৰু	O
গাঁতৰ	O
চিহ্নই	O
এই	O
পকী	O
ৰাজপ্ৰাসাদৰ	O
স্থানত	O
পূৰ্বতে	O
স্বৰ্গদেউ	O
ৰুদ্ৰ	B-PER
সিংহৰ	I-PER
দিনত	O
কাঠেৰে	O
নিৰ্মাণ	O
কৰা	O
ৰাজকীয়	O
আবাস	O
আছিল	O
বুলি	O
প্ৰমাণ	O
কৰে	O
।	O

স্বৰ্গদেউয়ে	O
মন্দিৰলৈ	O
ৰূপৰ	O
জাপি	O
এখন	O
আগবঢ়াইছিল	O
আৰু	O
এই	O
জাপিখন	O
এতিয়াও	O
দেৱী	O
দুৰ্গাৰ	B-PER
মূল	O
বিগ্ৰহত	O
ব্যৱহাৰ	O
কৰা	O
হয়	O
।	O

মদন	B-LOC
-	I-LOC
কামদেৱ	I-LOC
দেৱালয়	I-LOC
সঁচাকৈ	O
এক	O
প্ৰাচীন	O
ঐতিহ্যমণ্ডিত	O
দেৱালয়	O
।	O

সুধিলো	O
,	O
বাল্টিমোৰলৈ	B-LOC
যোৱা	O
আকাশী	O
ট্ৰেনখন	O
ক'ত	O
আহিব	O
।	O

দেশী	O
-	O
বিদেশী	O
বহু	O
পৰ্যটক	O
নামেৰীলৈ	B-LOC
চৰাই	O
চাবলৈ	O
আহে	O
।	O

ই	O
গুৱাহাটীৰ	B-LOC
পাৰত	O
ব্ৰহ্মপুত্ৰ	B-LOC
নদৰ	I-LOC
মাজত	O
অৱস্থিত	O
।	O

বুঢ়ীগাং	B-LOC
নদীক	I-LOC
গংগাৰ	B-LOC
দৰে	O
পবিত্ৰ	O
বুলি	O
ধৰা	O
হয়	O
।	O

ই	O
গৰমপানী	B-LOC
অভয়াৰণ্য	I-LOC
তথা	O
নামবৰ	B-LOC
অভয়াৰণ্যৰ	I-LOC
লগত	O
২০০৩	B-DATE
চনৰ	I-DATE
১৭	B-DATE
এপ্ৰিলত	I-DATE
স্বীকৃতিপ্ৰাপ্ত	O
কাজিৰঙা	B-LOC
-	O
কাৰ্বি	B-LOC
আংলং	I-LOC
হস্তী	O
প্ৰকল্পৰ	O
অন্তৰ্ভুক্ত	O
।	O

এই	O
তীৰ্থস্থানতে	O
জানুৱাৰী	O
মাহত	O
পৰশুৰাম	B-MISC
মেলা	I-MISC
আৰম্ভ	O
হয়	O
।	O

বৰ্তমান	O
তেজপুৰ	B-ORG
পাৰিপাৰ্শ্বিক	I-ORG
সমিতিৰ	I-ORG
তত্বাৱধানত	O
চলি	O
থকা	O
ই	O
এক	O
অত্যাধুনিক	O
নয়নাভিৰাম	O
উদ্যান	O
।	O

জয়	B-LOC
দৌল	I-LOC
শিৱসাগৰ	B-LOC
চহৰৰ	O
পৰা	O
প্ৰায়	O
৪	O
কি:মি:	O
নিলগত	O
অৱস্থিত	O
।	O

স্বৰ্গদেও	O
ৰুদ্ৰসিংহৰ	B-PER
মৃত্যুৰ	O
পিছত	O
তেওঁৰ	O
বৰপুত্ৰ	O
শিৱসিংহ	B-PER
ৰাজসিংহাসনত	O
বহে	O
।	O

মধ্য	B-LOC
এণ্ডিজ	I-LOC
পৰ্বতমালাৰ	I-LOC
দূৰ্গম	O
আৰু	O
অগম্য	O
ঠাইত	O
এই	O
নগৰখন	O
সথাপন	O
কৰাৰ	O
বহিঃ	O
শত্ৰৰ	O
পৰা	O
ৰাজধানীক	O
ৰক্ষা	O
কৰা	O
।	O

হিন্দু	O
ধৰ্মৰ	O
শৈৱ	O
,	O
শাক্ত	O
,	O
বৈষ্ণৱ	O
আদি	O
আটাইবোৰ	O
শাখাৰ	O
প্ৰভাৱ	O
পৰাৰ	O
ফলস্বৰূপে	O
বিল্বেশ্বৰ	B-LOC
দেৱালয়ত	I-LOC
বিভিন্ন	O
ধৰণৰ	O
উৎসৱ	O
তথা	O
পূজাৰ	O
প্ৰাদুৰ্ভাৱ	O
লক্ষ্য	O
কৰা	O
যায়	O
।	O

থানৰ	O
ওচৰৰ	O
মহামায়া	B-LOC
ঘাটত	O
অশোকাষ্টমীৰ	B-MISC
দিনা	O
স্নান	O
কৰিবলৈ	O
যথেষ্ট	O
ভক্তৰ	O
ভিৰ	O
হয়	O
।	O

এই	O
বাগিচা	O
দুখন	O
ইমান	O
ধুনীয়া	O
যে	O
নিশাট	O
বাগিচাখনৰ	O
সৌন্দৰ্যত	O
অভিভূত	O
হৈ	O
ঈৰ্ষাপৰায়ণ	O
ছাহজাহানে	B-PER
কিছুদিনৰ	O
বাবে	O
উদ্যানখন	O
বন্ধ	O
কৰি	O
থৈছিল	O
।	O

ৰাষ্ট্ৰীয়	O
উদ্যানখনৰ	O
নিকটতম	O
বিমানবন্দৰ	O
হৈছে	O
ডিব্ৰুগড়ৰ	B-FAC
মোহনবাৰী	I-FAC
বিমানবন্দৰ	I-FAC
।	O

নগৰ	O
চাৰিখন	O
ক্ৰমে	O
-	O
হাফলং	B-LOC
,	O
মাইবং	B-LOC
,	O
মাহুৰ	B-LOC
,	O
আৰু	O
উমৰাংছু	B-LOC
।	O

ডিমা	B-LOC
-	I-LOC
হাছাও	I-LOC
জিলাৰ	O
মুঠ	O
১৪৩৫৮৫	O
গৰাকী	O
ব্যক্তি	O
স্বাক্ষৰ	O
,	O
ইয়াৰে	O
৮০৪৯৮জন	O
পুৰুষ	O
আৰু	O
৬৩০৮৭	O
গৰাকী	O
মহিলা	O
।	O

ইয়াৰ	O
পাছত	O
এজোপা	O
বটবৃক্ষৰ	O
ছাঁত	O
খন্তেক	O
জিৰণি	O
লৈ	O
শ্ৰীকৃষ্ণ	B-PER
ৰথত	O
উঠোঁতে	O
দিয়া	O
তেওঁৰ	O
ভৰৰ	O
ফলত	O
ঠাইডোখৰ	O
বৰ	O
দ	O
হৈ	O
পৰে	O
।	O

কঁহৰাত	B-LOC
থকা	O
উদ্যান	O
প্ৰশাসন	O
কেন্দ্ৰৰপৰা	O
গাড়ী	O
যাব	O
পৰা	O
তিনিটা	O
বাটেৰে	O
উদ্যানখনৰ	O
তিনিটা	O
ক্ষেত্ৰ	O
কঁহৰা	B-LOC
,	O
বাগৰি	B-LOC
আৰু	O
অগৰাতলীৰ	B-LOC
মাজেৰে	O
সৰু	O
গাড়ীৰে	O
ভ্ৰমণ	O
কৰিব	O
পাৰি	O
।	O

বিষয়াজনে	O
ক'লে	O
গিভ	O
য়ৰ	O
ক্ৰেডিট	O
কাৰ্ড	O
বাচাৰে	B-PER
উত্তৰ	O
দিলে	O
ওই	O
পে	O
ইউ	O
ইন	O
ড'লাৰ	O
বিষয়াজনে	O
উত্তৰ	O
দিলে	O
।	O

বৰ্তমান	O
পৰশুৰামকুণ্ডই	B-LOC
এখন	O
পবিত্ৰ	O
ধৰ্মীয়	O
ভূমি	O
হিচাপে	O
স্বীকৃতি	O
লাভ	O
কৰিছে	O
।	O

এই	O
দেৱালয়	O
খনিৰ	O
অধিস্থাত্ৰী	O
দেৱীগৰাকীয়েই	O
হৈছে	O
পূৰ্বৰ	O
চুতীয়াসকলৰ	B-MISC
আৰাধ্য	O
দেৱী	O
সদিয়া	B-LOC
ৰ	O
বিখ্যাত	O
তাম্ৰেশ্বৰী	B-LOC
মন্দিৰৰ	I-LOC
কেঁচাইখাটি	B-PER
গোসাঁনী	I-PER
বা	O
দেৱী	O
দিক্কৰবাসিনী	B-PER
।	O

মহামায়া	B-LOC
ধামৰ	I-LOC
গাতে	O
এখন	O
শিৱ	O
থান	O
আছে	O
আৰু	O
ইয়াৰ	O
কাষৰে	O
গুহা	O
এটিত	O
বাঘৰ	O
আশ্ৰয়স্থল	O
আছে	O
।	O

জগন্নাথ	B-LOC
মন্দিৰৰ	I-LOC
নিৰ্মাণকাৰ্য	O
শ্ৰী	B-ORG
শ্ৰী	I-ORG
জগন্নাথ	I-ORG
সাংস্কৃতিক	I-ORG
ন্যাসৰ	I-ORG
তত্ত্বাৱধানত	O
আৰম্ভ	O
হৈছিল	O
।	O

১৯০৫	B-DATE
চনত	I-DATE
কাজিৰঙাক	B-LOC
সংৰক্ষিত	O
বনাঞ্চল	O
হিচাপে	O
স্বীকৃতি	O
দিয়া	O
হৈছিল	O
।	O

কালিকা	O
পুৰাণৰ	O
এক	O
আখ্যান	O
মতে	O
সতীৰ	B-PER
মৃত্যুৰ	O
পিছত	O
শিৱ	B-PER
ঘোৰ	O
তপস্যাত	O
নিমগ্ন	O
আছিল	O
।	O

বৰ্ডিংপাচ	O
লৈ	O
লান	B-ORG
এয়াৰলাইনচ	I-ORG
ৰ	O
১১১	O
নম্বৰ	O
বিমানখনত	O
উঠি	O
কুচকো	B-LOC
পালো	O
।	O

বিশাখাপট্টনমৰ	B-LOC
পৰিভ্ৰমণৰ	O
বাবে	O
উৎকৃষ্ট	O
ভেমুনিপট্টনমত	B-LOC
ডাচ্চসকলে	O
বাস	O
কৰিছিল	O
।	O

শংকৰদেৱৰ	B-PER
মৃত্যুৰ	O
পিছত	O
কিছুদিন	O
পাটবাউসীতে	B-LOC
থকা	O
কালিন্দ্ৰী	B-PER
আইৰ	I-PER
তত্ত্বাৱধান	O
লোৱাত	O
অসুবিধা	O
হোৱা	O
দেখি	O
মাধবদেৱ	B-PER
আৰু	O
আন	O
ভকতসকলে	O
আই	O
গোঁসানীক	O
সুন্দৰীদিয়া	B-LOC
সত্ৰলৈ	I-LOC
আনি	O
থাপে	O
।	O

মৌচাকমামাক	B-PER
লগ	O
পোৱাৰ	O
সৌভাগ্য	O
মোৰ	O
এতিয়াও	O
হোৱা	O
নাই	O
।	O

প্ৰতিষ্ঠাপক	O
সত্ৰাধিকাৰ	O
শ্ৰী	O
শ্ৰী	O
জয়হৰিদেৱ	B-PER
।	O

১৭৯৪	B-DATE
খ্ৰীষ্টাব্দত	I-DATE
আহোম	B-MISC
ৰজা	O
গৌৰীনাথ	B-PER
সিংহই	I-PER
ৰাজ্যৰ	O
ৰাজধানী	O
শিৱসাগৰ	B-LOC
ৰ	O
পৰা	O
যোৰহাটলৈ	B-LOC
স্থানান্তৰিত	O
কৰে	O
।	O

বৃটিছসকল	O
আহি	O
প্ৰথমে	O
শিৱসাগৰ	B-LOC
পুখুৰীৰ	I-LOC
আশে	O
-	O
পাশে	O
এই	O
অঞ্চলৰ	O
প্ৰশাসনীয়	O
কেন্দ্ৰ	O
স্থাপন	O
কৰিছিল	O
।	O

কাৰ্লৰ	B-PER
পৰা	O
বিদায়	O
লৈ	O
দুশ	O
বছৰতকৈ	O
পুৰণি	O
এই	O
বিশ্ববিদ্যালয়খনত	O
পাক	O
মাৰিলো	O
।	O

শ্ৰী	B-LOC
সূৰ্য	I-LOC
পাহাৰ	I-LOC
যিহেতু	O
ব্ৰহ্মপুত্ৰ	B-LOC
নদীৰ	I-LOC
পাৰৰ	O
বৰ	O
কাষত	O
,	O
সম্ভৱত	O
অতীতত	O
এইটো	O
এটা	O
গুৰুত্বপূৰ্ণ	O
বাণিজ্য	O
কেন্দ্ৰ	O
বা	O
প্ৰশাসনৰ	O
আসন	O
আছিল	O
।	O

বৰ্তমান	O
লংকা	B-LOC
অঞ্চলটোক	O
ডিমাছা	B-MISC
কছাৰি	B-MISC
সকলে	O
ডেমব্ৰা	B-LOC
বা	O
ডেমেৰা	B-LOC
বুলি	O
কয়	O
।	O

অসমৰ	B-LOC
দৰে	O
ভঁৰালঘৰ	O
পঞ্চাবত	B-LOC
ক'তোৱেই	O
নেদেখিলো	O
।	O

গোটেই	O
অঞ্চলটো	O
ডুবি	O
যোৱা	O
বাবে	O
এই	O
অঞ্চলৰ	O
নাম	O
ডুবি	B-LOC
নামেৰে	O
জনাজাত	O
হয়	O
।	O

জাপানৰ	B-LOC
ইছুঝু	B-ORG
,	O
ভাৰতৰ	B-LOC
হিন্দুস্তান	B-ORG
মটৰছ	I-ORG
আৰু	O
চীনদেশৰ	B-LOC
গ্ৰেট	B-ORG
ৱাল	I-ORG
মটৰছৰ	I-ORG
বাছ	O
বিশেষকৈ	O
ব্যক্তিগত	O
খণ্ডত	O
জনপ্ৰিয়	O
।	O

মাদ্ৰিদৰ	B-LOC
ঘাই	O
আৰৰ্ষণসমূহৰ	O
ভিতৰত	O
ৰযেল	B-LOC
পেলেচ	I-LOC
অৱ	I-LOC
মাদ্ৰিদ	I-LOC
,	O
ৰয়েল	B-LOC
থিয়েটাৰ	I-LOC
,	O
বুৱেন	B-LOC
ৰেটিৰো	I-LOC
পাৰ্ক	I-LOC
,	O
ৰাষ্ট্ৰীয়	B-LOC
গ্ৰন্থগাৰ	I-LOC
,	O
পুৰাতাত্ত্বিক	B-LOC
সংগ্ৰহালয়	I-LOC
আৰু	O
গ'ল্ডেন	B-LOC
ট্ৰায়েংগল	I-LOC
অৱ	I-LOC
আৰ্ট	I-LOC
অন্যতম	O
।	O

ঠাকুৰ	B-MISC
চৰিত্ৰ	I-MISC
নামৰ	O
সাঁচিপতীয়া	O
পুথি	O
এখনৰ	O
পৰা	O
জয়ধ্বজ	B-PER
সিংহৰ	I-PER
দিনত	O
বাসুদেৱ	B-PER
-	O
মূৰ্ত্তি	O
শদিয়াৰ	O
পৰা	O
আনি	O
নৰোৱা	O
থানত	O
স্থাপন	O
কৰা	O
হৈছিল	O
বুলি	O
জনা	O
যায়	O
।	O

আমি	O
দুয়ো	O
কটন	B-ORG
কলেজত	I-ORG
একেলগে	O
পঢ়া	O
।	O

আন	O
কোনো	O
ৰাষ্ট্ৰৰ	O
দৰে	O
থাইলেণ্ডত	B-LOC
এনেধৰণৰ	O
কাণ্ডক	O
স্বাধীনতা	O
দিয়া	O
হোৱা	O
নাই	O
।	O

এনথেম	B-ORG
স্পৰ্ট	I-ORG
প্ৰাইভেট	I-ORG
লিমিটেডকে	I-ORG
ধৰি	O
পঞ্জাবৰ	B-LOC
অন্য	O
ক্ষুদ্ৰ	O
উদ্যোগবোৰক	O
বছৰি	O
দহ	O
কোটি	O
টকাৰ	O
বাঁহ	O
লাগে	O
।	O

অসমৰ	B-LOC
গামোচা	O
সুদূৰ	O
অখ্যাত	O
পেৰুৰ	B-LOC
হুৱানোকত	B-LOC
বব	B-PER
ক্ৰীচৰ	I-PER
ডিঙিত	O
।	O

সামান্য	O
হাঁহি	O
দত্তই	B-PER
কলে	O
-	O
সেয়ে	O
হক	O
দিয়া	O
।	O

এই	O
ধাম	O
গুৱাহাটী	B-LOC
মহানগৰৰ	I-LOC
মাজমজিয়াৰ	O
পৰা	O
১৩	O
কি:মি:	O
দূৰত	O
অৱস্থিত	O
।	O

১৯৪২	B-DATE
চনতে	I-DATE
বৰনদী	B-LOC
বনাঞ্চলক	I-LOC
বৰনদী	B-LOC
সংৰক্ষিত	I-LOC
বনাঞ্চল	I-LOC
হিচাপে	O
স্বীকৃতি	O
দিয়া	O
হয়	O
।	O

কোকৰাঝাৰ	B-LOC
জিলাৰ	O
৪২২	O
বৰ্গফুট	O
এলেকাৰ	O
ৰাইমনা	B-LOC
ৰাষ্ট্ৰীয়	I-LOC
উদ্যানখন	I-LOC
মানস	B-LOC
ৰাষ্ট্ৰীয়	I-LOC
উদ্যানৰ	I-LOC
সবাতোকৈ	O
পশ্চিম	O
বাফাৰৰে	O
সংযুক্ত	O
হৈ	O
আছে	O
।	O

ইংৰাজী	B-MISC
ভঙা	O
ভঙাকৈ	O
ক'ব	O
পাৰে	O
।	O

২০০৩	B-DATE
চনৰ	I-DATE
৫	B-DATE
ছেপ্টেম্বৰত	I-DATE
উত্তৰ	B-LOC
নামবৰৰ	I-LOC
৫৪৯২	O
হেক্টৰ	O
বনভূমি	O
আৰু	O
উজনি	B-LOC
-	I-LOC
নামনি	I-LOC
দৈগ্ৰোং	I-LOC
সংৰক্ষিত	I-LOC
বনাঞ্চলৰ	I-LOC
৯৭.১৫	O
বৰ্গ	O
কিলোমিটাৰ	O
সামৰি	O
নামবৰ	B-LOC
-	I-LOC
দৈগ্ৰোং	I-LOC
বন্যপ্ৰাণী	I-LOC
অভয়াৰণ্য	I-LOC
গঠন	O
কৰা	O
হয়	O
।	O

ভূটানৰ	B-LOC
এইটো	O
প্ৰান্তৰ	O
যাতায়তৰ	O
বিকল্প	O
পথ	O
নথকা	O
হেতু	O
ভূটানৰ	B-LOC
বহু	O
যান	O
-	O
বাহন	O
এই	O
পথটোৰেই	O
ৰাষ্ট্ৰীয়	O
উদ্যানৰ	O
মাজেৰে	O
অহা	O
-	O
যোৱা	O
কৰে	O
।	O

অৰুণাচললৈও	B-LOC
তেওঁ	O
আহিছে	O
।	O

ব্ৰহ্মপুত্ৰৰ	B-LOC
উত্তৰ	O
পাৰে	O
আজ্ঞাঠুৰিত	B-LOC
অৱস্থিত	O
শৰাইঘাট	B-LOC
যুদ্ধ	I-LOC
স্মৃতি	I-LOC
উদ্যান	I-LOC
অসমৰ	B-LOC
বীৰত্বপূৰ্ণ	O
অতীতক	O
সোঁৱৰাৰ	O
বাবে	O
সকলোৱে	O
দৰ্শন	O
কৰিব	O
পাৰে	O
।	O

পানী	B-LOC
দিহিং	I-LOC
অভয়াৰণ্যৰ	I-LOC
বতৰ	O
সেমেকা	O
ক্ৰান্তীয়	O
।	O

তৃতীয়	O
এটি	O
মত	O
অনুসৰি	O
মহাযান	O
মাৰ্গীয়	O
বৌদ্ধসকলৰ	B-MISC
তীৰ্থস্থান	O
বুজাবলৈ	O
ইয়াক	O
মহাযান	O
তীৰ্থক্ষেত্ৰ	O
বোলা	O
হৈছিল	O
।	O

হোটেল	O
এখন	O
বন্দোবস্ত	O
কৰি	O
হাত	O
-	O
মুখ	O
ধুই	O
সন্ধিয়া	O
আমি	O
ৰঘুনাথ	B-LOC
মন্দিৰ	I-LOC
দৰ্শনৰ	O
বাবে	O
ওলাই	O
গ'লোঁ	O
।	O

পশ্চিম	B-LOC
গুৱাহাটী	I-LOC
,	O
পাণ্ডু	B-LOC
,	O
পলাশবাৰী	B-LOC
,	O
ছয়গাঁও	B-LOC
আদি	O
ঠাইৰ	O
লোক	O
আহি	O
দৈনিক	O
মন্দিৰটোত	O
পূজা	O
অৰ্চনা	O
কৰেহি	O
।	O

বিয়লি	O
দুই	O
বজাত	O
পঞ্জাবৰ	B-LOC
জলন্ধৰত	B-LOC
উপস্থিত	O
হৈছিলোলৈ	O
।	O

উদ্যানখনত	O
থকা	O
দীঘলীয়া	O
শিলৰ	O
পেনেলসমূহত	O
আছে	O
স্যমন্ত	O
হৰণৰ	O
দৃশ্য	O
,	O
ঢোলত	O
চাপৰ	O
পৰা	O
ঢুলীয়া	O
,	O
নাচনি	O
,	O
বিহু	O
আৰু	O
আন	O
আন	O
লাস্য	O
মুদ্ৰাৰ	O
সৈতে	O
দ্বাৰপাল	O
,	O
ব্ৰহ্মা	B-PER
,	O
বিষ্ণু	B-PER
,	O
মহেশ্বৰৰ	B-PER
মূৰ্তি	O
আদি	O
।	O

এই	O
গড়টো	O
তেজপুৰৰ	B-LOC
বাণৰজাই	B-PER
নিৰ্মাণ	O
কৰিছিল	O
।	O

আনহাতে	O
শোণিতপুৰ	B-LOC
জিলাৰ	O
অন্তৰ্গত	O
গহপুৰ	B-ORG
আৰক্ষী	I-ORG
চকীত	I-ORG
১৯৪২	B-DATE
চনত	I-DATE
ব্ৰিটিছৰ	B-MISC
বিৰুদ্ধে	O
আন্দোলন	O
কৰিবলৈ	O
গৈ	O
আৰক্ষী	O
চকীৰ	O
ওপৰত	O
ত্ৰিৰংগ	O
পতাকা	O
উত্তোলন	O
কৰি	O
১৪	O
বছৰীয়া	O
কণকলতা	B-PER
বৰুৱা	I-PER
আৰক্ষীৰ	O
গুলিত	O
নিহত	O
হয়	O
।	O

সতীৰ	B-PER
মৃত্যুৰ	O
পিছত	O
শিৱই	B-PER
সতীক	B-PER
কান্ধত	O
লৈ	O
বিভিন্ন	O
তীৰ্থ	O
ভ্ৰমণ	O
কৰিছিল	O
আৰু	O
কামাখ্যাত	B-LOC
সতীৰ	B-PER
যোনি	O
অংশ	O
পৰিছিল	O
বুলি	O
বিশ্বাস	O
আছে	O
।	O

হুৱানোকো	B-LOC
হুৱানোকো	B-LOC
প্ৰদেশৰ	O
ৰাজধানী	O
।	O

ডিমা	B-LOC
হাছাও	I-LOC
জিলা	O
কেবাটাও	O
জনজাতীয়	O
গোষ্ঠীৰ	O
বাসস্থান	O
।	O

ড্ৰাইভাৰজনে	O
সুধিলে	O
পেইছ	O
মানে	O
দেশ	O
কোন	O
দেশৰ	O
পৰা	O
আহিছো	O
ক'লো	O
ইণ্ডিয়া	B-LOC
,	O
অ'	O
ইণ্ডিয়া	B-LOC
,	O
তেওঁ	O
উচ্চাৰিলে	O
।	O

দেৱীয়ে	O
ভাবিছিল	O
,	O
নৰকে	B-PER
এই	O
কাম	O
কৰিব	O
নোৱাৰিব	O
।	O

১৮০৭	B-DATE
চন	I-DATE
।	O

মে	O
মাহৰ	O
তিনি	O
তাৰিখ	O
২০০৮	B-DATE
চন	I-DATE
।	O

ইয়াৰে	O
উত্তৰভাগ	O
বৰাক	B-LOC
নদীৰ	I-LOC
অৱবাহিকা	O
।	O

এই	O
মন্দিৰটো	O
১১৩০	B-DATE
চনত	I-DATE
ৰামানুচাৰ্যৰ	B-PER
দ্বাৰা	O
সাজি	O
উলিওৱা	O
হৈছিল	O
।	O

বৰ	O
দ	O
বা	O
বৰডোবাৰে	O
পৰিপূৰ্ণ	O
কাৰণে	O
মানুহৰ	O
মুখত	O
পৰি	O
এই	O
অঞ্চলটোৰ	O
নাম	O
বৰদোৱা	B-LOC
হ'ল	O
বুলি	O
জনশ্ৰুতি	O
আছে	O
।	O

১৯৫১	B-DATE
চনত	I-DATE
ডুবিৰ	B-LOC
ওচৰৰ	O
গাড়ীসত্ৰ	B-LOC
গাঁৱৰ	O
লোকনাথ	B-PER
শৰ্মাৰ	I-PER
ঘৰৰ	O
ভেঁটি	O
খন্দাৰ	O
সময়ত	O
ছয়খন	O
ফলি	O
উদ্ধাৰ	O
হয়	O
।	O

তদুপৰি	O
শিৱৰাত্ৰি	B-MISC
আৰু	O
গণেশ	B-MISC
চতুৰ্থী	I-MISC
মহা	O
ধুমধামেৰে	O
মন্দিৰ	O
প্ৰাঙ্গনত	O
উদযাপন	O
কৰা	O
হয়	O
।	O

গৰখীয়া	B-LOC
দ'লৰ	I-LOC
নামঘৰ	O
আৰু	O
মণিকূট	O
থকাটো	O
উল্লেখযোগ্য	O
।	O

১৯২৬	B-DATE
চনত	I-DATE
ৰাধাকান্ত	B-PER
সন্দিকৈয়ে	I-PER
তেওঁৰ	O
পুত্ৰ	O
চন্দ্ৰকান্ত	B-PER
সন্দিকৈৰ	I-PER
স্মৃতিত	O
এই	O
ভৱনটো	O
দান	O
বৰঙণি	O
হিচাপে	O
আগবঢ়াইছিল	O
।	O

ইয়াৰ	O
পৰা	O
বগৰীবাৰী	B-FAC
ৰেল	I-FAC
ষ্টেচন	I-FAC
মাত্ৰ	O
২	O
কি:মি:	O
নিলগত	O
অৱস্থিত	O
।	O

যোৰহাট	B-LOC
চহৰৰ	O
দক্ষিণফালে	O
ন	B-LOC
-	I-LOC
আলিৰ	I-LOC
কাষত	O
অৱস্থিত	O
।	O

প্ৰতি	O
বছৰে	O
ভাদ	O
মাহত	O
ইয়াত	O
চাৰি	O
প্ৰসংগীয়া	O
পালনাম	B-MISC
অনুষ্ঠিত	O
হয়	O
।	O

দ'লৰ	O
নামত	O
ন	O
পুৰা	O
মাটি	O
বুঢ়াগোহাঁইয়ে	B-PER
দান	O
কৰে	O
।	O

অম্বুবাচীৰ	B-MISC
নিবৃত্তিৰ	O
দিনা	O
পাণ্ডাসকলে	O
ভক্তসকললৈ	O
আগবঢ়ায়	O
ৰক্তবস্ত্ৰ	O
।	O

ঢেকীয়াখোৱা	B-LOC
বৰনামঘৰৰ	I-LOC
নিকটৱৰ্তী	O
বিমানবন্দৰ	O
হৈছে	O
ৰৰৈয়া	B-FAC
বিমানবন্দৰ	I-FAC
।	O

আজিৰ	O
শল্য	O
চিকিৎসা	O
বিভাগত	O
বহুল	O
ভাবে	O
ব্যৱহাৰ	O
কৰা	O
জাইলোকেইন	B-MISC
,	O
লিগ্ৰ'কেয়াৰ	B-MISC
আদি	O
লোকেল	O
এনেসেথচিয়াবোৰ	O
হ'লষ্টেদৰেই	B-PER
আৱিষ্কাৰ	O
।	O

মানস	B-LOC
ৰাষ্ট্ৰীয়	I-LOC
উদ্যানত	I-LOC
তিনিটা	O
ঋতু	O
অনুভূত	O
হয়	O
-	O
গ্ৰীষ্ম	O
,	O
বৰ্ষা	O
আৰু	O
শীত	O
।	O

ডিমা	B-LOC
-	I-LOC
হাছাও	I-LOC
জিলাৰ	O
জলবায়ু	O
নাতিশীতোষ্ণ	O
।	O

গুৱাহাটীৰ	B-LOC
যোৰপুখুৰীৰ	B-LOC
পাৰত	O
শিৱসিংহই	B-PER
১৬৬০	B-DATE
চনত	I-DATE
উগ্ৰতাৰা	B-LOC
দেৱালয়	I-LOC
নিৰ্মাণ	O
কৰিছিল	O
।	O

ক্তিষ্টিও	B-PER
নামিল	O
।	O

অসমৰ	B-LOC
শংকৰী	O
কৃষ্টি	O
-	O
সংস্কৃতিৰ	O
কেন্দ্ৰস্থল	O
।	O

মিৰামাৰ	B-LOC
পানাজীৰ	B-LOC
পৰা	O
মাত্ৰ	O
তিনি	O
কি:মি:	O
আঁতৰত	O
অৱস্থিত	O
এটুকুৰা	O
ঠাই	O
।	O

নটা	O
গ্ৰহৰ	O
বিগ্ৰহ	O
থকা	O
বাবেই	O
নৱগ্ৰহ	B-LOC
মন্দিৰৰ	I-LOC
নাম	O
নৱগ্ৰহ	B-LOC
।	O

সেই	O
মৰ্মে	O
কলিকতালৈ	B-LOC
আহি	O
যোগাযোগ	O
কৰাত	O
ভাগ্যবশতঃ	O
চাৰি	O
দিনৰ	O
পিছতে	O
লণ্ডনৰ	B-LOC
পৰা	O
আৰম্ভ	O
হ'ব	O
লগা	O
পেকেজ	O
এটাত	O
আমাক	O
সুমোৱাই	O
দিলে	O
।	O

১০১০	B-DATE
খ্ৰিষ্টাব্দত	I-DATE
কিং	B-PER
আৱ	I-PER
কং	I-PER
ওৱানএ	I-PER
জন্ম	O
দিয়া	O
হানয়	B-LOC
নগৰখনত	O
২০১০	B-DATE
চনৰ	I-DATE
বছৰটোতে	O
ইয়াৰ	O
প্ৰতিষ্ঠাৰ	O
এহেজাৰ	O
বছৰ	O
পূৰ্ণ	O
হোৱা	O
উপলক্ষে	O
নহৰখনত	O
বিশেষ	O
অনুষ্ঠান	O
আদিৰ	O
আয়োজন	O
কৰিছে	O
।	O

এনেদৰে	O
বাসুদেৱ	B-LOC
থান	I-LOC
আৰু	O
নৰোৱা	B-LOC
সত্ৰৰ	I-LOC
সংযোগ	O
ঘটে	O
।	O

১৭২০	B-DATE
চনত	I-DATE
আহোমা	B-MISC
ৰজা	O
শিৱসিংহই	B-PER
অশ্বক্ৰান্ত	B-LOC
মন্দিৰটো	O
লুইতৰ	B-LOC
পাৰত	O
নিৰ্মাণ	O
কৰিছিল	O
।	O

দীপৰ	B-LOC
বিল	I-LOC
জৈৱিক	O
আৰু	O
প্ৰাকৃতিক	O
দুয়ো	O
ফালৰ	O
পৰা	O
অতি	O
গুৰুত্বপূৰ্ণ	O
।	O

এইখন	O
ভাৰতৰ	B-LOC
উত্তৰ	B-LOC
পূৰ্বাঞ্চলত	I-LOC
অৱস্থিত	O
একমাত্ৰ	O
ৱাটাৰ	O
পাৰ্ক	O
।	O

ধৰ্মপ্ৰাণ	O
লোকসকলে	O
অশোকাষ্টমী	B-MISC
অনুষ্ঠান	O
নাম	O
কীৰ্তনেৰে	O
মুখৰিত	O
কৰি	O
ৰাখে	O
আৰু	O
কোনো	O
কোনো	O
স্থানত	O
আকৌ	O
বিগ্ৰহকো	O
স্নান	O
কৰোৱাৰ	O
নিয়ম	O
প্ৰচলিত	O
আছে	O
।	O

কিন্তু	O
,	O
বানপানীৰ	O
কাৰণে	O
মন্দিৰভাগৰ	O
স্থান	O
পৰিত্যক্ত	O
হয়	O
আৰু	O
১৪০১	B-DATE
খ্ৰীষ্টাব্দত	I-DATE
ৰজা	O
লক্ষ্মীনাৰায়ণে	B-PER
এভাগ	O
নতুন	O
মন্দিৰৰ	O
প্ৰতিষ্ঠিত	O
কৰে	O
।	O

শীতকালৰ	O
পৰিভ্ৰমী	O
চৰাইৰ	O
বাবে	O
মাজুলী	B-LOC
এক	O
আশ্ৰয়স্থল	O
।	O

ওৰাং	B-LOC
ৰাষ্ট্ৰীয়	I-LOC
উদ্যান	I-LOC
ব্ৰহ্মপুত্ৰ	B-LOC
নদীৰ	I-LOC
উত্তৰে	O
অসমৰ	B-LOC
দৰং	B-LOC
আৰু	O
শোণিতপুৰ	B-LOC
জিলাত	O
অৱস্থিত	O
এখন	O
ৰাষ্ট্ৰীয়	O
উদ্যান	O
।	O

চহৰখনক	O
দিহিং	B-LOC
বৰ্ষাৰণ্যই	I-LOC
আৱৰি	O
ৰাখিছে	O
য'ত	O
দিহিং	B-LOC
আৰু	O
লোহিত	B-LOC
নৈ	O
মিলি	O
যায়	O
।	O

জালুকবাৰী	B-LOC
পাহাৰত	I-LOC
অৱস্থিত	O
মন্দিৰটোৰ	O
নামেৰেই	O
ঠাইখনৰ	O
নামো	O
লংকেশ্বৰ	B-LOC
হৈছে	O
।	O

ছেভিল্লাৰ	B-LOC
বৃহৎ	O
গিৰ্জা	O
ছেভিল্লাৰ	B-LOC
অতি	O
দৰ্শনীয়	O
ঠাই	O
।	O

ইয়াৰ	O
দুইমূৰে	O
থকা	O
ধীৰ	B-LOC
বিল	I-LOC
আৰু	O
দিপলাই	B-LOC
বিলে	I-LOC
অভয়াৰণ্যখনৰ	O
পৰিবেশ	O
-	O
তন্ত্ৰত	O
গুৰুত্বপূৰ্ণ	O
ভূমিকা	O
লৈছে	O
।	O

ইয়াৰ	O
পূব	O
দিশত	O
অৱস্থিত	O
যোৰপুখুৰী	B-LOC
তেওঁ	O
মন্দিৰ	O
নিৰ্মাণৰ	O
তিনিবছৰ	O
আগতে	O
খন্দাইছিল	O
।	O

ব্ৰহ্মপুত্ৰৰ	B-LOC
পাৰৰ	O
টিলা	O
এটাৰ	O
তলত	O
থকা	O
শিলৰ	O
ঘোঁৰাৰ	O
খুড়াৰ	O
দৰে	O
চিন	O
আৰু	O
বিষ্ণুৰ	B-PER
সোঁভৰিৰ	O
চিহ্ন	O
থকা	O
বুলি	O
বিশ্বাস	O
কৰা	O
হয়	O
।	O

ইংৰাজসকল	B-MISC
গুচি	O
যোৱাৰ	O
পাছতো	O
বিষ্ণু	B-PER
মেধী	I-PER
মন্ত্ৰীসভাৰ	O
ভালেকেইগৰাকী	O
প্ৰকৃতিপ্ৰেমী	O
নেতাই	O
চানডুবিৰ	B-LOC
অপৰূপ	O
সৌন্দৰ্যত	O
বিভোৰ	O
হৈ	O
কাজিৰঙা	B-LOC
,	O
মানাহ	B-LOC
আদিৰ	O
সমমৰ্যাদা	O
চানডুবিকো	B-LOC
দিয়াৰ	O
দাবী	O
তুলিছিল	O
।	O

ই	O
শিৱসাগৰ	B-LOC
জিলা	O
,	O
গোলাঘাট	B-LOC
জিলা	O
,	O
নাজিৰা	B-LOC
,	O
বালিঘাট	B-LOC
,	O
শিমলুগুৰি	B-LOC
,	O
নামৰূপক	B-LOC
সংযোগ	O
কৰিছে	O
।	O

শোণিতপুৰ	B-LOC
জিলাৰ	O
৪৪	O
বৰ্গ	O
কি:মি:	O
এলেকাৰ	O
বুৰা	B-LOC
চাপৰি	I-LOC
অভয়াৰণ্যত	I-LOC
গঁড়	O
,	O
বাঘ	O
,	O
গছত	O
উঠা	O
ভেকুলী	O
আদি	O
পোৱা	O
যায়	O
।	O

দৰাচলতে	O
এই	O
সৰু	O
টিলাতোক	O
অগ্নিগড়	B-LOC
বোলা	O
হৈছে	O
যদিও	O
প্ৰকৃতাৰ্থত	O
সমগ্ৰ	O
নগৰখনেই	O
অগ্নিগড়	B-LOC
আছিল	O
বুলি	O
এক	O
জনবিশ্বাস	O
আছে	O
।	O

দূধনৈ	B-LOC
সমষ্টিটো	O
গুৱাহাটী	B-LOC
লোকসভাৰ	I-LOC
অন্তৰ্ভুক্ত	O
।	O

জন্মু	B-LOC
-	I-LOC
কাশ্মীৰৰ	I-LOC
ৰাজ্যপালৰ	O
বাসভৱনৰ	O
কাষতে	O
থকা	O
এই	O
গাৰ্ডেনখন	O
প্ৰকৃততে	O
ৰাজ্যপালৰ	O
বিনোদনৰ	O
বাবে	O
সজা	O
হৈছিল	O
।	O

কিন্তু	O
তিনিবছৰ	O
নৌহওতেই	O
তেওঁক	O
ওফোৰাই	O
ৰাষ্ট্ৰপতিৰ	O
পদ	O
দখল	O
কৰে	O
ক্ৰমে	O
জেনেৰেল	O
ম্যানুৱেল	B-PER
এ	I-PER
,	O
অড্ৰিয়া	B-PER
ম্যানুৱেল	I-PER
প্ৰাদো	I-PER
,	O
উগাৰটেচী	B-PER
আৰু	O
ফানৰ্নদো	B-PER
বেলা	I-PER
এণ্ডি	I-PER
টেৰীই	I-PER
মাওবাদী	O
গড়িলা	O
আৰু	O
চৰকাৰী	O
বাহিনীৰ	O
মাজত	O
হোৱা	O
সংঘৰ্ষত	O
১৯৮০	B-DATE
চনৰ	I-DATE
পৰা	O
২০০০	B-DATE
চনলৈ	I-DATE
পেৰুত	B-LOC
৬৯০০০	O
হাজাৰ	O
লোকৰ	O
মৃত্যু	O
হয়	O
।	O

আমাৰ	O
কেমেৰা	O
আৰু	O
মোবাইল	O
চাৰ্জাৰৰ	O
পিনবোৰ	O
আমেৰিকাত	B-LOC
অকামিলা	O
।	O

এলেক্স	B-PER
আৰু	O
বৰ	B-PER
ক্ৰীচে	I-PER
লিমালৈ	B-LOC
যোৱা	O
নৈশ	O
বাছত	O
আমাক	O
উঠাই	O
দিলে	O
,	O
আহিবৰ	O
সময়ত	O
ববক	B-PER
এখন	O
ফুলাম	O
গামোচা	O
দি	O
আহিলো	O
।	O

প্ৰতি	O
বছৰে	O
দীৰ্ঘেশ্বৰী	B-LOC
দেৱালয়ত	I-LOC
অনুষ্ঠিত	O
হোৱা	O
বছৰেকীয়া	O
দুৰ্গা	B-MISC
পূজাত	I-MISC
অগণন	O
ভক্তৰ	O
সমাগম	O
হয়	O
।	O

নাগাক্ষ	B-PER
ৰজাই	O
সজোৱা	O
জামুগুৰিৰ	B-LOC
ওচৰৰ	O
নাগশংকৰ	B-LOC
মন্দিৰৰ	I-LOC
নিৰ্মাণ	O
কৌশলৰ	O
লগত	O
এই	O
দেৱালয়ৰ	O
সাদৃশ্য	O
আছে	O
।	O

ইয়াতেই	O
মাধবদেৱে	B-PER
ভক্তি	O
ৰত্নাৱলী	O
গ্ৰন্থখন	O
অনুবাদ	O
কৰে	O
।	O

মাঘনোৱা	B-LOC
দ'লৰ	I-LOC
সম্মুখভাগত	O
স্থাপিত	O
তথ্য	O
ফলকত	O
উল্লেখ	O
কৰা	O
তথ্য	O
অনুসৰি	O
দ'লটো	O
স্বৰ্গদেউ	O
ৰুদ্ৰসিংহৰ	B-PER
পৃষ্ঠপোষকতাত	O
নিৰ্মিত	O
হৈছিল	O
।	O

বৰ্তমানৰ	O
ক্লাবটো	O
১৮৮৫	B-DATE
চনত	I-DATE
নিৰ্মাণ	O
কৰা	O
হৈছিল	O
।	O

কিছুমান	O
পণ্ডিতৰ	O
মতে	O
বিখ্যাত	O
চীনা	O
ভ্ৰমণকাৰী	O
হিউৱেন	B-PER
-	I-PER
চাংৰ	I-PER
বিৱৰণ	O
উল্লেখ	O
কৰি	O
কৈছিল	O
যে	O
এইটো	O
শ্ৰী	B-LOC
সূৰ্য	I-LOC
পাহাৰ	I-LOC
আছিল	O
আৰু	O
গুৱাহাটীৰ	B-LOC
নহয়	O
যিটো	O
কুমাৰ	B-PER
ভাস্কৰ	I-PER
বৰ্মণৰ	I-PER
ৰাজ্যৰ	O
ৰাজধানী	O
প্ৰাগজ্যোতিষপুৰ	B-LOC
বা	O
প্ৰাগজ্যোতিষ	B-LOC
ৰাজ্যৰ	O
প্ৰাচীন	O
ভূমি	O
আছিল	O
।	O

৩১	B-LOC
নং	I-LOC
ৰাষ্ট্ৰীয়	I-LOC
ঘাইপথৰ	I-LOC
পৰা	O
ইয়াৰ	O
দূৰত্ব	O
৪	O
কিলোমিটাৰ	O
আৰু	O
উত্তৰ	O
পূৱ	O
সীমান্ত	O
ৰেলপথৰ	O
পৰা	O
ইয়াৰ	O
দূৰত্ব	O
৩	O
কিলোমিটাৰ	O
।	O

এই	O
বন	O
সংমণ্ডল	O
প্ৰাধিকাৰী	O
বিষয়াজনেই	O
হ'ল	O
নামেৰী	B-LOC
ব্যাঘ্ৰ	O
প্ৰকল্পৰ	O
ক্ষেত্ৰ	O
সঞ্চালক	O
।	O

পৰ্যটকৰ	O
আকৰ্ষণৰ	O
অন্যতম	O
কেন্দ্ৰ	O
বিন্দু	O
ভোদা	B-LOC
পাৰ্কত	I-LOC
অৱসৰ	O
বিনোদনৰ	O
বাবে	O
বহুতো	O
সুবিধা	O
আছে	O
।	O

নিকটৱৰ্তী	O
গোলাঘাট	B-LOC
চহৰলৈ	O
অসমৰ	B-LOC
প্ৰায়	O
প্ৰতি	O
প্ৰান্তৰ	O
পৰা	O
যাবলৈ	O
পথ	O
আৰু	O
বেলৰ	O
উপযুক্ত	O
সুবিধা	O
আছে	O
।	O

প্ৰত্যেক	O
বছৰৰ	O
ফেব্ৰুৱাৰী	O
মাহত	O
স্থানীয়	O
লোকসকলে	O
এই	O
মন্দিৰত	O
ফাকুৱা	B-MISC
উৎসৱ	I-MISC
উদ্‌যাপন	O
কৰে	O
।	O

মেৰীল্যাণ্ডৰ	B-LOC
হোৱাইটহলৰ	B-LOC
পৰা	O
জনচ	B-PER
তেওঁৰ	O
ৰজ্জ	O
বছৰ	O
বয়সত	O
বাল্টিমোৰলৈ	B-LOC
আহে	O
আৰু	O
খুডাক	O
জিৰাৰ্দৰ	B-PER
গেলামালৰ	O
দোকানত	O
কাম	O
কৰিবলৈ	O
লয়	O
আৰু	O
অতি	O
কম	O
সময়ৰ	O
ভিতৰত	O
খুড়াকৰ	O
ব্যৱসায়ৰ	O
প্ৰভূত	O
উন্নতি	O
কৰিবলৈ	O
সক্ষম	O
হয়	O
।	O

পেৰুৰ	B-LOC
ওচৰে	O
পাজৰে	O
থকা	O
সকলোবোৰ	O
দেশ	O
,	O
ব্ৰাজিল	B-LOC
,	O
চিলি	B-LOC
,	O
আজেণ্টিনা	B-LOC
,	O
পাৰাগুৱে	B-LOC
সকলোবোৰ	O
দেশেই	O
ফুটবলত	O
আন্তৰ্জাতিক	O
খ্যাতি	O
সম্পন্ন	O
।	O

এই	O
ঐশ্বৰ্যশালী	O
প্ৰকৃতিৰ	O
মাজত	O
বৌদ্ধ	O
বিহাৰসমূহে	O
লাডাখক	B-LOC
অনন্য	O
মাত্ৰা	O
দান	O
কৰিছে	O
।	O

শিৱসাগৰ	B-LOC
চহৰৰ	O
পৰা	O
জয়সাগৰলৈ	B-LOC
যাতায়তৰ	O
সু	O
-	O
ব্যৱস্থা	O
আছে	O
।	O

মহামায়া	B-LOC
ধাম	I-LOC
হিন্দু	B-MISC
ধৰ্মাৱলম্বী	O
লোকসকলৰ	O
পৱিত্ৰ	O
উপাসনাস্থল	O
।	O

ছাৰ্ট	O
আৰু	O
কামিজ	O
পৰিহিতা	O
এই	O
তামিল	B-MISC
যুৱতীগৰাকীয়ে	O
তামিল	B-MISC
,	O
ইংৰাজী	B-MISC
আৰু	O
চীনা	B-MISC
ভাষাত	O
ব্যুৎপত্তি	O
দেখি	O
আমি	O
তবধ	O
মানিছিলোঁ	O
।	O

সন্ধিয়াৰ	O
পাছত	O
আমি	O
এলকাজাৰ	B-MISC
নামৰ	O
ক্যাবাৰে	O
নৃত্যৰ	O
দৰে	O
এটা	O
দৰ্শনী	O
চাবলৈ	O
গৈছিলোঁ	O
।	O

এই	O
পুখুৰীটো	O
যোৰহাট	B-LOC
নগৰৰ	O
দক্ষিণত	O
ন	B-LOC
-	I-LOC
আলিৰ	I-LOC
ওচৰত	O
অৱস্থিত	O
।	O

নৰকে	B-PER
নিৰ্মাণ	O
কৰা	O
বুলি	O
প্ৰবাদ	O
থকা	O
মেখেলা	B-LOC
উজোৱা	I-LOC
নামৰ	O
শিলৰ	O
খটখটিটো	O
আজিও	O
দেখিবলৈ	O
পোৱা	O
যায়	O
।	O

আনহাতে	O
বাসুদেৱৰ	B-PER
মূৰ্ত্তি	O
বিৰাজ	O
কৰা	O
থানখনত	O
নৰোৱা	B-MISC
বংশৰ	O
গোঁসাই	O
থকাৰ	O
কাৰণে	O
ইয়াক	O
নৰোৱা	B-LOC
সত্ৰও	I-LOC
বুলি	O
জনা	O
যায়	O
।	O

ভিমাসুৰে	B-PER
কামৰূপৰ	B-LOC
ৰজা	O
প্ৰিয়ধৰ্মনক	I-PER
পৰাজিত	O
কৰি	O
তেওঁক	O
আৰু	O
তেওঁৰ	O
পত্নী	O
দক্ষিণাদেৱীক	B-PER
কাৰাৰুদ্ধ	O
কৰি	O
ৰাখিছিল	O
।	O

ইংৰাজী	B-MISC
ভালকৈ	O
ক'ব	O
পাৰে	O
।	O

ইংৰাজী	O
১৭৩৪	B-DATE
চনত	I-DATE
ৰানী	O
অম্বিকাই	B-PER
কলুঞ্চপাৰ	B-LOC
শিৱ	B-PER
দেৱতাৰ	O
নামত	O
উৎসৰ্গা	O
কৰি	O
এটা	O
পুখুৰী	O
খন্দাইছিল	O
।	O

স্বৰ্গদেউ	O
লক্ষ্মীসিংহৰ	B-PER
মাকে	O
এই	O
পুখুৰী	O
খন্দাই	O
পাৰত	O
দ'ল	O
নিৰ্মাণ	O
কৰিছিল	O
।	O

তেজপুৰ	B-LOC
চহৰৰ	O
পৰা	O
প্ৰায়	O
১০	O
কিল'মিটাৰ	O
উত্তৰে	O
গৰৈমাৰীৰ	B-LOC
সমীপত	O
১৫	B-LOC
নং	I-LOC
ৰাষ্ট্ৰীয়	I-LOC
ঘাইপথৰ	I-LOC
দাঁতিতে	O
হলেশ্বৰ	B-LOC
দেৱালয়	I-LOC
অৱস্থিত	O
।	O

সামৰিক	O
শক্তিৰে	O
নহয়	O
অৰ্থশক্তিৰেহে	O
শক্তিশালী	O
আছিল	O
বাবে	O
হায়দৰাবাদক	B-LOC
লৈ	O
বৃটিছৰ	B-MISC
মূৰৰ	O
কামোৰণি	O
নাছিল	O
;	O
অৱশ্যে	O
নিজামৰ	B-PER
কাম	O
-	O
কাজত	O
চকু	O
দিবৰ	O
বাবে	O
তেতিয়াৰ	O
হায়দৰাবাদৰ	B-LOC
ওচৰত	O
এজন	O
উচ্চ	O
পৰ্যায়ৰ	O
বিষয়াসহ	O
এটা	O
বৃহৎ	O
বৃটিছ	O
সৈন্য	O
বাহিনী	O
ৰাখি	O
থোৱা	O
হৈছিল	O
।	O

এসময়ত	O
শস্যে	O
-	O
মৎস্যে	O
নদন	O
-	O
বদন	O
অৱস্থাৰ	O
হোৱাৰ	O
বাবেই	O
মাজুলীক	B-LOC
মা	O
লক্ষ্মীৰ	B-PER
জোলোঙা	O
বা	O
ভঁৰাল	O
বুলি	O
অভিহিত	O
কৰা	O
যেন	O
ধাৰণা	O
হয়	O
।	O

দিক্কৰবাসিনী	B-PER
নৱম	O
-	O
দশম	O
শতিকাৰ	O
কালিকা	B-MISC
পুৰাণত	I-MISC
কামৰূপ	B-LOC
পীঠ	I-LOC
হিচাপে	O
উল্লেখ	O
আছে	O
।	O

তেজপুৰ	B-LOC
৬৪	O
কি.	O
মি.	O
নিলগৰ	O
একেবাৰে	O
নিকটবৰ্তী	O
চহৰ	O
তদুপৰি	O
গুৱাহাটী	B-LOC
পৰা	O
উদ্যানখনলৈ	O
দূৰত্ব	O
প্ৰায়	O
১৪০	O
কি.মি.	O
।	O

অসমৰ	B-LOC
কথা	O
বাদেই	O
খোদ	O
ভাৰতৰ	B-LOC
ৰাজধানী	O
দিল্লীটো	B-LOC
এইবোৰ	O
সুবিধা	O
হৈ	O
উঠা	O
নাই	O
।	O

পৃথিৱীৰ	O
মানচিত্ৰত	O
বৰনদী	B-LOC
২৬°৪৮	O
উত্তৰ	O
অক্ষাংশ	O
আৰু	O
৯১.৪৫	O
পূৰ্ব	O
দ্ৰাঘিমাংশত	O
অৱস্থিত	O
।	O

কাজিৰঙাৰ	B-LOC
মুঠ	O
মাটিকালি	O
৩৭৮	O
বৰ্গ	O
কি.	O
মি.	O
,	O
ইয়াৰে	O
প্ৰায়	O
৫১.১৪	O
বৰ্গ	O
কি.মি.	O
বিগত	O
দশককেইটাত	O
গৰাখহনীয়াৰ	O
বুকুত	O
জাহ	O
গৈছে	O
।	O

কাঠগোদাম	B-FAC
ৰেল	I-FAC
ষ্টেচনৰ	I-FAC
পৰা	O
নাইনিতাললৈ	B-LOC
আছে	O
সহজলভ্য	O
আৰু	O
টেক্সিৰ	O
সুবিধা	O
।	O

নাম	O
ৰজিথা	B-PER
।	O

ডা:	O
বাচাৰহঁতে	B-PER
আগদিনা	O
চাই	O
আহিছে	O
।	O

মাজৰে	O
বৈ	O
যোৱা	O
ভোগদৈ	B-LOC
নদীয়ে	I-LOC
অৰণ্যৰ	O
মাজে	O
জলমগ্ন	O
এক	O
অঞ্চল	O
সৃষ্টি	O
কৰিছে	O
।	O

টাৱাং	B-LOC
,	O
আপাৰ	B-LOC
সোৱণশিৰি	I-LOC
,	O
আপাৰ	B-LOC
দিবাংভেলী	I-LOC
,	O
ল'ৱাৰ	B-LOC
দিবাংভেলী	I-LOC
,	O
ৱেষ্ট	B-LOC
কামেং	I-LOC
,	O
পাপুমপাৰে	B-LOC
,	O
ল'ৱাৰ	B-LOC
সোৱণশিৰি	I-LOC
,	O
ইষ্ট	I-LOC
কামেং	I-LOC
,	O
কুৰুংকামে	B-LOC
,	O
লোহিত	B-LOC
,	O
টিৰাপ	B-LOC
,	O
চাংলাং	B-LOC
নামেৰে	O
পৰিচিত	O
অৰুণাচলৰ	B-LOC
জিলাকেইখন	O
পৰ্যটনৰ	O
ঠাই	O
।	O

চান্দ	B-PER
সদাগৰে	I-PER
পুত্ৰ	O
লখিন্দৰক	B-PER
সপ্ৰ	O
দংশনৰ	O
পৰা	O
ৰক্ষা	O
কৰিবলৈ	O
মেৰঘৰ	O
নিৰ্মাণ	O
কৰাৰ	O
প্ৰবাদ	O
সমাজত	O
প্ৰচলিত	O
হৈ	O
আছে	O
।	O

যোৱা	O
কেইদশকমানত	O
দক্ষিণ	B-LOC
গুৱাহাটীৰ	I-LOC
গণেশগুৰি	B-LOC
,	O
বেলতলা	B-LOC
,	O
পাঞ্জাবাৰী	B-LOC
,	O
জটীয়া	B-LOC
,	O
কাহিলীপাৰা	B-LOC
আদি	O
ঠায়ে	O
ৰাজধানী	O
দিশপুৰক	B-LOC
আৱৰি	O
এটা	O
উপ	O
-	O
কেন্দ্ৰ	O
গঢ়ি	O
তুলিছে	O
।	O

লক্ষিমপুৰ	B-LOC
জিলাৰ	O
বৰনাৰায়ণপুৰ	B-LOC
আৰু	O
এতিয়াৰ	O
খেৰাজখাত	B-LOC
মৌজাত	O
অৱস্থিত	O
এই	O
আতিহ্যমণ্ডিত	O
লেটেকুপুখুৰীৰ	B-LOC
পৰা	O
মহাপুৰুষ	O
মাধৱদেৱৰ	B-PER
জন্মসস্থান	O
বুলি	O
জনাজাত	O
।	O

নিকটৱৰ্তী	O
ৰাষ্ট্ৰ	O
ভূটানৰ	B-LOC
নাংলমৰ	B-LOC
পৰা	O
ইয়াৰ	O
দূৰত্ব	O
৫৩	O
কিলোমিটাৰ	O
দক্ষিণে	O
।	O

ৰুদ্ৰপদ	B-LOC
দেৱালয়	I-LOC
তেজপুৰ	B-LOC
চহৰৰ	O
উত্তৰ	O
দিশত	O
,	O
ব্ৰহ্মপুত্ৰ	B-LOC
নদীৰ	I-LOC
গাতে	O
লাগি	O
থকা	O
পাহাৰৰ	O
ওপৰত	O
অৱস্থিত	O
।	O

যোগিনীতন্ত্ৰত	B-MISC
উল্লেখ	O
কৰা	O
মতে	O
এই	O
কুণ্ডত	O
অনুলোম	B-PER
আৰু	O
বিলোম	B-PER
নামৰ	O
দৈত্য	O
দুটাই	O
নিৰ্বাণ	O
লাভৰ	O
বাবে	O
স্নাম	O
কৰিছিল	O
।	O

নলবাৰীত	B-LOC
বেত	O
চেক	O
ভঙাবলৈ	O
গৈ	O
কি	O
অৱস্থা	O
হৈছিল	O
আগতে	O
উল্লেখ	O
কৰিছো	O
।	O

কিন্তু	O
বৰ্তমান	O
হিন্দু	B-MISC
ধৰ্মাৱলম্বী	O
লোকৰ	O
সংখ্যা	O
হ্ৰাস	O
বা	O
বৃদ্ধি	O
হোৱা	O
নাই	O
।	O

অসমৰ	B-LOC
পূব	O
প্ৰান্তত	O
ব্ৰহ্মপুত্ৰৰ	B-LOC
দক্ষিণপাৰে	O
অৱস্থিত	O
।	O

ভেটিৰ	O
কাম	O
সম্পূৰ্ণ	O
হৈ	O
আহোঁতেই	O
মোৱামৰীয়াসকলে	B-MISC
বিদ্ৰোহ	O
আৰম্ভ	O
কৰে	O
আৰু	O
আহোম	B-MISC
ৰাজ্যৰ	O
ৰাজধানী	O
যোৰহাট	B-LOC
আক্ৰমণ	O
কৰে	O
।	O

সোণাই	B-LOC
-	I-LOC
ৰূপাই	I-LOC
অভয়াৰণ্য	I-LOC
অসমৰ	B-LOC
শোণিতপুৰ	B-LOC
জিলাত	O
অৱস্থিত	O
এখন	O
বন্যপ্ৰাণী	O
অভয়াৰণ্য	O
।	O

পৰ্য্যটকৰ	O
বাবে	O
প্ৰৱেশ	O
পথ	O
দুটা	O
হৈছে	O
গুইজান	B-LOC
ঘাট	I-LOC
আৰু	O
ছৈখোৱা	B-LOC
ঘাট	I-LOC
।	O

কিন্তু	O
পিছলৈ	O
ইয়াৰ	O
নাম	O
চিত্ৰলেখা	B-LOC
উদ্যান	I-LOC
ৰখা	O
হয়	O
।	O

অতীজতে	O
ব্ৰহ্মপুত্ৰৰ	B-LOC
পাৰৰ	O
এই	O
অঞ্চল	O
বৰ	O
দ	O
-	O
বৰডোবা	O
বা	O
ডোভাৰে	O
পৰিপূৰ্ণ	O
জলময়	O
ঠাই	O
আছিল	O
বুলি	O
জনা	O
যায়	O
।	O

এই	O
পথটোৱে	O
চুইযোৱা	O
প্ৰধান	O
ঠাইবোৰ	O
হ'ল	O
-	O
জাঁজী	B-LOC
,	O
শিৱসাগৰ	B-LOC
আৰু	O
মৰাণ	B-LOC
।	O

ভাৰত	B-LOC
-	O
বাংলাদেশ	B-LOC
সীমান্তৰ	O
এখন	O
সৰু	O
পাহাৰী	O
গাঁও	O
মওলিনং	B-LOC
।	O

ডিমা	B-LOC
হাছাও	I-LOC
জিলাৰ	O
একমাত্ৰ	O
বিধান	O
সভা	O
সমষ্টি	O
হাফলং	B-LOC
।	O

পৰিহৰেশ্বৰ	B-LOC
দেৱালয়ত	I-LOC
দৈনন্দিনভাৱে	O
শিৱ	B-PER
পূজা	O
আৰু	O
দুৰ্গা	B-PER
পূজা	O
আৰু	O
বিষ্ণু	B-PER
পূজা	O
বেলেগে	O
বেলেগে	O
কৰা	O
হয়	O
।	O

ভিয়েটনাম	B-LOC
যেন	O
বিদেশী	O
পৰ্যটকৰ	O
ৰম্যভূমি	O
।	O

সেই	O
সময়ত	O
অসমীয়া	B-ORG
ভাষা	I-ORG
উন্নতি	I-ORG
সাধিনী	I-ORG
সভাৰ	I-ORG
পৃষ্ঠপোষকতাত	O
বাণ	B-ORG
থিয়েটাৰৰ	I-ORG
সাধাৰণ	O
সম্পাদক	O
পদ	O
অলংকৃত	O
কৰিছিল	O
পদ্মনাথ	B-PER
গোহাঞিদেৱে	I-PER
।	O

আমি	O
বেংককৰ	B-LOC
সুৱৰ্ণভূমি	B-FAC
বিমান	I-FAC
বন্দৰত	I-FAC
বিমানৰ	O
পৰা	O
নমাৰ	O
লগে	O
লগে	O
আমাৰ	O
গাইডে	O
এখন	O
পৰ্যটক	O
কঢ়িয়াই	O
নিয়া	O
বাছৰ	O
ফালে	O
গৈ	O
গ'ল	O
।	O

গুৱাহাটী	B-ORG
বিশ্ববিদ্যালয়ৰ	I-ORG
প্ৰথম	O
উপাচাৰ্য	O
কৃষ্ণকান্ত	B-PER
সন্দিকৈ	I-PER
,	O
জ্ঞানপীঠ	B-MISC
বঁটা	I-MISC
বিজয়ী	O
বীৰেন্দ্ৰ	B-PER
কুমাৰ	I-PER
ভট্টাচাৰ্য	I-PER
,	O
নীলমণি	B-PER
ফুকন	I-PER
আদিকে	O
ধৰি	O
বহুতো	O
কবি	O
,	O
সাহিত্যিক	O
,	O
গৱেষক	O
পণ্ডিত	O
,	O
কাৰিকৰী	O
বিশাৰদ	O
,	O
সাংবাদিকে	O
যোৰহাটত	B-LOC
জন্মগ্ৰহণ	O
কৰিছিল	O
।	O

বৰ্তমানৰ	O
উত্তৰ	B-LOC
গুৱাহাটী	I-LOC
আৰু	O
তাৰ	O
আশে	O
পাশে	O
পোৱা	O
অসংখ্য	O
দুৰ্গ	O
,	O
ৰাষ্টা	O
-	O
ঘাট	O
,	O
ভৱন	O
,	O
মন্দিৰ	O
,	O
শিলালিপি	O
আদিৰ	O
ভগ্নাৱশেষৰ	O
বাবে	O
বুৰঞ্জীবিদসকলে	O
উত্তৰ	B-LOC
গুৱাহাটীকে	I-LOC
তাহানিৰ	O
কামৰূপ	B-LOC
নগৰী	O
বুলি	O
থাৱৰ	O
কৰিছে	O
।	O

শিৱৰ	B-PER
সহচৰ	O
বুলি	O
গণ্য	O
কৰা	O
এই	O
কাছকেইটাক	O
প্ৰতিদিনে	O
মন্দিৰৰ	O
প্ৰসাদ	O
আৰু	O
ভোগ	O
অৰ্পণ	O
কৰা	O
হয়	O
।	O

মুখাশিল্পৰ	O
বাবে	O
চামগুৰি	B-LOC
সত্ৰৰ	I-LOC
বিশেষ	O
নাম	O
আছে	O
।	O

ডিব্ৰু	B-LOC
-	I-LOC
ছৈখোৱা	I-LOC
ৰাষ্ট্ৰীয়	I-LOC
উদ্যানত	I-LOC
প্ৰৱেশৰ	O
বাবে	O
বন	O
বিভাগৰ	O
ৱাইল্ড	O
লাইফ	O
ৱিঙৰপৰা	O
লিখিত	O
অনুমতিৰ	O
আৱশ্যক	O
।	O

ডাল	B-LOC
হ্ৰদৰ	I-LOC
কাষতে	O
থকা	O
টখত	B-LOC
-	I-LOC
ই	I-LOC
-	I-LOC
চুলেইমান	I-LOC
পৰ্বতৰ	O
১১০০	O
ফুট	O
উচ্চতাত	O
অৱস্থিত	O
এই	O
মন্দিৰটো	O
।	O

মই	O
আজিয়েই	O
টেকেলিফুটা	B-LOC
ঘাটেদি	I-LOC
পাৰ	O
হৈ	O
যাব	O
লাগিব	O
।	O

আজি	O
দহ	O
বছৰৰ	O
আগলৈকে	O
বৰ	O
ৰ	O
গছ	O
আৰু	O
হাবিৰে	O
ঘোপমৰা	O
ঢিপ	O
এটা	O
মাজত	O
গহ্বৰত	O
থকা	O
উমা	B-PER
-	O
মহেশ্বৰ	B-PER
মূৰ্তজনা	O
আৰু	O
ইয়াৰ	O
চৌপাশে	O
পৰি	O
থকা	O
কিছুসংখ্যক	O
শিলাখণ্ডৰ	O
বাহিৰে	O
ইয়াত	O
চকুত	O
পৰা	O
অৱস্থাত	O
বিশেষ	O
একো	O
নাছিল	O
।	O

গুৱাহাটী	B-LOC
উত্তৰ	B-LOC
-	I-LOC
পূব	I-LOC
ভাৰতৰ	I-LOC
প্ৰৱেশদ্বাৰ	O
।	O

৩০	B-DATE
এপ্ৰিল	I-DATE
।	O

কাজিৰঙাৰ	B-LOC
বুকুৰে	O
বৈ	O
যোৱা	O
নৈ	O
-	O
সমূহত	O
লুপ্ত	O
-	O
প্ৰায়	O
শিহু	O
দেখা	O
যায়	O
।	O

ডা:	O
পেপে	B-PER
আহিল	O
।	O

২০১৩	B-DATE
চনৰ	I-DATE
৬	B-DATE
জুলাই	I-DATE
তাৰিখে	O
তদানীন্তন	O
অসমৰ	B-LOC
মুখ্যমন্ত্ৰী	O
তৰুণ	B-PER
গগৈয়ে	I-PER
বিজ্ঞান	O
কেন্দ্ৰ	O
আৰু	O
তাৰকাগৃহটো	O
উদ্বোধন	O
কৰে	O
।	O

সেই	O
দিনটোৱেই	O
অশোকাৰ	B-PER
নামেৰে	O
অশোকাষ্টমী	B-MISC
।	O

১৯০৫	B-DATE
চনত	I-DATE
এই	O
স্থান	O
ভ্ৰমণ	O
কৰা	O
টি.	B-PER
ব্লকৰ	I-PER
অনুসৰি	O
,	O
এই	O
বৰ্গাকাৰ	O
গাঁথনিটো	O
ভিতৰত	O
মুল	O
মন্দিৰটো	O
হ'ব	O
নোৱাৰে	O
আৰু	O
ইটাৰ	O
বেৰটোৱে	O
স্পষ্টভাৱে	O
কেন্দ্ৰত	O
কোনো	O
এক	O
প্ৰকাৰৰ	O
বৃহৎ	O
মন্দিৰ	O
আছিল	O
যি	O
সময়ৰ	O
সৈতে	O
নাইকিয়া	O
হৈছে	O
।	O

মাত্ৰ	O
হজৰত	B-LOC
বাল	I-LOC
দৰগাহলৈহে	I-LOC
ডাল	B-LOC
হ্ৰদ	I-LOC
আৰু	O
নাগিন	B-LOC
হ্ৰদৰ	I-LOC
মাজেৰে	O
পাৰ	O
হৈ	O
সিটো	O
পাৰলৈ	O
যাব	O
লাগে	O
।	O

সেয়ে	O
অ'বামাই	B-PER
হোৱাইট	B-ORG
হাউছৰ	I-ORG
কৰ্তৃপপক্ষক	O
জনালে	O
যে	O
পৰিয়ালসহ	O
তেওঁক	O
হোৱাইট	B-LOC
হাউছত	I-LOC
থাকিবৰ	O
কাৰণে	O
যাতে	O
ব্যৱস্থা	O
কৰি	O
দিয়ে	O
।	O

উল্লেখ	O
কৰিব	O
পাৰি	O
যে	O
ঔৰংজেৱৰ	B-LOC
উত্থানত	O
গোলকোণ্ডাৰ	B-LOC
আছে	O
বিশেষ	O
ভূমিকা	O
:	O
শেষ	O
কুটুব	B-MISC
শ্বাহী	I-MISC
শাসক	O
আবুল	B-PER
হাছান	I-PER
টানা	I-PER
শ্বাহৰ	I-PER
ৰাজত্ব	O
কালত	O
আঠ	O
মাহ	O
ধৰি	O
দুৰ্গ	O
অৱৰোধৰ	O
অন্তত	O
শ্বাহৰ	O
সেনাপতি	O
আব্দুল্লা	B-PER
খান	I-PER
পানিৰ	I-PER
বিশ্বাসঘাটকতাৰ	O
সহায়ত	O
দুৰ্গ	O
জয়	O
কৰিছিল	O
ঔৰংজেৱে	B-PER
,	O
লুট	O
কৰিছিল	O
ইয়াৰ	O
বিপুল	O
বৈভৱ	O
যাৰ	O
ভিতৰত	O
সবাতোকৈ	O
উল্লেখনীয়	O
হ'ল	O
কহিনুৰ	B-MISC
হীৰা	I-MISC
।	O

তেওঁ	O
কৈছিল	O
যে	O
ছিৰিয়া	B-LOC
এখন	O
অপৰাধীৰ	O
দেশ	O
;	O
তেওঁৰ	O
এই	O
মন্তব্যত	O
আমি	O
উত্তৰ	O
আমেৰিকাবাসীয়ে	B-MISC
ধাৰণা	O
কৰিছিলো	O
-	O
ছিৰিয়াৰ	B-LOC
প্ৰত্যেক	O
নাগৰিকেই	O
যেন	O
একোজন	O
ভয়ংকৰ	O
সন্ত্ৰাসবাদী	O
আৰু	O
ছিৰিয়ালৈ	B-LOC
যোৱা	O
ভীষণ	O
বিপজ্জনক	O
।	O

যিজোপা	O
বটগছক	O
কেন্দ্ৰ	O
কৰি	O
টিলিঙা	B-LOC
মন্দিৰ	I-LOC
আছে	O
,	O
সেইজোপা	O
গছৰ	O
তলত	O
উল্লিখিত	O
চনৰ	O
কোনো	O
এটা	O
দিনত	O
এজন	O
চাহ	O
শ্ৰমিকে	O
মাটিৰ	O
পৰা	O
ওলাই	O
থকা	O
শিৱলিংগ	O
এটা	O
প্ৰত্যক্ষ	O
কৰে	O
।	O

উদ্যানৰ	O
কথা	O
নক'লে	O
আধৰুৱা	O
হৈ	O
ৰ'ব	O
আৰু	O
এই	O
উদ্যানবোৰ	O
নাচালে	O
কাশ্মীৰৰ	B-LOC
সৌন্দৰ্যও	O
অনুধাৱন	O
কৰিব	O
নোৱাৰি	O
।	O

বনমাল	B-PER
বৰ্মণ	I-PER
,	O
ইন্দ্ৰপাল	B-PER
আদি	O
ৰজা	O
তাম্ৰলিপিত	O
তেওঁলোকৰ	O
ইষ্ট	O
দেৱতা	O
কামেশ্বৰ	B-PER
-	O
মহাগৌৰী	B-PER
বুলি	O
উল্লেখ	O
কৰিছে	O
।	O

বাৰ	O
-	O
সশস্ত্ৰ	O
বিষ্ণু	B-PER
ভাস্কৰ্যটোৰ	O
চিনাক্তকৰণ	O
সম্পৰ্কত	O
পণ্ডিতসকলৰ	O
মাজত	O
মতভেদ	O
আছে	O
।	O

সেইদিনাৰপৰাই	O
ইয়াৰ	O
নাম	O
হা	O
যোগ	O
হয়	O
আৰু	O
তাৰপৰাই	O
কালৰ	O
সোঁতত	O
পৰিৱৰ্তিত	O
হৈ	O
আজিৰ	O
হাজো	B-LOC
হৈছে	O
।	O

মাধবদেৱৰ	B-PER
সময়ত	O
আতৈসকলৰ	O
নামেৰে	O
তেওঁলোক	O
থকা	O
গৃহসমূক	O
বাহা	O
বোলা	O
হৈছিল	O
।	O

অসমৰ	B-LOC
ব্ৰহ্মুত্ৰৰ	B-LOC
নদীৰ	I-LOC
বুকুত	O
মাজুলী	B-LOC
অৱস্থিত	O
।	O

স্বৰ্গদেউ	O
ৰুদ্ৰসিংহই	B-PER
১৬৯৮	B-DATE
চনত	I-DATE
শিৱসাগৰত	B-LOC
মাতৃ	O
জয়মতীৰ	B-PER
স্মৃতিত	O
জয়দৌল	B-LOC
সজাইছিল	O
।	O

আহোম	B-MISC
স্বৰ্গদেও	O
ৰাজেশ্বৰ	B-PER
সিংহই	I-PER
ইয়াত	O
থকা	O
মন্দিৰটো	O
১৭	O
শতিকাত	O
নিৰ্মাণ	O
কৰিছিল	O
।	O

নিয়মিত	O
খনন	O
কাৰ্যত	O
প্ৰাপ্ত	O
বুদ্ধৰ	B-PER
চিত্ৰযুক্ত	O
থুপ	O
আৰু	O
পোড়ামাটিৰ	O
ফলকবোৰ	O
ইঙ্গিত	O
দিয়ে	O
যে	O
বৌদ্ধধৰ্ম	B-MISC
নিম্ন	O
ব্ৰহ্মপুত্ৰ	B-LOC
উপত্যকাত	O
,	O
বিশেষত	O
খ্ৰীষ্টীয়	O
যুগৰ	O
প্ৰথম	O
ভাগৰ	O
সূৰ্য	B-LOC
পাহাৰৰ	I-LOC
আশেপাশে	O
আৰু	O
প্ৰৱৰ্তিত	O
হৈছিল	O
আৰু	O
নৱম	O
-	O
শতাব্দীত	O
খ্ৰীষ্টীয়	O
দশম	O
শতাব্দী	O
লৈকে	O
অব্যাহত	O
আছিল	O
।	O

কামৰূপ	B-ORG
অনুসন্ধান	I-ORG
সমিতিৰ	I-ORG
সংগ্ৰহসমূহে	O
সংগ্ৰহালয়টোলৈ	O
যথেষ্ট	O
বৰঙনি	O
যোগাইছিল	O
।	O

বৰ্তমানৰ	O
উত্তৰ	B-LOC
কাছৰ	I-LOC
পাৰ্বত্য	I-LOC
জিলাক	I-LOC
কাছাৰ	B-LOC
জিলাৰ	I-LOC
অন্তৰ্ভুক্ত	O
কৰি	O
লোৱা	O
হয়	O
।	O

এই	O
ঘটনাৰ	O
পিছত	O
,	O
যি	O
ঠাইত	O
ৰজা	O
কামৰূপেশ্বৰে	B-PER
শিৱৰ	B-PER
আৰাধনা	O
কৰিছিল	O
,	O
সেই	O
ঠাই	O
ভিমেশ্বৰ	B-LOC
নামেৰে	O
পৰিচিত	O
হ'ল	O
।	O

শংকৰদেৱৰ	B-PER
বাসগৃহ	O
বুলি	O
প্ৰবাদ	O
থকা	O
ওখ	O
ঠাইখিনিত	O
বৰ্তমান	O
প্ৰায়	O
একলাখতকৈও	O
অধিক	O
টকা	O
ব্যয়	O
কৰি	O
গাংমৌ	B-LOC
থানখন	I-LOC
নতুনকৈ	O
নিৰ্মাণ	O
কৰা	O
হয়	O
।	O

এই	O
থান	O
প্ৰকৃততে	O
চাৰিখন	O
থানৰ	O
সমষ্টি	O
-	O
মাধব	B-LOC
থান	I-LOC
,	O
বিষ্ণু	B-LOC
থান	I-LOC
,	O
গণেশ	B-LOC
থান	I-LOC
আৰু	O
শিৱ	B-LOC
থান	I-LOC
।	O

কীৰ্তিচন্দ্ৰ	B-PER
ৰবৰুৱাই	I-PER
ৰহাৰ	B-LOC
পৰা	O
মণিপুৰী	B-MISC
আৰু	O
কছাৰী	B-MISC
ৰজাক	O
লৈ	O
উভতি	O
আহি	O
থাকোঁতে	O
পৰ্বতত	O
হৰ	B-PER
গৌৰীৰ	I-PER
মূৰ্ত্তি	O
এজনা	O
পায়	O
,	O
মূৰ্ত্তিজনা	O
স্থাপন	O
কৰিবলৈ	O
এই	O
দ'ল	O
সজাই	O
।	O

দয়াময়	B-PER
চৌধুৰী	I-PER
চাৰে	O
ভূগোল	O
পঢ়াইছিল	O
।	O

এসময়ত	O
কাঠ	O
-	O
বাঁহেৰে	O
নিৰ্মিত	O
এই	O
নামঘৰেই	O
আটকধুনীয়া	O
ঢেকীয়াখোৱা	B-LOC
নামঘৰ	I-LOC
হিচাপে	O
প্ৰখ্যাত	O
হয়	O
।	O

গুৱাহাটীত	B-LOC
বৰ্তমান	O
আন্তৰ্জাতিক	O
ব্ৰেণ্ড	O
ৰেডিচন	B-ORG
ব্লু	I-ORG
,	O
ন'ভ'টেলৰ	B-ORG
উপৰিও	O
দেশৰ	O
বিখ্যাত	O
তাজ	B-ORG
হোটেল	I-ORG
প্ৰতিষ্ঠানৰ	I-ORG
দ্বাৰা	O
নিৰ্মিত	O
ৱিৱান্তা	B-FAC
নামৰ	O
তিনিখন	O
পঞ্চতাৰকাযুক্ত	O
হোটেল	O
আছে	O
।	O

পেৰুতকৈ	B-LOC
ভাৰতবৰ্ষ	B-LOC
বহু	O
ধনী	O
দেশ	O
।	O

এই	O
মহাযান	B-MISC
শব্দৰ	O
আদি	O
আৰু	O
শেষ	O
আখৰ	O
লোপ	O
পাই	O
হাজোলৈ	B-LOC
সলনি	O
হৈছে	O
।	O

সাপ্ৰতিক	O
,	O
সমস্যা	O
জৰ্জৰিত	O
জম্মু	B-LOC
আৰু	I-LOC
কাশ্মীৰৰ	I-LOC
পাকিস্তানী	O
উগ্ৰপন্থী	O
সমস্যা	O
,	O
অমৰনাথ	B-ORG
ট্ৰাষ্টৰ	I-ORG
ভূমি	O
বিবাদ	O
সমস্যা	O
আদিৰ	O
বাবে	O
বহু	O
পৰ্যটকে	O
মন	O
থকা	O
সত্ত্বেও	O
ইয়ালৈ	O
আহিবলৈ	O
ভয়	O
কৰে	O
।	O

এই	O
নগৰখন	O
গুৱাহাটী	B-LOC
মহানগৰীৰ	O
পশ্চিমে	O
১৩৪	O
কিমি	O
দূৰত্বত	O
অৱস্থিত	O
।	O

১৬৯৮	B-DATE
চনৰ	I-DATE
মাৰ্চ	O
/	O
এপ্ৰিল	O
মাহৰ	O
আশে	O
-	O
পাশে	O
মহাজনসকলৰ	O
এখন	O
সভা	O
অনুষ্ঠিত	O
কৰি	O
৩	O
মাহ	O
খনন	O
কৰাৰ	O
পিছত	O
পুখুৰীটো	O
পৱিত্ৰ	O
কৰা	O
হয়	O
আৰু	O
ইয়াৰ	O
নাম	O
জয়সাগৰ	B-LOC
ৰখা	O
হয়	O
।	O

যাতায়তৰ	O
সুচলতাৰ	O
বাবে	O
আৰু	O
শিৱৰ	B-PER
প্ৰতি	O
থকা	O
বিশ্বাসৰ	O
বাবে	O
দৈনিক	O
যথেষ্টসংখ্যক	O
ভক্ত	O
আহি	O
টিলিঙা	B-LOC
মন্দিৰ	I-LOC
দৰ্শন	O
কৰি	O
যায়হি	O
।	O

অসম	B-ORG
চৰকাৰৰ	I-ORG
বন	I-ORG
আৰু	I-ORG
পৰিবেশ	I-ORG
বিভাগৰ	I-ORG
দ্বাৰা	O
পৰিচালিত	O
পৰ্যটক	O
আৱাস	O
গৃহৰ	O
চাৰিটা	O
কঁহৰাত	B-LOC
আৰু	O
তিনিটা	O
অৰণ্যৰ	O
ভিতৰত	O
অৱস্থিত	O
।	O

মাজত	O
য়াৰাগাপচ্য়ু	B-LOC
নৈখন	O
।	O

মহামায়া	B-LOC
ধাম	I-LOC
কোনে	O
কেতিয়া	O
নিৰ্মাণ	O
কৰাইছিল	O
তাৰ	O
কোনো	O
নিৰ্দিষ্ট	O
তথ্য	O
পোৱা	O
নাযায়	O
।	O

গোলাঘাট	B-LOC
জিলাৰ	O
৬	O
বৰ্গ	O
কি:মি:	O
এলেকাৰ	O
গৰমপানীত	B-LOC
হাতী	O
,	O
বাঘ	O
,	O
বিভিন্ন	O
প্ৰজাতিৰ	O
চৰাই	O
আদি	O
পোৱা	O
যায়	O
।	O

১৯৫২	B-DATE
চনৰ	I-DATE
১০	B-DATE
জুলাইত	I-DATE
নামবৰ	B-LOC
সংৰক্ষিত	I-LOC
বনাঞ্চলৰ	I-LOC
৬.৫	O
বৰ্গ	O
কিলোমিটাৰ	O
অংশক	O
গৰমপানী	B-LOC
বন্যপ্ৰাণী	I-LOC
অভয়াৰণ্য	I-LOC
হিচাপে	O
ঘোষণা	O
কৰা	O
হয়	O
।	O

শিৱদৌল	B-LOC
শিৱসাগৰ	B-LOC
জিলাৰ	O
,	O
শিৱসাগৰ	B-LOC
নগৰৰ	O
শিৱসাগৰ	B-LOC
পুখুৰীৰ	I-LOC
পাৰত	O
অৱস্থিত	O
।	O

সম্পূৰ্ণভাৱে	O
হাৰিয়ানাৰ	B-LOC
মানুহৰ	O
পৰম্পৰাৰে	O
এই	O
হাভেলি	O
বনোৱা	O
হৈছে	O
।	O

তেতিয়াৰ	O
পৰা	O
এই	O
অঞ্চল	O
বৰদোৱা	B-LOC
নামেৰে	O
পৰিচিত	O
হয়	O
বুলি	O
জনা	O
যায়	O
।	O

ইংৰাজী	O
১৯৮৭	B-DATE
চনত	I-DATE
গেজেট	O
নটিফিকেশ্বন	O
মৰ্মে	O
অসম	B-ORG
চৰকাৰে	I-ORG
পবিতৰা	B-LOC
সংৰক্ষিত	I-LOC
বনাঞ্চলক	I-LOC
অভয়াৰণ্য	O
হিচাবে	O
ঘোষণা	O
কৰে	O
।	O

এওঁ	O
নি	O
আপোনাক	O
নিৰবিঘ্নে	O
ইউনিভাৰ্ছেল	B-ORG
ষ্টুডিঅ'ত	I-ORG
নমাই	O
দিব	O
।	O

উৎপত্তিৰ	O
কাহিনী	O
ওদালবাক্ৰা	B-LOC
গাঁৱৰ	O
পৰা	O
আৰম্ভ	O
হয়	O
।	O

অন্ধ্ৰপ্ৰদেশৰ	B-LOC
দহখনমান	O
বিশ্ববিদ্যালয়	O
আছে	O
,	O
যাৰ	O
ভিতৰত	O
প্ৰাচীনতম	O
হ'ল	O
ওছমানিয়া	B-ORG
বিশ্ববিদ্যালয়	I-ORG
।	O

চৰকাৰে	O
আগৰৱালা	O
পৰিয়ালক	O
৪	O
লাখ	O
টকা	O
দি	O
জ্যোতি	B-LOC
ভাৰতীক	I-LOC
চৰকাৰীকৰণ	O
কৰে	O
।	O

এণ্ডিজ	B-LOC
পৰ্বতৰ	I-LOC
বুকুয়দি	O
ল্যাণ্ড	O
ক্ৰইজাৰেৰে	O
বগুৱা	O
বাই	O
হোটেল	O
পাওতে	O
ৰাতি	O
৮	O
বাজিল	O
।	O

যোৰহাট	B-ORG
জিমখানা	I-ORG
ক্লাব	I-ORG
স্থাপন	O
হোৱা	O
বছৰৰ	O
পৰাই	O
ইয়াত	O
নিয়মীয়াকৈ	O
ঘোঁৰা	O
দৌৰ	O
অনুষ্ঠিত	O
হৈ	O
আহিছে	O
।	O

১৯৫৪	B-DATE
চনত	I-DATE
অসম	B-ORG
চৰকাৰে	I-ORG
অসম	B-MISC
আইন	I-MISC
বিল	I-MISC
প্ৰণয়ন	O
কৰে	O
আৰু	O
এই	O
আইনৰ	O
জৰিয়তে	O
চোৰাংকৈ	O
গঁড়	O
হত্যাৰ	O
বিৰূদ্ধে	O
শাস্তিৰ	O
কঠোৰ	O
কৰা	O
হয়	O
।	O

জয়সাগৰৰ	B-LOC
দেৱী	B-LOC
দৌল	I-LOC
আয়তাকাৰ	O
বেদীৰ	O
ওপৰত	O
নিৰ্মিত	O
এটা	O
সাধাৰণ	O
ইটাৰ	O
নিৰ্মিত	O
দুচালিৰ	O
মন্দিৰ	O
।	O

গুৱাহাটী	B-ORG
চাহ	I-ORG
নিলাম	I-ORG
কেন্দ্ৰ	I-ORG
পৃথিৱীৰ	O
ভিতৰতে	O
এটি	O
সৰ্ববৃহৎ	O
নিলাম	O
কেন্দ্ৰ	O
।	O

ডিব্ৰুগৰৰ	B-LOC
পৰা	O
ৰাতি	O
৫	O
বজাতে	O
যাত্ৰ	O
আৰম্ভ	O
কৰিছিলো	O
গুৱাহাটী	B-LOC
আভিমুখে	O
।	O

বৰ্তমান	O
ক্ষেত্ৰস্থ	O
অৱশেষ	O
দেৱালয়	O
,	O
ইয়াত	O
জড়িত	O
তাম্ৰপত্ৰ	O
আৰু	O
অন্যান্য	O
স্মৃতিচিহ্ন	O
বিলাকৰ	O
পৰা	O
ইয়াত	O
সৰ্ব্বমুঠ	O
এঘাৰটা	O
মন্দিৰ	O
আহোম	B-MISC
যুগত	O
নিৰ্মিত	O
বুলি	O
নি:সন্দেহে	O
ক'ব	O
পাৰি	O
।	O

ৰংঘৰ	B-LOC
নিৰ্মাণ	O
কাৰ্য	O
সাধাৰণতে	O
থলুৱা	O
পদ্ধতিৰে	O
নিৰ্মাণ	O
কৰিছিল	O
।	O

২৭	B-DATE
জুন	I-DATE
২০১৬	B-DATE
চনত	I-DATE
মুখ্যমন্ত্ৰী	O
সৰ্বানন্দ	B-PER
সোণোৱালে	I-PER
মাজুলীক	B-LOC
জিলা	O
ঘোষণা	O
কৰাত	O
মাজুলী	O
ভাৰতৰ	B-LOC
প্ৰথমখন	O
নদীদ্বীপ	O
জিলা	O
হৈ	O
পৰে	O
আৰু	O
সেই	O
সময়ৰ	O
অসমৰ	B-LOC
মুঠ	O
জিলাৰ	O
সংখ্যা	O
৩৩খন	O
হয়	O
।	O

সিৱসিংহ	B-PER
ৰজাৰ	O
দিনত	O
দেৱালয়ত	O
নামত	O
তাম্ৰপত্ৰ	O
লিখি	O
মাটি	O
দান	O
কৰা	O
হৈছিল	O
।	O

বৰ্তমানৰ	O
উপাচাৰ্য	O
টি	B-PER
তিৰুপতিৰাও	I-PER
এজন	O
বিদ্যোৎসাহী	O
আৰু	O
স্থিতধী	O
ব্যক্তি	O
।	O

তাৰ	O
কাৰণ	O
আছিল	O
মেৰিয়া	B-PER
আৰু	O
ছাছাৰ	B-PER
ৱাশ্বিংটন	B-LOC
ডি	I-LOC
চিৰ	I-LOC
বিদ্যালয়ত	O
জানুৱাৰীৰ	B-DATE
২	I-DATE
-	I-DATE
৩	I-DATE
তাৰিখৰ	O
পৰা	O
পাঠদান	O
আৰম্ভ	O
হোৱাৰ	O
কথা	O
আছিল	O
।	O

কুজকো	B-LOC
আছিল	O
ইঙ্কাসকলৰ	O
ৰাজধানী	O
।	O

হুৱনোকোলৈ	B-LOC
যোৱা	O
বাছখন	O
দপুৰীয়া	O
পেকেট	O
আহাৰ	O
যোগান	O
ধৰিছিল	O
।	O

এইবোৰ	O
হ'ল	O
-	O
চাৰিটা	O
বিষ্ণুৰ	B-PER
মূৰ্তি	O
,	O
দুটা	O
সূৰ্যদেৱতাৰ	B-PER
মূৰ্তি	O
,	O
এটা	O
মনসাদেৱীৰ	B-PER
মূৰ্তি	O
,	O
এটা	O
গণেশৰ	B-PER
মূৰ্তি	O
,	O
এটা	O
ইন্দ্ৰদেৱতাৰ	B-PER
মূৰ্তি	O
,	O
শিৱৰ	B-PER
মূৰ্তি	O
,	O
বুদ্ধদেৱৰ	B-PER
মূৰ্তি	O
,	O
ৰাধাৰ	B-PER
মূৰ্তি	O
,	O
নটৰাজৰ	B-PER
মূৰ্তি	O
,	O
কিছুমান	O
অচিনাক্ত	O
মূৰ্তি	O
,	O
এটা	O
মুখালিংগ	O
,	O
এটা	O
শংখ	O
আৰু	O
দুটা	O
টিলিঙা	O
।	O

ৰংঘৰৰ	B-LOC
সন্মুখত	O
আন	O
এটা	O
সৰু	O
পকী	O
ৰংঘৰ	O
আছিল	O
,	O
যিটো	O
কেৰকণ	B-PER
আলিয়ে	I-PER
ধ্বংস	O
কৰিলে	O
।	O

আজমেৰ	B-LOC
মোগলৰ	B-MISC
প্ৰিয়	O
নগৰ	O
আছিল	O
।	O

সমগ্ৰ	O
ডিমা	B-LOC
-	I-LOC
হাছাও	I-LOC
জিলা	O
বৰাইল	B-LOC
পৰ্বতমালাৰ	I-LOC
খলা	O
-	O
বমা	O
আৰু	O
জুৰি	O
-	O
নিজৰাৰে	O
প্ৰাকৃতিক	O
সৌন্দৰ্য্যত	O
চহকী	O
।	O

বৰাইল	B-LOC
অংশত	O
গড়	O
বাৰ্ষিক	O
বৰষুণৰ	O
পৰিমাণ	O
২২০০	O
মিমি	O
-	O
ৰপৰা	O
২৭০০	O
মিমি	O
,	O
আনহাতে	O
লালটিং	B-LOC
-	O
মান্দাৰদিছা	B-LOC
-	O
ডিয়াংমুখ	B-LOC
অঞ্চলত	O
বাৰ্যিক	O
গড়	O
১২০০	O
মিমিৰপৰা	O
১৮০০	O
মিমিলৈ	O
।	O

দক্ষিণপাট	O
সত্ৰ	O
প্ৰতিষ্ঠা	O
কৰিছিল	O
বনমালীদেৱে	B-PER
।	O

গৰমপানী	B-LOC
অভয়াৰণ্যৰ	I-LOC
নিকটৱৰ্তী	O
চহৰখন	O
হৈছে	O
গোলাঘাট	B-LOC
।	O

দেওপাহাৰ	B-LOC
অসমৰ	B-LOC
এখন	O
উল্লেখযোগ্য	O
পৰ্যটনস্থলী	O
।	O

মন্দিৰটোত	O
অতি	O
ধুমধামেৰে	O
আয়োজন	O
কৰা	O
শিৱ	B-MISC
চতুৰ্দশী	I-MISC
উৎসৱো	O
ধৰ্মপ্ৰাণ	O
লোকৰ	O
কাৰণে	O
অতিশয়	O
আকৰ্ষণীয়	O
আৰু	O
ভক্তি	O
উদ্ৰেগকাৰী	O
এক	O
উৎসৱ	O
।	O

এই	O
দুৰ্যোগৰ	O
পৰা	O
ৰক্ষা	O
পাবলৈ	O
পেৰুৰ	B-LOC
জনসাধৰণে	O
বহুবোৰ	O
স্বাস্থ্যকেন্দ্ৰৰ	O
পৰিচালনা	O
নিজৰ	O
হাতত	O
তুলি	O
লয়	O
।	O

উল্লেখ	O
যোগ্য	O
স্পেনীয়	B-MISC
সকল	O
এই	O
ঠাইখনৰ	O
সম্পৰ্কত	O
অজ্ঞাত	O
আছিল	O
।	O

গোৱালপাৰা	B-LOC
ব্ৰহ্মপুত্ৰ	B-LOC
নদীৰ	I-LOC
পাৰত	O
সাগৰ	O
পৃষ্ঠাৰ	O
পৰা	O
গড়ে	O
৩৫	O
মিটাৰ	O
উচ্চতাত	O
অৱস্থিত	O
।	O

সেই	O
গাড়ীবোৰৰ	O
পৰা	O
পাৰ্টছবোৰ	O
খুলি	O
পেলোৱা	O
হয়	O
আৰু	O
পুৰণা	O
পাৰ্টছবোৰ	O
কম	O
দামত	O
শ্ৰীলংকাৰ	B-LOC
মানুহে	O
কিনে	O
।	O

চিক	O
চিকন	O
কৈ	O
তিনিখন	O
অমট্ৰাছ	O
ট্ৰেনৰ	O
বাল্টিমোৰলৈ	B-LOC
যোৱা	O
টিকট	O
ওলাই	O
আহিল	O
।	O

ছেভিল্লাৰ	B-LOC
দেমানছাণ্টা	B-MISC
ছেভিল্লা	B-MISC
মেলা'	I-MISC
অতি	O
জনপ্ৰিয়	O
দুটা	O
উৎসৱ	O
।	O

৯	B-DATE
ফেব্ৰুৱাৰীৰ	I-DATE
পুৰা	O
৫	O
বজাতে	O
বিছনা	O
এৰি	O
গা	O
-	O
পা	O
ধুলো	O
।	O

ই	O
ঐতিহাসিক	O
দীঘলীপুখুৰীৰ	B-LOC
পাৰত	O
আৰু	O
গুৱাহাটী	B-ORG
উচ্চ	I-ORG
ন্যায়ালয়ৰ	I-ORG
নিচেই	O
কাষত	O
অৱস্থিত	O
।	O

তেজপুৰৰ	B-LOC
বাণৰজাই	B-PER
তেওঁৰ	O
কন্যা	O
ঊষাক	B-PER
সুৰক্ষিত	O
কৰি	O
ৰাখিবৰ	O
বাবে	O
এই	O
গড়টোৰ	O
নিৰ্মাণ	O
কৰিছিল	O
।	O

মন্দিৰৰ	O
প্ৰৱেশদ্বাৰত	O
আহোম	O
স্বৰ্গদেউ	O
শিৱ	B-PER
সিংহৰ	I-PER
নামত	O
এক	O
শিলালিপি	O
পোৱা	O
গৈছে	O
।	O

ডিমা	B-ORG
হাছাও	I-ORG
জিলা	I-ORG
পৰিষদৰ	I-ORG
স্থাপন	O
কৰা	O
হয়	O
১৯৫২	B-DATE
চনৰ	I-DATE
১৯	B-DATE
এপ্ৰিলত	I-DATE
।	O

বহু	O
শতিকা	O
হাবি	O
-	O
জঙ্ঘলৰ	O
মাজত	O
লুকাই	O
থকাৰ	O
পাছত	O
কুৰি	O
শতিকাত	O
মদন	B-LOC
কামদেৱ	I-LOC
দেৱালয়	I-LOC
পুনৰ	O
আৱিষ্কৃত	O
হয়	O
।	O

লক্ষ্মীকান্তদেৱে	B-PER
এই	O
সত্ৰ	O
প্ৰতিষ্ঠা	O
কৰিছিল	O
।	O

পিছত	O
বিহাৰ	B-LOC
তথা	O
বেঙলৰ	B-LOC
ওচৰৰ	O
অঞ্চলবোৰত	O
মহাযান	O
আৰু	O
বজ্ৰায়ণৰ	O
বৌদ্ধিকতাৰ	O
পৰ্যায়বোৰ	O
দেখিবলৈ	O
পোৱা	O
গৈছে	O
।	O

১৯৯৭	B-DATE
চনত	I-DATE
ৰাজস্থানৰ	B-LOC
থলুৱা	O
কৃষি	O
পদ্ধতিৰ	O
উন্নয়নৰ	O
ক্ষেত্ৰত	O
কৃষি	O
বিজ্ঞানী	O
ড:	O
আৰ.	B-PER
এছ.	I-PER
ফৰিদে	I-PER
আগভাগ	O
লৈছিল	O
।	O

এই	O
অৰণ্যৰ	O
মুঠ	O
৫০০	O
বৰ্গকিলোমিটাৰ	O
অঞ্চল	O
অভয়াৰণ্যৰ	O
ভিতৰত	O
সামৰি	O
ল'বলৈ	O
নেচাৰ্ছ	B-ORG
বেকন	I-ORG
তথা	O
ৰাইজে	O
দাবী	O
অব্যাহত	O
ৰাখিছে	O
।	O

ইয়াত	O
দুটা	O
ভৰিৰ	O
চিহ্ন	O
পোৱা	O
গৈছে	O
আৰু	O
স্থানীয়লোকে	O
এই	O
ভৰিৰ	O
চাপ	O
দেৱী	O
দুৰ্গাৰ	B-PER
বুলি	O
গণ্য	O
কৰে	O
।	O

এইয়াই	O
হ'ল	O
বৰ্তমানৰ	O
বৰকালিকা	B-LOC
থান	I-LOC
।	O

এই	O
গুহা	O
নামৰ	O
পৰাই	O
গুৱাহাটী	B-LOC
হৈছে	O
বুলি	O
অনুমান	O
কৰা	O
হয়	O
।	O

নগৰখনৰ	O
জনসংখ্যা	O
১৯৭১	B-DATE
চনত	I-DATE
২	O
লাখৰ	O
পৰা	O
বাঢ়ি	O
১৯৯১	B-DATE
চনৰ	I-DATE
৫	O
লাখৰ	O
বেছি	O
হয়	O
আৰু	O
২০০১	B-DATE
চনত	I-DATE
এই	O
সংখ্যা	O
হয়গৈ	O
৮০৮০২১	O
জন	O
।	O

কেৰালাৰ	B-LOC
কেইখনমান	O
ভ্ৰমণমূলক	O
ঠাইৰ	O
বিষয়ে	O
তলত	O
আলোচনা	O
কৰা	O
হ'ল	O
।	O

এই	O
উদ্যানত	O
ঐতিহাসিক	O
হাৰুপেশ্বৰ	B-LOC
ৰাজধানীৰ	O
ৰাজকাৰেঙৰ	O
শৈলস্তম্ভ	O
,	O
শিল	O
কটা	O
আঠপহীয়া	O
পদুম	O
ফুল	O
,	O
বিভিন্ন	O
লাস্য	O
মুদ্ৰাৰ	O
দীঘলীয়া	O
শিল	O
,	O
দশাৱতাৰ	O
মূৰ্তি	O
,	O
দুয়ো	O
কাষে	O
লতাৰে	O
কটা	O
শোভিত	O
স্তম্ভ	O
,	O
বুদ্ধৰ	B-PER
মূৰ্তি	O
আদি	O
আছে	O
।	O

সেই	O
একেসময়তে	O
সীতাচল	B-LOC
পাহৰতো	I-LOC
সতীদেৱীৰ	B-PER
শৰীৰৰ	O
অংশ	O
পৰিছিল	O
বুলি	O
প্ৰবাদ	O
আছে	O
।	O

ৰজাৰ	O
ইচ্ছামতে	O
পূৰ্ণানন্দ‍ই	B-PER
হাতীগড়ত	B-LOC
শিৱ	O
দ'ল	O
এটা	O
প্ৰতিষ্ঠা	O
কৰিবলৈ	O
পকা	O
ভেটিৰ	O
কাম	O
আৰম্ভ	O
কৰে	O
।	O

৩৭	O
বৰ্গ	O
কি:মি:	O
জুৰি	O
থকা	O
এই	O
অঞ্চলটো	O
২০০০	B-DATE
চনৰ	I-DATE
২৭	B-DATE
জুলাইত	I-DATE
অভয়াৰণ্য	O
ঘোষণা	O
কৰা	O
হয়	O
।	O

পেপেই	B-PER
হেটেল	O
এখনত	O
দপুৰীয়াৰ	O
আহাৰ	O
খুৱালে	O
।	O

কথিত	O
আছে	O
বোলে	O
মা	O
বৈষ্ণোদেবীয়ে	B-PER
মাতিলেহে	O
তেওঁৰ	O
দৰ্শন	O
পাব	O
পাৰি	O
।	O

সম্ভৱতঃ	O
তেওঁ	O
ৰাজধানী	O
প্ৰাগজ্যোতিষপুৰৰ	B-LOC
পৰা	O
কামৰূপ	B-LOC
নগৰীলৈ	O
স্থানান্তৰ	O
কৰিছিল	O
।	O

ৰৰৈয়াত	B-LOC
যোৰহাটৰ	B-LOC
বিমান	O
বন্দৰ	O
আছে	O
;	O
আনহাতে	O
ৰেলৱে	O
ষ্টেচনটো	O
যোৰহাট	B-FAC
টাউন	I-FAC
ষ্টেচন	I-FAC
আৰু	O
ৰে'লৱে	O
জংচন	O
মৰিয়নি	B-FAC
।	O

পবিত্ৰ	O
মঠ	O
-	O
মন্দিৰৰ	O
উপৰি	O
ইয়াত	O
পৰ্যটকৰ	O
আকৰ্ষণৰ	O
বাবে	O
বহুতো	O
ঠাই	O
আছে	O
যিটোৱে	O
তিৰুপতিলৈ	B-LOC
অহা	O
পৰ্যটকক	O
ইয়াৰ	O
সৌন্দৰ্যত	O
মুগ্ধ	O
কৰি	O
ৰাখে	O
।	O

নৈখনৰ	O
সিটো	O
পাৰেই	O
ভূটান	B-LOC
।	O

আমাৰ	O
অসমত	B-LOC
এলাগী	O
ৰবাব	O
টেঙাজাতীয়	O
ফলৰ	O
ভিয়েটনামত	B-LOC
ব্যাপক	O
চাহিদা	O
।	O

তদুপৰি	O
কেদাৰনাথ	B-LOC
,	O
বদ্ৰীনাথ	B-LOC
,	O
গংগোত্ৰী	B-LOC
,	O
যমুনেত্ৰী	B-LOC
,	O
হৰিদ্বাৰ	B-LOC
,	O
হৃষীকেশ	B-LOC
আদি	O
হিন্দুৰ	B-MISC
পবিত্ৰ	O
তীৰ্থস্থানসমূহ	O
ইয়াৰ	O
প্ৰায়	O
সমীৱৰ্তী	O
।	O

মাজুলীত	B-LOC
অৱস্থিত	O
গড়মূৰ	B-LOC
সত্ৰখন	I-LOC
স্বৰ্গদেউ	O
শিৱসিংহই	B-PER
৩০	O
হাজাৰ	O
পূৰা	O
নিষ্কৰ	O
ভূমি	O
গড়মূৰ	B-LOC
সত্ৰক	I-LOC
দান	O
কৰিছিল	O
।	O

আহোম	B-MISC
স্বৰ্গদেউ	O
প্ৰমত্ত	B-PER
সিংহয়ে	I-PER
১৬৬৭	B-DATE
শকত	I-DATE
এই	O
মন্দিৰ	O
নিৰ্মাণ	O
কৰিছিল	O
।	O

উল্লেখ্য	O
যে	O
নামেৰী	B-LOC
ৰাষ্ট্ৰীয়	I-LOC
উদ্যানৰ	I-LOC
বৰ্তমানৰ	O
বন	O
সংমণ্ডল	O
বিষয়া	O
শ্ৰীযুত	B-PER
পঙ্কজ	B-PER
শৰ্মা	I-PER
আৰু	O
চৰাই	O
পৰ্যবেক্ষক	O
শ্ৰীযুত	B-PER
মান	B-PER
বৰুৱাই	I-PER
২০০৫	B-DATE
চনতে	I-DATE
নামেৰীত	B-LOC
৩৭৪টা	O
প্ৰজাতিৰ	O
চৰাই	O
বিজ্ঞানসন্মতভাৱে	O
গণনা	O
কৰি	O
থৈ	O
গৈছে	O
।	O

এই	O
গাঁৱত	O
প্ৰায়	O
২৫০০	O
খাচী	O
জনগোষ্ঠীৰ	O
লোক	O
আৰু	O
কিছু	O
সংখ্যক	O
ডিমাছা	B-MISC
লোকে	O
বাস	O
কৰে	O
।	O

বৰ্তমান	O
পুৰাতত্বৰ	O
জগতত	O
সেই	O
মূৰ্তিসমূহ	O
নৰকাসুৰ	B-LOC
পাহাৰত	I-LOC
আৱিষ্কৃত	O
সমল	O
অথবা	O
ইংৰাজীত	O
আৰ্কিঅ'লজিকেল	O
ফাইণ্ডছ	O
এট	O
নৰকাসুৰ	O
হিলছ	O
নামেৰে	O
অতিকৈ	O
প্ৰখ্যাত	O
।	O

চহৰৰ	O
ভিতৰত	O
যোৰহাট	B-FAC
টাউন	I-FAC
ৰেল	I-FAC
ষ্টেচন	I-FAC
আৰু	O
কিছু	O
আঁতৰৰ	O
মৰিয়নিত	B-LOC
মৰিয়নি	B-FAC
জংচন	I-FAC
আছে	O
।	O

অধিবেশন	O
শেষ	O
হোৱাৰ	O
পাছত	O
এই	O
জীৱ	O
-	O
জন্তুবোৰৰ	O
বাবে	O
এখন	O
চিৰিয়াখানাৰ	O
প্ৰয়োজনীয়তা	O
সকলোৱে	O
অনুভৱ	O
কৰিলে	O
এই	O
জন্তুবোৰ	O
জাপৰীগোগৰ	B-LOC
১৩০	O
হেক্টৰ	O
মাটিকালিৰ	O
হেঙেৰাবাৰী	B-LOC
সংৰক্ষিত	I-LOC
বনাঞ্চললৈ	I-LOC
স্থানান্তৰ	O
কৰা	O
হ'ল	O
।	O

ৰাধাকান্ত	B-PER
সন্দিকৈয়ে	I-PER
দান	O
কৰা	O
চন্দ্ৰকান্ত	O
সন্দিকৈ	O
ভৱন	O
অসম	B-ORG
সাহিত্য	I-ORG
সভাৰ	I-ORG
মুখ্য	O
কাৰ্যালয়	O
।	O

মই	O
ৰুকেয়া	B-PER
বেগম	I-PER
আপোনাৰ	O
এসময়ৰ	O
ছাত্ৰী	O
।	O

নিউয়ৰ্কত	B-LOC
সেই	O
সময়ত	O
ঠাণ্ডা	O
কল্পনাৰ	O
বাহিৰত	O
।	O

এই	O
আটাইবোৰ	O
উৎসৱ	O
অনুষ্ঠানেই	O
বৌদ্ধ	B-MISC
ধৰ্মীয়	O
বিশ্বাস	O
,	O
পৰম্পৰা	O
আৰু	O
সংস্কৃতিৰ	O
বৰ্ণিল	O
ৰঙেৰে	O
ৰঙীণ	O
।	O

তেজপুৰৰ	B-LOC
শালনি	B-FAC
বিমানবন্দৰৰ	I-FAC
পৰা	O
নামেৰি	B-LOC
ৰাষ্ট্ৰীয়	I-LOC
উদ্যানলৈ	I-LOC
দূৰত্ব	O
৩৪	O
কি:মি:	O
।	O

আবেলি	O
উনাকো	B-LOC
নামৰ	O
ঠাই	O
এখনলৈ	O
গ'লো	O
।	O

জয়ন্তীয়া	B-MISC
ৰাজ্য	O
দমন	O
কৰোঁতে	O
সেই	O
ৰাজ্যৰ	O
আন	O
আন	O
উপঢৌকনৰ	O
লগতে	O
বুঢ়ী	B-PER
গোঁসানীৰ	I-PER
মূৰ্তি	O
আৰু	O
যোনিকো	O
স্বৰ্গদেৱে	O
গড়গাঁৱলৈ	O
আনিবলৈ	O
ইচ্ছা	O
কৰে	O
।	O

উজনি	B-LOC
অসমৰ	I-LOC
প্ৰথম	O
মহাবিদ্যালয়	O
ৰূপে	O
জনাজাত	O
জগন্নাথ	B-LOC
বৰুৱা	I-LOC
মহাবিদ্যালয়	I-LOC
১৯৩০	B-DATE
চনত	I-DATE
যোৰহাট	B-LOC
চহৰত	O
প্ৰতিষ্ঠা	O
কৰা	O
হয়	O
।	O

প্ৰান্তিকত	O
শ্ৰীশ্ৰীবটদ্ৰৱা	B-ORG
থান	I-ORG
পৰিচালনা	I-ORG
তদৰ্থ	I-ORG
সমিতিৰ	I-ORG
সম্পাদকে	O
লিখা	O
কথাখিনি	O
যুক্তিযুক্ত	O
।	O

হাজোক	B-LOC
হিন্দু	B-MISC
,	O
বৌদ্ধ	B-MISC
আৰু	O
মুছলিম	B-MISC
ধৰ্মৰ	O
এক	O
প্ৰাচীন	O
তীৰ্থস্থান	O
হিচাপে	O
জনা	O
যায়	O
।	O

স্বৰাজোত্তৰ	O
কালত	O
ৰাজ্য	O
পুনৰ	O
গঠনৰ	O
পিছত	O
এই	O
ৰাজ্যৰ	O
নাম	O
হয়	O
হায়দৰাবাদৰ	B-LOC
ঠাইত	O
অন্ধ্ৰ	B-LOC
প্ৰদেশ	I-LOC
হয়	O
,	O
হায়দৰাবাদ	B-LOC
হৈ	O
উঠে	O
ইয়াৰ	O
ৰাজধানী	O
নগৰ	O
।	O

উমানন্দ	B-LOC
দ্বীপত	I-LOC
বিপন্ন	O
প্ৰজাতিৰ	O
সোণালী	O
বান্দৰ	O
পোৱা	O
যায়	O
।	O

মাজুলীৰ	B-LOC
চাৰিওফালে	O
মহাবাহু	O
ব্ৰহ্মপুত্ৰ	B-LOC
নদে	O
আগুবি	O
আছে	O
।	O

মাইবঙৰ	B-LOC
গড়	O
সাক্ষৰতাৰ	O
হাৰ	O
৭২%	O
।	O

তদুপৰি	O
বাগা	B-LOC
উপকূলো	I-LOC
উত্তৰ	B-LOC
গোৱাৰ	I-LOC
উপযুক্ত	O
পৰ্যটনস্থলী	O
।	O

ৰাসোৎসৱ	B-MISC
হৈছে	O
এনে	O
এটি	O
উৎসৱ	O
,	O
য'ত	O
ভগৱান	O
শ্ৰীকৃষ্ণৰ	B-PER
জীৱনলীলাক	O
উপভোগ্য	O
কৰি	O
প্ৰদৰ্শন	O
কৰা	O
হৈছে	O
।	O

অগ্নিগড়ৰ	B-LOC
সংৰক্ষণৰ	O
বাবে	O
১৯২৮	B-DATE
চনত	I-DATE
তেজপুৰ	B-ORG
পৌৰসভাৰ	I-ORG
পৌৰপতি	O
পদ্মনাথ	B-PER
গোহাঞি	I-PER
বৰুৱায়ে	I-PER
ব্ৰহ্মপুত্ৰৰ	B-LOC
পাৰত	O
থকা	O
টিলাটোত	O
এখনি	O
উদ্যান	O
প্ৰতিষ্ঠা	O
কৰে	O
।	O

৫০০	O
বৰ্গ	O
কি:মি:ৰ	O
মানাস	B-LOC
ৰাষ্ট্ৰীয়	I-LOC
উদ্যান	I-LOC
বাক্সা	B-LOC
জিলাত	O
।	O

এটা	O
ব্ৰহ্মপুত্ৰৰ	B-LOC
পাৰত	O
পাহাৰৰ	O
নামনি	O
ভাগত	O
,	O
আনটো	O
পাহাৰৰ	O
ওপৰ	O
ভাগত	O
অৱস্থিত	O
।	O

এই	O
তথ্যবোৰৰ	O
দ্বাৰা	O
প্ৰমাণ	O
কৰিব	O
পাৰি	O
যে	O
বাণৰজাৰ	B-LOC
নগৰখনেই	O
অগ্নিগড়	B-LOC
বুলি	O
খ্যাত	O
আছিল	O
।	O

প্ৰথম	O
অৱস্থাত	O
মন্দিৰৰ	O
পূজাৰী	O
আছিল	O
কমল	B-PER
তাঁতী	I-PER
।	O

মাজুলীত	B-LOC
উৎপাদন	O
হোৱা	O
বিভিন্ন	O
প্ৰকাৰৰ	O
ধান	O
,	O
মৎস্য	O
-	O
পালন	O
,	O
দুগ্ধ	O
উৎপাদন	O
,	O
মৃৎশিল্প	O
,	O
হস্ততাঁত	O
,	O
নাওশিল্প	O
ইত্যাদি	O
হৈছে	O
মাজুলীবাসীৰ	B-MISC
অৰ্থব্যৱস্থাৰ	O
মূলভেটি	O
।	O

আবেলি	O
জেকটল	B-ORG
নামৰ	O
স্কুল	O
এখন	O
চাবলৈ	O
গ'লো	O
।	O

দক্ষিণ	B-LOC
কোৰিয়াৰ	I-LOC
নিপুণ	O
কাৰিকৰে	O
আধুনিক	O
বিজ্ঞানসন্মত	O
পদ্ধতিৰে	O
এই	O
পথ	O
নিৰ্মাণ	O
কৰিছে	O
।	O

আমি	O
ক্তিষ্টি	B-PER
আৰু	O
মঞ্জুৰ	B-PER
পিচ	O
ললো	O
।	O

তেৱেঁই	O
লখিমীসাগৰ	B-LOC
খন্দাই	O
আৰু	O
দুটা	O
দ'ল	O
বন্ধাইছিল	O
।	O

চামগুৰি	B-LOC
সত্ৰ	I-LOC
শ্ৰীমন্ত	B-PER
শংকৰদেৱে	I-PER
সৃষ্টি	O
কৰা	O
বৰগীত	B-MISC
,	O
মাটি	B-MISC
আখৰা	I-MISC
,	O
সত্ৰীয়া	B-MISC
নৃত্য	I-MISC
,	O
নতুবা	B-MISC
নৃত্য	I-MISC
,	O
নন্দী	B-MISC
তুংগী	I-MISC
সূত্ৰধাৰী	I-MISC
,	O
ওজাপালি	B-MISC
,	O
অপ্সৰা	B-MISC
নৃতা	I-MISC
,	O
কৃষ্ণ	B-MISC
নৃত্য	I-MISC
আৰু	O
দশাৱতাৰ	B-MISC
নৃত্য	I-MISC
আদিৰ	O
বাবে	O
প্ৰখ্যাত	O
।	O

জয়সাগৰ	B-LOC
শিৱসাগৰৰ	B-LOC
অন্যতম	O
বিখ্যাত	O
পৰ্যটনস্থলী	O
আৰু	O
ইয়ালৈ	O
দেশ	O
-	O
বিদেশৰ	O
বৃহৎ	O
সংখ্যক	O
পৰ্যটকে	O
ভ্ৰমণ	O
কৰে	O
।	O

১৭১১	B-DATE
খ্ৰীষ্টাব্দৰ	I-DATE
চামৰুং	B-PER
ফুকনৰ	I-PER
বুৰঞ্জী	O
মতে	O
তাম্ৰেশ্বৰী	B-LOC
মন্দিৰৰ	I-LOC
ছাদ	O
তামেৰে	O
নিৰ্মিত	O
আছিল	O
।	O

কালিকা	B-MISC
পুৰাণত	I-MISC
উল্লেখ	O
আছে	O
যে	O
শত্ৰুৰ	O
পৰা	O
নগৰখন	O
সুৰক্ষিত	O
কৰি	O
ৰাখিবলৈ	O
বাণাসুৰে	B-PER
সমগ্ৰ	O
নগৰখনকে	O
অগ্নিৰে	O
বেৰি	O
থৈছিল	O
।	O

যাহওক	O
,	O
আসন্নকালত	O
অতি	O
সোনকালে	O
আমি	O
কাশ্মীৰ	B-LOC
সমস্যাৰ	O
এক	O
শান্তপূৰ্ণ	O
সমাধানৰ	O
কামনা	O
কৰিলোঁ	O
।	O

এই	O
কথা	O
শুনি	O
জয়ন্তীয়াৰ	O
মধাই	B-PER
নামৰ	O
ভকত	O
এজনে	O
কমাৰকুছি	B-LOC
নামৰ	O
ভাল	O
ওখ	O
ঠাই	O
এডোখৰ	O
আছে	O
বুলি	O
জানিবলৈ	O
দিয়ে	O
।	O

পবিত্ৰ	B-MISC
অসম	I-MISC
পুথিত	O
সৰ্বানন্দ	B-PER
ৰাজকুমাৰ	I-PER
দেৱে	I-PER
বিশ্বনাথৰ	B-LOC
৩০	O
খন	O
দেৱালয়ৰ	O
নাম	O
এইদৰে	O
ইল্লেখ	O
কৰিছে 	O
-	O
উমা	B-LOC
,	O
চক্ৰেশ্বৰ	B-LOC
,	O
হৰিহৰ	B-LOC
-	O
কৰ্দমেশ্বৰ	B-LOC
,	O
বাসুদেৱ	B-LOC
,	O
নাংগলেশ্বৰ	B-LOC
,	O
ভৈৰৱেশ্বৰ	B-LOC
,	O
বাঘেশ্বৰী	B-LOC
,	O
সিদ্ধেশ্বৰ	B-LOC
,	O
বিশ্বনাথ	B-LOC
,	O
চণ্ডী	B-LOC
,	O
কমলেশ্বৰ	B-LOC
,	O
শিৱনাথ	B-LOC
,	O
মুক্তিনাথ	B-LOC
,	O
বানেশ্বৰ	B-LOC
,	O
জাগ্ৰা	B-LOC
,	O
বুঢ়ামাধৱ	B-LOC
,	O
কালভৈৰৱ	B-LOC
,	O
বীৰভদ্ৰ	B-LOC
,	O
জোঙাশিল	B-LOC
,	O
পুৰ্বশংকৰ	B-LOC
,	O
সূৰ্য্যমাধৱ	B-LOC
,	O
অন্নপূৰ্ণা	B-LOC
,	O
গনেশ	B-LOC
,	O
বৃষধ্বজ	B-LOC
,	O
কাশীনাথ	B-LOC
,	O
উদ্ৰেশ্বৰ	B-LOC
,	O
গৌৰীবল্লভ	B-LOC
,	O
বিষ্ণু	B-LOC
,	O
দুৰ্গাশক্তি	B-LOC
আৰু	O
মংগল	B-LOC
চণ্ডিকা	I-LOC
।	O

আমচোং	B-LOC
অভয়াৰণ্যৰ	I-LOC
মাটিকালি	O
প্ৰায়	O
৭৮.৬৮	O
বৰ্গকিলোমিটাৰ	O
।	O

ব্ৰহ্মপুত্ৰৰ	B-LOC
প্ৰধান	O
উপনৈ	O
মানহ	B-LOC
এই	O
ৰাষ্ট্ৰীয়	O
উদ্যানৰ	O
পশ্চিম	O
দিশেৰে	O
বৈ	O
গৈ	O
দুখন	O
উপনৈত	O
বিভক্ত	O
হৈছে	O
-	O
বেঁকী	B-LOC
আৰু	O
ভলকাডুবা	B-LOC
।	O

ডা:	O
বেদ	B-PER
শৰ্মা	I-PER
,	O
ৰাজুমণি	B-PER
ভূঞা	I-PER
,	O
ড:	O
শইকীয়া	B-PER
আৰু	O
আমি	O
খৰখেদাকৈ	O
গাড়িত	O
উঠি	O
পোন্ধৰ	O
মিনিটমানৰ	O
ভিতৰতে	O
শক্তিৰ	B-PER
ঘৰ	O
পালোগৈ	O
।	O

পূব	B-ORG
কামৰূপ	I-ORG
বন	I-ORG
সংমণ্ডলৰ	I-ORG
অন্তৰ্গত	O
এই	O
অভয়াৰণ্যৰ	O
মুঠ	O
মাটিকালি	O
৭৮৬৪.১০	O
হেক্টৰ	O
অৰ্থাৎ	O
প্ৰায়	O
৭৮.৬৪	O
বৰ্গ	O
কিলোমিটাৰ	O
।	O

ইয়াৰোপৰি	O
অসমীয়া	B-MISC
আৰু	O
নেপালী	B-MISC
ভাষাও	O
ইয়াত	O
প্ৰচলিত	O
।	O

স্পেনীচসকলে	O
১৫৩১	B-DATE
খ্ৰীষ্টাব্দত	I-DATE
ফানসিসকো	B-PER
পিজাৰোৰ	I-PER
নেতৃত্বত	O
পেৰু	B-LOC
দখল	O
কৰে	O
।	O

ভাৰতৰ	B-ORG
প্ৰত্নতাত্ত্বিক	I-ORG
দল	O
অনুসৰি	O
,	O
খোদিত	O
কৰা	O
প্ৰত্নতাত্ত্বিক	O
আকাৰৰ	O
পৰা	O
বুজা	O
যায়	O
যে	O
শ্ৰীসূৰ্য	B-LOC
পাহাৰৰ	I-LOC
থুপবোৰ	O
খ্ৰীষ্ট্ৰীয়	O
যুগৰ	O
বৌদ্ধ	O
ধৰ্মৰ	O
হ্নায়না	O
পৰ্বৰ	O
সময়	O
বোৱা	O
হৈছিল	O
।	O

ওমানত	B-LOC
বাস	O
কৰা	O
বহু	O
সংখ্যক	O
গুজৰাটৰ	B-LOC
লোকে	O
প্ৰতিবছৰে	O
নৱৰাত্ৰী	B-MISC
আয়োজন	O
কৰে	O
।	O

গুৱাহাটীৰ	B-LOC
পৰা	O
প্ৰায়	O
১৩২	O
কিলোমিটাৰ	O
উত্তৰ	O
-	O
পশ্চিমত	O
,	O
ভাৰতৰ	B-LOC
অসমৰ	B-LOC
এখন	O
উল্লেখযোগ্য	O
স্থান	O
।	O

প্ৰায়	O
প্ৰতিখন	O
উপনৈৰ	O
উৎস	O
বৰাইল	B-LOC
পাহাৰ	I-LOC
।	O

আশোকা	B-MISC
,	O
পল্লৱ	B-MISC
,	O
চৌলাচ	B-MISC
আৰু	O
গাংগা	B-MISC
নামৰ	O
বংশকেইটাৰ	O
ৰাজত্বৰ	O
সাক্ষী	O
স্বৰূপ	O
বিশাখাপট্টনম	B-LOC
।	O

জীয়াভৰলীৰ	B-LOC
দক্ষিণ	O
-	O
পূব	O
অংশত	O
উত্তাল	O
ঢৌ	O
ফালি	O
ৰাষ্ট্ৰীয়	O
উদ্যানখনৰ	O
প্ৰাকৃতিক	O
সৌন্দৰ্য	O
উপভোগ	O
কৰাৰ	O
অভিজ্ঞতাৰ	O
বাবেও	O
পৰ্য্যটকৰ	O
দল	O
গোট	O
খায়	O
।	O

আমি	O
বঙাইগাওৰপৰা	B-LOC
ট্ৰেইনেৰে	O
আমি	O
গুৱাহাটীত	B-LOC
উপস্থিত	O
হৈছিলো	O
।	O

চুৰিনচাৰ	B-LOC
লেক	I-LOC
,	O
নন্দিনী	B-LOC
অভয়াৰণ্য	I-LOC
,	O
পীৰ	B-LOC
-	I-LOC
খো	I-LOC
-	I-LOC
কেভ	I-LOC
আৰু	O
বহূতো	O
।	O

এই	O
মেলাত	O
শিৱৰ	B-PER
পূজা	O
-	O
অৰ্চনা	O
কৰাৰ	O
লগতে	O
বীৰ	O
ৰজা	O
দ'দান	B-PER
আৰু	O
দ'দান	B-PER
ৰজাৰ	O
সেনাপতি	O
মাৰুক্ষেত্ৰীলৈ	B-PER
শ্ৰদ্ধাৰ্য্য	O
তৰ্পণ	O
কৰা	O
হয়	O
।	O

ডিব্ৰু	B-LOC
-	I-LOC
ছৈখোৱাত	I-LOC
পোৱা	O
উল্লেখযোগ্য	O
উদ্ভিদসমূহ	O
হ'ল	O
-	O
ভেৰ	O
,	O
হোলোং	O
,	O
এজাৰ	O
,	O
জৰিগছ	O
,	O
বট	O
,	O
হলখ	O
,	O
চিচু	O
,	O
শিমলু	O
,	O
নাহৰ	O
,	O
ও	O
-	O
টেঙা	O
,	O
শিলিখা	O
,	O
চতিয়না	O
,	O
ভোমোৰা	O
,	O
আঁহত	O
,	O
ডিমৰু	O
,	O
অমৰা	O
,	O
কদম	O
,	O
শিঙৰী	O
,	O
ভাতঘিলা	O
,	O
ওদাল	O
আদি	O
।	O

বাৰ্চিলোনাক	B-LOC
অনন্য	O
ৰূপদান	O
কৰিছে	O
ইয়াৰ	O
ভালেমান	O
সুদৃশ্য	O
উদ্যান	O
,	O
মনোমোহা	O
সাগৰ	O
তীৰ	O
,	O
ঐতিহাসিক	O
ঠাই	O
আৰু	O
অসংখ্য	O
আকাশচুম্বী	O
বিতোপন	O
অট্টালিকাই	O
।	O

ডাঃ	O
মহেশ্বৰ	B-PER
নেওগ	I-PER
-	O
এ	O
তেখেতৰ	O
পুথি	O
শ্ৰীশ্ৰীশংকৰদেৱত	O
লিখিছে	O
যে	O
এই	O
ঠাইতে	O
নুমলী	O
ৰুক্মীনী	B-PER
আইদেউৰ	I-PER
মৃত্যু	O
হয়	O
।	O

আজিৰ	O
পৰা	O
প্ৰায়	O
১০০	O
বছৰ	O
পূৰ্বে	O
কলি	B-LOC
আই	I-LOC
থানখন	I-LOC
বৰ্তমান	O
স্থানলৈ	O
স্থানান্তৰ	O
কৰা	O
হৈছিল	O
।	O

সম্প্ৰতি	O
অত্যাধুনিক	O
সা	O
-	O
সুবিধাৰে	O
এই	O
ঠাইবিলাৰক	O
পৰ্যটন	O
কেন্দ্ৰ	O
হিচাপে	O
গঢ়ি	O
তুলি	O
ঠাইবোৰক	O
পৰ্যটন	O
কেন্দ্ৰ	O
হিচাপে	O
গঢ়ি	O
তুলি	O
গোৱাৰেই	B-LOC
নহয়	O
,	O
সমগ্ৰ	O
ভাৰতৰে	B-LOC
পৰ্যটন	O
উদ্যোগটোক	O
বিশেষধৰণৰ	O
মাত্ৰা	O
দান	O
কৰাইছে	O
।	O

ইয়াৰ	O
পাছত	O
১৯৭০	B-DATE
চনৰ	I-DATE
২	B-DATE
ফেব্ৰুৱাৰীত	I-DATE
পূৰ্ণ	O
জিলাৰ	O
মৰ্য্যদা	O
দি	O
উত্তৰ	B-LOC
কাছাৰ	I-LOC
জিলা	O
গঠন	O
কৰা	O
হয়	O
।	O

গুৱাহাটীৰ	B-LOC
নীলাচল	B-LOC
পাহাৰত	I-LOC
অৱস্থিত	O
কামাখ্যা	B-LOC
মন্দিৰটো	I-LOC
১৫৬৫	B-DATE
চনত	I-DATE
মহাৰাজ	O
নৰনাৰায়ণে	B-PER
পুনৰ	O
নিৰ্মাণ	O
কৰিছিল	O
।	O

তাম্ৰেশ্বৰী	B-LOC
,	O
বৰগঞা	B-LOC
,	O
টেঙ্গাপনীয়া	B-LOC
,	O
দোৱন্ধিয়া	B-LOC
ইত্যাদিসমুহ	O
এনে	O
দেওশালৰ	O
উদাহৰণ	O
।	O

কিন্তু	O
এনে	O
এক	O
স্বপ্নময়	O
অথচ	O
বাস্তৱ	O
ভ্ৰমণ	O
অভিজ্ঞতাৰ	O
সোৱাদ	O
দিবলৈকে	O
আপোনালৈ	O
অপেক্ষা	O
কৰি	O
আছে	O
শ্বিলঙৰ	B-LOC
এখন	O
সৰু	O
গাৱে	O
।	O

মীৰজুমলাৰ	B-PER
অসম	B-LOC
আক্ৰমণৰ	O
সময়ত	O
মোগলে	B-MISC
প্ৰথম	O
মৈদামত	O
লুণ্ঠন	O
আৰম্ভ	O
কৰে	O
।	O

টাইগাৰ	O
প্ৰজেক্ট	O
,	O
ৰাষ্ট্ৰীয়	O
উদ্যান	O
,	O
বায়'স্পিয়েৰ	O
ৰিজৰ্ভ	O
,	O
বিশ্ব	O
ঐতিহ্য	O
ক্ষেত্ৰ	O
,	O
এলিফেণ্ট	O
ৰিজাৰ্ভৰ	O
দৰে	O
ভূষণ	O
শিৰত	O
আছে	O
মানাহৰ	B-LOC
।	O

বন্দীশালৰ	O
পৰা	O
ওলাই	O
আহি	O
বৰ্তমানৰ	O
ঢেকীয়াখোৱা	B-LOC
বৰনামঘৰ	I-LOC
থকা	O
ঠাইত	O
,	O
এটা	O
ভগা	O
পজাঁত	O
থকা	O
এহাল	O
বুঢ়া	O
-	O
বুঢ়ীৰ	O
ঘৰত	O
দুখে	O
-	O
ভাগৰে	O
মাধৱদেৱে	B-PER
আশ্ৰয়	O
ল'লে	O
।	O

মাচু	B-LOC
পিচুৰ	I-LOC
তিনি	O
ফালে	O
পৰ্বতৰ	O
থিয়	O
গডা	O
,	O
সন্মুখত	O
খৰসোতা	O
উৰুবাম্বা	B-LOC
নদী	I-LOC
।	O

বৰ্তমানৰ	O
উজৰাচুক	B-LOC
আৰু	O
নন্দিকেশ্বৰ	B-LOC
গাঁৱৰ	O
সীমা	O
অংশতেই	O
এই	O
দেৱালয়	O
।	O

সেই	O
বৰ্ণনা	O
অনুযায়ী	O
এদিন	O
স্বৰ্গদেও	O
লক্ষীসিংহই	B-PER
ৰংপুৰৰ	B-LOC
কাৰেঙৰ	B-LOC
পৰা	O
ৰূপহীজানেদি	B-LOC
দিখৌ	B-LOC
নদী	I-LOC
হৈ	O
ব্ৰহ্মপূত্ৰ	B-LOC
লৈ	O
বুলি	O
গৈছিল	O
।	O

নিউয়ৰ্ক	B-FAC
ষ্টেচনৰ	I-FAC
পৰা	O
চলমান	O
চিৰিৰে	O
ওপৰ	O
মহলালৈ	O
উঠিলো	O
।	O

সেইসময়ত	O
ঋষি	O
বশিষ্ঠয়ে	B-PER
সন্ধ্যাঞ্চল	B-LOC
পাহাৰত	I-LOC
শিৱৰ	B-PER
দৰ্শনৰ	O
বাবে	O
তপস্যা	O
কৰি	O
আছিল	O
।	O

কালিকা	B-MISC
পুৰাণ	I-MISC
মতে	O
এই	O
তীৰ্থস্থানৰ	O
প্ৰতিষ্ঠাতা	O
ঔৰ্বঋষি	B-PER
।	O

তেনেকৈয়ে	O
কলঞ্চুপাৰ	B-LOC
বুলি	O
জনাজাত	O
ঠাইখন	O
লাহে	O
লাহে	O
শিৱসাগৰ	B-LOC
নামেৰে	O
পৰিচিত	O
হয়	O
।	O

ব্ৰহ্মপুত্ৰৰ	B-LOC
পাৰত	O
অৱস্থিত	O
এই	O
মন্দিৰৰ	O
প্ৰাচীনত্ব	O
আৰু	O
সৌন্দৰ্যই	O
সকলোকে	O
সমানে	O
আকৰ্ষণ	O
কৰে	O
।	O

মদন	B-LOC
কামদেৱ	I-LOC
দেৱালয়	I-LOC
হৈছে	O
অসমৰ	B-LOC
কামৰূপ	B-LOC
জিলাৰ	O
বাইহাটা	B-LOC
চাৰিআলিৰ	I-LOC
পৰা	O
তিনি	O
কিলোমিটাৰ	O
আঁতৰৰ	O
দেৱানগিৰি	B-LOC
পাহাৰত	I-LOC
অৱস্থিত	O
এখন	O
দেৱালয়	O
।	O

ইয়াতে	O
১৯৫১	B-DATE
চনৰ	I-DATE
১৭	B-DATE
জানুৱাৰীত	I-DATE
জ্যোতি	B-PER
প্ৰসাদ	I-PER
আগৰৱালাই	I-PER
শেষ	O
নিশ্বাস	O
ত্যাগ	O
কৰিছিল	O
।	O

ভাৰতবৰ্ষৰ	B-LOC
কোনো	O
ঠাইতে	O
এনেকুৱা	O
পদ্ধতি	O
সম্ভৱ	O
নাই	O
।	O

বটদ্ৰৱা	B-LOC
থানৰ	I-LOC
আন	O
এক	O
বিশেষত্ব	O
হৈছে	O
যে	O
এইখন	O
মহাপুৰুষজনাই	O
প্ৰতিষ্ঠা	O
কৰা	O
সৰ্বপ্ৰথম	O
থান	O
আৰু	O
ইয়াত	O
তেওঁ	O
আৰম্ভ	O
কৰা	O
একশৰণ	O
নাম	O
ধৰ্মৰ	O
প্ৰচাৰ	O
কৰা	O
হৈছিল	O
।	O

১৯৮১	B-DATE
-	I-DATE
৮২	I-DATE
চনত	I-DATE
মদন	B-LOC
-	I-LOC
কামদেৱ	I-LOC
পাহাৰ	I-LOC
আৰু	O
ইয়াৰ	O
চৌপাশৰ	O
অঞ্চলটোত	O
প্ৰত্বতাত্ত্বিক	O
জৰীপ	O
চলোৱা	O
হয়	O
আৰু	O
লগতে	O
কিছুমান	O
ঠাইৰ	O
হাবি	O
মুকলি	O
কৰা	O
হয়	O
।	O

লাওখোৱা	B-LOC
অভয়াৰণ্য	I-LOC
অসমৰ	B-LOC
ব্ৰহ্মপুত্ৰ	B-LOC
নদীৰ	I-LOC
দক্ষিণপাৰে	O
নগাঁও	B-LOC
জিলাত	O
অৱস্থিত	O
এখন	O
বন্যপ্ৰাণী	O
অভয়াৰণ্য	O
।	O

কাজিৰঙাই	B-LOC
বিগত	O
কেইটামান	O
দশকত	O
বহুতো	O
প্ৰাকৃতিক	O
আৰু	O
মানৱ	O
-	O
সৃষ্ট	O
দুৰ্যোগৰ	O
মাজেৰে	O
পাৰ	O
হ'বলগীয়া	O
হৈছে	O
।	O

মাজুলী	B-LOC
নামটোৰ	O
অৰ্থ	O
হ'ল	O
নৈৰ	O
মাজৰ	O
ডাঙৰ	O
চাপৰি	O
বা	O
দ্বীপ	O
অৰ্থাৎ	O
বৈ	O
যোৱা	O
নদীৰ	O
মাজৰ	O
ভূখণ্ড	O
।	O

দীৰ্ঘেশ্বৰী	B-LOC
মন্দিৰ	I-LOC
বছৰেকীয়া	O
দুৰ্গা	B-MISC
পূজাৰ	I-MISC
বাবে	O
বিখ্যাত	O
।	O

ডিমা	B-LOC
হাছাও	I-LOC
ডিমাছা	B-MISC
ভাষাৰ	O
শব্দ	O
,	O
ইয়াৰ	O
অৰ্থ	O
ডিমাছা	O
পৰ্বত	O
।	O

নগৰখন	O
আহোম	B-MISC
ৰজাই	O
পাতি	O
দিয়া	O
নামনি	B-LOC
অসমৰ	I-LOC
সেনা	O
প্ৰধান	O
বৰফুকনৰ	O
ঘাটি	O
আছিল	O
।	O

বুঢ়া	B-LOC
চাপৰি	I-LOC
অভয়াৰণ্য	I-LOC
অসমৰ	B-LOC
শোণিতপুৰ	B-LOC
জিলাত	O
অৱস্থিত	O
এখন	O
বন্যপ্ৰাণী	O
অভয়াৰণ্য	O
।	O

ই	O
মূলত	O
কাছাৰ	B-LOC
জিলাৰ	O
দুখন	O
সংৰক্ষিত	O
বনাঞ্চল	O
ক্ৰমে	O
উত্তৰ	B-LOC
কাছাৰ	I-LOC
সংৰক্ষিত	I-LOC
বনাঞ্চল	I-LOC
আৰু	O
বৰাইল	B-LOC
সংৰক্ষিত	I-LOC
বনাঞ্চল	I-LOC
লগ	O
হৈ	O
গঠিত	O
হৈছে	O
।	O

ইয়াক	O
১৯৫২	B-DATE
চনত	I-DATE
প্ৰতিষ্ঠা	O
কৰা	O
হৈছিল	O
।	O

গুৱাহাটী	B-ORG
তাৰকাগৃহ	I-ORG
অসম	B-ORG
চৰকাৰৰ	I-ORG
বিজ্ঞান	I-ORG
আৰু	I-ORG
প্ৰযুক্তি	I-ORG
মন্ত্ৰণালয়ে	I-ORG
পৰিচালনা	O
কৰে	O
।	O

২০১৩	B-DATE
চনৰ	I-DATE
৬	B-DATE
জুলাইৰ	I-DATE
দিনা	O
অসমৰ	B-LOC
মুখ্যমন্ত্ৰী	O
তৰুণ	B-PER
গগৈয়ে	I-PER
উদ্বোধন	O
কৰে	O
।	O

কিন্তু	O
মই	O
ক'বলৈ	O
যোৱা	O
ঠাই	O
দুখনৰ	O
নাম	O
চৌখাম	B-LOC
আৰু	O
নামচাই	B-LOC
।	O

ভাৰতীয়	B-MISC
হাৰতকৈ	O
বহু	O
বেছি	O
।	O

এছ	B-ORG
অ'	I-ORG
টি	I-ORG
চিৰ	I-ORG
১০	O
দিনীয়া	O
পেকেজ	O
টুৰটোৰ	O
সংগী	O
আছিল	O
পৰিবাৰ	O
দীপ্তি	B-PER
,	O
বন্ধু	O
দয়াল	B-PER
দাস	I-PER
আৰু	O
তেওঁৰ	O
পত্নী	O
।	O

কমলাবাৰী	B-LOC
সত্ৰ	I-LOC
মহাপুৰুষ	O
মাধৱদেৱৰ	B-PER
প্ৰিয়	O
শিষ্য	O
বদুলা	B-PER
আতাই	I-PER
প্ৰতিষ্ঠা	O
কৰিছিল	O
।	O

এই	O
গাঁথনিটোৱে	O
মোগল	B-MISC
যুগৰ	O
কীৰ্তিস্তম্ভৰ	O
নিদৰ্শন	O
ধৰিব	O
পাৰি	O
।	O

যোৰহাটৰ	B-ORG
আকাশবাণী	I-ORG
ৰেডিঅ	I-ORG
কেন্দ্ৰটো	I-ORG
চহৰখনৰ	O
গড়মূৰ	B-LOC
অঞ্চলত	O
অৱস্থিত	O
।	O

নামেৰি	B-LOC
ৰাষ্ট্ৰীয়	I-LOC
উদ্যানত	I-LOC
তিনিশৰো	O
অধিক	O
বিভিন্ন	O
প্ৰজাতিৰ	O
চৰাই	O
চিৰিকিটি	O
দেখিবলৈ	O
পোৱা	O
যায়	O
।	O

গিনিজ	B-ORG
বুক	I-ORG
অৱ	I-ORG
ৱৰ্ল্ড	I-ORG
ৰেকৰ্ডত	I-ORG
মাজুলীক	B-LOC
বিশ্বৰ	O
সৰ্ববৃহৎ	O
জনবসতিপূৰ্ণ	O
নদীৰ	O
পাৰৰ	O
দ্বীপ	O
হিচাপে	O
স্বীকৃতি	O
দিয়া	O
হৈছে	O
।	O

৫৫৫	O
ফুট	O
ওখ	O
এই	O
মনুমেণ্টটো	O
জৰ্জ	B-PER
ৱছিংটনে	I-PER
বৃটেইনৰ	B-LOC
অধীনৰ	O
পৰা	O
আমেৰিকা	B-LOC
মুক্ত	O
কৰাৰ	O
সোঁৱৰণীত	O
সাজি	O
উলিয়াই	O
১৮৮৮	B-DATE
চনত	I-DATE
।	O

প্ৰায়	O
১৬	O
কিলোমিটাৰ	O
দৈৰ্ঘ্যৰ	O
আনটো	O
সুৰংগ‍ই	O
তলাতল	B-LOC
ঘৰক	I-LOC
গড়গাঁৱৰ	B-LOC
কাৰেং	B-LOC
ঘৰৰ	I-LOC
লগত	O
সংযোগ	O
কৰিছিল	O
।	O

২০০০	B-DATE
চনৰ	I-DATE
গণনা	O
অনুসৰি	O
কাজিৰঙাত	B-LOC
ঢেঁকীয়াপতীয়া	O
বাঘৰ	O
সংখ্যা	O
৮৬	O
,	O
প্ৰতি	O
বৰ্গ	O
কি.	O
মি.	O
ত	O
৫	O
-	O
টাকৈ	O
বাঘৰ	O
সংখ্যা	O
হিচাপে	O
ই	O
পৃথিৱীৰ	O
ভিতৰতে	O
সৰ্বাধিক	O
ঘনত্বৰ	O
বাঘ	O
বহুল	O
ক্ষেত্ৰ	O
।	O

সকলোৱে	O
মন	O
কৰিলো	O
,	O
নিউইয়ৰ্ক	B-LOC
নগৰখন	O
ফুৰিম	O
।	O

আমাৰ	O
গুৱাহাটীৰ	B-LOC
পৰা	O
ডিব্ৰুগড়লৈ	B-LOC
দুমহলীয়া	O
ভলভো	O
বাছত	O
এনেকুৱা	O
ছোৱালী	O
পৰিচাৰিকা	O
ৰখা	O
সম্ভৱ	O
হবনে	O
।	O

এটা	O
জনাৰ্দন	B-PER
আৰু	O
আনটো	O
অনন্তশায়ী	O
বিষ্ণুৰ	B-PER
।	O

মহাপুৰুষ	B-PER
মাধৱদেৱে	I-PER
এই	O
স্থানতে	O
এগছি	O
বন্তি	O
জ্বলাইছিল	O
,	O
যিগছি	O
বন্তি	O
সুদীৰ্ঘ	O
৪৯৪	O
বছৰ	O
ধৰ্মপ্ৰাণ	O
ৰাইজে	O
জ্বলাই	O
ৰাখিছে	O
।	O

চন্দ্ৰবাবু	B-PER
নাইডু	I-PER
প্ৰশংসিত	O
হৈছিল	O
নৱস্বচ্ছল	O
মধ্যবিত্ত	O
শ্ৰেণীটোৰ	O
দ্বাৰা	O
।	O

বৰ্তমান	O
বৰদোৱা	B-LOC
আৰু	O
বটদ্ৰৱা	B-LOC
দুয়োটা	O
নাম	O
সম	O
অৰ্থত	O
প্ৰয়োগ	O
কৰা	O
হয়	O
।	O

এতিয়াও	O
কেশৰী	B-MISC
বংশৰ	O
ব্ৰাহ্মণ	O
আছে	O
।	O

নেঘেৰিটিং	B-LOC
শিৱদৌলটো	I-LOC
দুশ	O
বছৰৰো	O
অধিক	O
পুৰণি	O
বুলি	O
অনুমান	O
কৰা	O
হৈছে	O
।	O

সেয়ে	O
ইয়াৰ	O
নাম	O
ক'ল	B-LOC
পাৰ্ক	I-LOC
হয়	O
।	O

তেওঁলোকে	O
বিশ্বাস	O
কৰে	O
যে	O
গৌতম	B-PER
বুদ্ধই	I-PER
শৰীৰ	O
ত্যাগ	O
কৰি	O
এই	O
স্থানতে	O
মোক্ষ	O
বা	O
নিৰ্বাণ	O
লাভ	O
কৰিছিল	O
।	O

এনেদৰে	O
শতাধিক	O
বছৰ	O
চলাৰ	O
পিছত	O
শংকৰদেৱৰ	B-PER
উত্তৰাধিকাৰীসকলৰ	O
মাজত	O
হোৱা	O
বিবাদৰ	O
পৰিণতিত	O
বৰদোৱা	B-LOC
সত্ৰ	I-LOC
বৰহিছা	B-LOC
আৰু	O
সৰুহিছা	B-LOC
নামে	O
দুখন	O
সত্ৰত	O
বিভক্ত	O
হয়	O
।	O

পৰাগ	B-MISC
মিচিং	B-MISC
জনগোষ্ঠী	O
লোকসকলৰ	O
এটা	O
উল্লেখযোগ্য	O
কৃষিভিত্তিক	O
উৎসৱ	O
।	O

আমাৰ	O
প্ৰথমটো	O
যাত্ৰা	O
আছিল	O
মেৰিনলৈ	B-LOC
।	O

পালনাম	B-MISC
আৰু	O
অপ্সৰা	B-MISC
নাচৰ	I-MISC
বাবে	O
আউনীআটী	B-LOC
সত্ৰ	I-LOC
বিখ্যাত	O
।	O

লোকপিয়ল	O
২০১১	B-DATE
ৰ	O
তথ্য	O
অনুসৰি	O
০	O
-	O
৬	O
বছৰলৈ	O
শিশুৰ	O
মুঠ	O
সংখ্যা	O
৩১৭৫৮	O
,	O
ল'ৰাৰ	O
সংখ্যা	O
১৬২৩৯	O
আৰু	O
ছোৱালীৰ	O
১৫৫১৯	O
।	O

কাজিৰঙাৰ	B-LOC
জলাশয়	O
সমূহতো	O
বিভিন্ন	O
প্ৰকাৰৰ	O
উদ্ভিদ	O
দেখা	O
যায়	O
।	O

আনহাতে	O
গড়গাঁৱত	B-LOC
থকা	O
এই	O
ৰাজকাৰেংটোৰ	O
নাম	O
কাৰেং	B-LOC
ঘৰ	I-LOC
।	O

আন	O
এক	O
তথ্যমতে	O
ভাটিৰ	O
কামাখ্যা	B-PER
,	O
উজানৰ	O
তাম্ৰেশ্বৰী	B-PER
আৰু	O
মাজৰ	O
ৰামখা	B-PER
একেজনাই	O
দেৱী	O
।	O

তাম্ৰেশ্বৰী	B-LOC
মন্দিৰ	I-LOC
তাম	O
ধাতুৰে	O
নিৰ্মাণ	O
কৰা	O
হৈছিল	O
।	O

মালযেছিয়াৰ	B-LOC
পৰা	O
বাছেৰে	O
ছঘণ্টাৰ	O
দূৰত্বৰ	O
পথত	O
অৱস্থিত	O
ছিংগাপুৰ	B-LOC
।	O

ইয়াৰ	O
উপৰিও	O
ব্যৱহৃত	O
অন্যান্য	O
ভাষাবোৰ	O
হৈছে	O
বঙালী	B-MISC
,	O
ৰাভা	B-MISC
,	O
হিন্দী	B-MISC
,	O
গাৰো	B-MISC
,	O
বড়ো	B-MISC
,	O
হাজং	B-MISC
,	O
নেপালী	B-MISC
আদি	O
।	O

প্ৰায়	O
এক	O
শতিকা	O
ধৰি	O
ৰংপুৰ	B-LOC
ৰাজধানী	O
হিচাপে	O
আছিল	O
।	O

ইছলাম	B-MISC
ধৰ্মালম্বী	O
সকলৰ	O
বাবে	O
ই	O
অতি	O
পৱিত্ৰ	O
স্থান	O
তদুপৰি	O
অন্যান্য	O
ধৰ্মৰ	O
লোক	O
সকলেও	O
ইয়াক	O
পৱিত্ৰ	O
বুলি	O
জ্ঞান	O
কৰে	O
।	O

এইখনেই	O
হৈছে	O
জম্মুৰ	B-LOC
মূখ্য়	O
বজাৰ	O
অৰ্থা	O
প্ৰণকেন্দ্ৰ	O
।	O

ললিত	O
কণ্ঠ	O
ধুনীয়া	O
আৰু	O
আকৰ্ষণীয়	O
আৰু	O
তেওঁক	O
তাম্ৰেশ্বৰী	B-PER
বোলা	O
হয়	O
।	O

কথিত	O
আছে	O
যে	O
লাই	O
ৰুদ্ৰসিংহ	B-PER
স্বৰ্গদেৱে	I-PER
মাতৃ	O
সতী	B-PER
জয়মতীৰ	B-PER
স্মৃতি	O
ৰক্ষাৰ্থে	O
জেৰেঙা	B-LOC
পথাৰত	I-LOC
১৬১৯	B-DATE
শকৰ	I-DATE
আঘোণ	O
মাহৰ	O
তিনিদিন	O
যোৱাত	O
জয়সাগৰ	B-LOC
পুখুৰী	I-LOC
খান্দিবলৈ	O
আৰম্ভ	O
কৰে	O
।	O

মহাবাহুৰ	B-LOC
পাৰত	O
অৱস্থিত	O
,	O
সুদৃশ্য	O
সেউজীয়া	O
পাহাৰেৰে	O
আবৃত	O
গুৱাহাটীক	B-LOC
একে	O
আষাৰেই	O
আখ্যা	O
দিব	O
পাৰি	O
স্বপ্নপুৰী	O
।	O

ইয়াতেই	O
মাধৱদেৱে	B-PER
এসময়ত	O
বৈষ্ণৱ	B-MISC
চৰ্চা	O
কৰিছিল	O
।	O

ৰামখা	B-LOC
দেৱালয়খন	I-LOC
এতিয়াও	O
সকলোৱে	O
জাগ্ৰত	O
বুলিয়েই	O
অভিহিত	O
কৰে	O
আৰু	O
অশোকাষ্টমী	B-MISC
,	O
দুৰ্গাষ্টমী	B-MISC
,	O
শিৱৰাত্ৰি	B-MISC
ইত্যাদিসমূহত	O
যোৱা	O
আঢ়ৈশ	O
বছৰৰো	O
অধিক	O
কাল	O
হাজাৰ	O
হাজাৰ	O
ভক্তই	O
পূজা	O
অৰ্চনা	O
নিয়মিতভাৱে	O
কৰি	O
আছে	O
।	O

অৱশ্যে	O
জম্মু	B-LOC
আৰু	I-LOC
কাশ্মীৰৰ	I-LOC
সুৰক্ষাৰ	O
দিশত	O
চৰকাৰে	O
যথেষ্ঠ	O
কটকটীয়া	O
ব্যৱস্থা	O
গ্ৰহণ	O
কৰিছে	O
।	O

২৪০	O
কি.	O
মি.	O
দৈৰ্ঘ্যৰ	O
ডিয়াং	B-LOC
এই	O
জিলাৰ	O
দীৰ্ঘতম	O
উপনৈ	O
।	O

মূৰ্তিটোত	O
চতুৰ্ভুজ	O
বিষ্ণুৱে	B-PER
অনন্তনাগৰ	O
শয্যাত	O
শয়ন	O
কৰি	O
আছে	O
।	O

১৯৭৫	B-DATE
চনৰ	I-DATE
১৯	B-DATE
মে	I-DATE
।	O

সেই	O
সময়ত	O
বংগ	B-LOC
মোগলৰ	B-MISC
অধীনত	O
আছিল	O
।	O

দীপৰ	B-LOC
বিলক	I-LOC
চৰকাৰে	O
পক্ষী	O
অভয়াৰণ্য	O
ঘোষণা	O
কৰাৰ	O
পাছত	O
তাত	O
গুলীচালনা	O
আৰু	O
চৰাই	O
ধৰাটো	O
আইন	O
অনুসৰি	O
নিষিদ্ধ	O
।	O

৩০০০	O
বছৰৰ	O
আগতে	O
তাৱি	B-LOC
নদীৰ	I-LOC
পাৰত	O
মহাৰাজ	O
বহুলোচনে	B-PER
এই	O
দুৰ্গটো	O
সাজিছিল	O
।	O

আগৰ	O
দৰে	O
ক্তিষ্টিয়	B-PER
টিকট	O
কাটিলে	O
।	O

এই	O
যে	O
মন্দিৰটো	O
আমাৰ	O
সন্মুখত	O
,	O
এইটোও	O
হেনো	O
আদিতে	O
বৌদ্ধ	O
মন্দিৰহে	O
আছিল	O
;	O
সেইটো	O
ভাঙি	O
বা	O
পৰাত	O
তাৰ	O
ওপৰতে	O
বিষ্ণুৰ	B-PER
মন্দিৰটো	O
সজা	O
হৈছিল	O
।	O

সুন্দৰীদিয়া	B-LOC
সত্ৰৰ	I-LOC
কীৰ্তনঘৰৰ	O
কাষতে	O
শংকৰদেৱৰ	B-PER
ভাৰ্যা	O
আই	B-PER
কালিন্দ্ৰী	I-PER
গোঁসানীৰ	O
গৃহ	O
যাক	O
আই	O
গোঁসানীৰ	O
ভিঠি	O
বুলি	O
জনা	O
যায়	O
।	O

তেজপুৰ	B-LOC
চহৰৰ	O
পৰা	O
প্ৰায়	O
৪৫	O
কিলোমিটাৰ	O
আৰু	O
ঢেকীয়াজুলি	B-LOC
চহৰৰ	O
পৰা	O
প্ৰায়	O
১১	O
কিলোমিটাৰ	O
আতৰত	O
ব্ৰহ্মপুত্ৰ	B-LOC
নদীৰ	O
পাৰত	O
শিঙৰী	B-LOC
পাহাৰৰ	I-LOC
পাদদেশত	O
এই	O
দেৱালয়	O
অৱস্থিত	O
।	O

আলফা	B-ORG
আৰু	O
অন্যান্য	O
উগ্ৰপন্থী	O
গোটৰ	O
চলিত	O
কাৰ্যকলাপে	O
অঞ্চলটোৰ	O
অৰ্থনৈতিক	O
ক্ষেত্ৰত	O
হানিৰ	O
সৃষ্টি	O
কৰিছে	O
।	O

বশিষ্ঠই	B-PER
তপস্যাস্থল	O
বুলি	O
বিশ্বাস	O
কৰা	O
গুহা	O
এটা	O
আশ্ৰমৰ	O
পাঁচ	O
কিলোমিটাৰমান	O
ভিতৰলৈ	O
আছে	O
।	O

কলকতাৰ	B-LOC
পৰা	O
লণ্ডন	B-LOC
পাবলৈ	O
আমাৰ	O
সময়	O
লাগিছিল	O
১০	O
ঘণ্টা	O
।	O

তাত	O
বিমান	O
-	O
বন্দৰ	O
মোৰ	O
ভতিজা	O
লৰা	O
অতনু	B-PER
(	O
সিদ্ধাৰ্থ	B-PER
বৰঠাকুৰ	I-PER
)	O
আমাৰ	O
অপেক্ষাত	O
আছিল	O
।	O

চিচিঙে	B-PER
মোৰ	O
পৰা	O
বিদায়	O
লৈ	O
বাছত	O
উঠিল	O
।	O

পালোলেম	B-LOC
কানাকোনা	B-FAC
ৰেল	I-FAC
ষ্টেচনৰ	I-FAC
পৰা	O
৩	O
কি:মি:	O
আঁতৰত	O
অৱস্থিত	O
।	O

যাৰবাবে	O
স্বাধীনতাৰ	O
সময়লৈকে	O
দেশখনত	O
বাস	O
কৰা	O
হিন্দু	B-MISC
লোকৰ	O
সংখ্যা	O
আঙুলিমূৰত	O
গণিব	O
পৰা	O
হৈছিলগৈ	O
।	O

এই	O
সংগঠন	O
বিলাকে	O
বৰ্তমান	O
তেওঁলোকৰ	O
দাবী	O
সমূহ	O
লৈ	O
ভাৰত	B-LOC
আৰু	O
অসমৰ	B-LOC
চৰকাৰৰ	O
লগত	O
আলোচনাত	O
বহিছে	O
।	O

আনহাতে	O
৩৭	B-LOC
নং	I-LOC
ৰাষ্ট্ৰীয়	I-LOC
ঘাই	I-LOC
পথ	I-LOC
গোৱালপাৰাৰ	B-LOC
পঞ্চৰত্নৰ	B-LOC
পৰা	O
আৰম্ভ	O
হৈ	O
গুৱাহাটীৰ	B-LOC
মাজেদি	O
গৈ	O
উজনি	B-LOC
অসমক	I-LOC
সংযোগ	O
কৰিছে	O
।	O

উগ্ৰতাৰা	B-PER
দেৱী	O
তাৰাৰে	B-PER
অত্যন্ত	O
উগ্ৰ	O
ৰূপ	O
।	O

নিজামৰ	O
শাসনকালত	O
১৯৪৭	B-DATE
চনতেই	I-DATE
অন্ত	O
পৰে	O
যদিও	O
হায়ৰাবাদ	B-LOC
আজিও	O
নিজাৰ	O
নগৰেই	O
।	O

গুপ্তেশ্বৰ	B-PER
দেৱালয়ৰ	I-LOC
শিখৰত	O
এটা	O
পিতলৰ	O
কলচী	O
,	O
এখন	O
মুখ্য	O
তোৰণ	O
আছে	O
।	O

অনবৰেত	O
সত্ৰীয়া	B-MISC
গীত	I-MISC
-	O
মাত	O
,	O
খোল	O
-	O
তাল	O
,	O
নাচ	O
-	O
গান	O
,	O
ভাওনা	B-MISC
-	O
সবাহ	O
,	O
অদূৰৰ	O
মিচিং	B-MISC
গাঁৱৰ	O
পৰা	O
ভাহি	O
অহা	O
মিচিং	B-MISC
গাভৰুৰ	O
ঐনিতমৰ	B-MISC
সুৰ	O
আদিয়ে	O
মাজুলীৰ	B-LOC
জন	O
-	O
জীৱন	O
মুখৰিত	O
কৰি	O
ৰাখে	O
।	O

এই	O
স্থলত	O
এখন	O
সংৰক্ষিত	O
পূৰাতাত্ত্বিক	B-FAC
উদ্যান	I-FAC
আৰু	O
অসম	B-ORG
চৰকাৰৰ	I-ORG
পূৰাতাত্ত্বিক	O
বিভাগৰ	O
অন্তৰ্গত	O
এটা	O
যাদুঘৰ	O
আছে	O
।	O

ইয়াৰ	O
ভিতৰত	O
অন্যতম	O
হৈছে	O
অসমীয়া	B-MISC
বান্দৰ	O
,	O
টুপীমূৰীয়া	O
বান্দৰ	O
,	O
সোণালী	O
বান্দৰ	O
;	O
লগতে	O
ভাৰতত	O
পোৱা	O
একমাত্ৰ	O
বন	O
-	O
মানুহ	O
হলৌ	O
বান্দৰ	O
।	O

বিমানবন্দৰতোত	O
দুঘণ্টা	O
অপেক্ষা	O
কৰাৰ	O
পাছত	O
আমাৰ	O
গন্তব্যস্থান	O
মিলানৰ	B-LOC
বিমানত	O
বহিলোঁ	O
।	O

ভিয়েটনামত	B-LOC
সমবায়	O
পদ্ধতিত	O
কৃষি	O
ব্যৱস্থা	O
হাতত	O
লোৱা	O
হয়	O
।	O

আজিয়ই	O
আমি	O
হুৱানোবোৰ	B-LOC
পৰা	O
ৰাতিৰ	O
বাছত	O
লিমালৈ	B-LOC
উভতিম	O
।	O

গংগা	B-LOC
নামৰ	O
জুৰি	O
বৈ	O
যোৱা	O
এই	O
আশ্ৰম	O
পৰ্যটকৰ	O
বাবে	O
এক	O
অন্যতম	O
আকৰ্ষণৰ	O
কেন্দ্ৰ	O
।	O

দিহিং	B-LOC
পাটকাই	I-LOC
বৰ্ষাৰণ্যত	O
২৯৩	O
বিধ	O
চৰাইৰ	O
প্ৰজাতি	O
সম্পৰ্কে	O
তথ্য	O
পোৱা	O
গৈছে	O
।	O

বৃহত্তম	O
নদীদ্বীপ	O
হোৱাৰ	O
লগতে	O
মাজুলীখন	B-LOC
অসমৰ	B-LOC
বৈষ্ণৱ	O
সংস্কৃতিৰো	O
প্ৰাণকেন্দ্ৰ	O
।	O

নৰকৰ	B-PER
দিনত	O
শক্তিবাদে	O
বিশেষভাৱে	O
গা	O
কৰি	O
উঠে	O
যদিও	O
দেশৰ	O
পৰা	O
শৈৱ	O
ধৰ্মৰ	O
প্ৰভাৱ	O
কমি	O
যোৱা	O
নাছিল	O
।	O

উদ্যানৰ	O
বাবে	O
অৰ্থনৈতিক	O
সাহায্য	O
ৰাজ্য	O
চৰকাৰ	O
আৰু	O
ভাৰত	B-ORG
চৰকাৰৰ	I-ORG
বন	B-ORG
আৰু	I-ORG
পৰিবেশ	I-ORG
মন্ত্ৰণালয়ৰ	I-ORG
বিভিন্ন	O
পৰিকল্পিত	O
আৰু	O
পৰিকল্পনা	O
বহীৰ্ভূত	O
বিভিন্ন	O
শিতানৰ	O
যোগেদি	O
আগবঢ়োৱা	O
হয়	O
।	O

তাৰ	O
পৰা	O
বাল্টিমোৰলৈ	B-LOC
যোৱা	O
ট্ৰেন	O
পাব	O
।	O

প্ৰাচীন	O
বা	O
মধ্যযুগত	O
দীৰ্ঘেশ্বৰীত	B-LOC
কোনো	O
দুৰ্গা	O
মন্দিৰ	O
আছিল	O
নে	O
নাই	O
জনা	O
নাযায়	O
।	O

চৰকাৰে	O
ৰাজ্যভাষা	O
আইন	O
প্ৰণয়ন	O
কৰি	O
অসমীয়া	B-MISC
ভাষা	O
প্ৰচলনৰ	O
ব্যৱৱস্থা	O
কৰিছে	O
যদিও	O
সকলো	O
ভেকোঁ	O
-	O
ভাওনা	O
হৈছে	O
।	O

এই	O
চহৰকেইখন	O
হ'ল	O
-	O
ভিয়েনা	B-LOC
,	O
ব্ৰাটিশ্লাভা	B-LOC
,	O
বুডাপেষ্ট	B-LOC
আৰু	O
বেলগ্ৰেড	B-LOC
।	O

প্ৰাচীন	O
অসমত	B-LOC
সূৰ্য	B-PER
উপাসনাৰ	O
প্ৰায়	O
দুখন	O
আসন	O
কালিকা	B-MISC
-	I-MISC
পুৰাণ	I-MISC
উল্লেখ	O
পোৱা	O
যায়	O
।	O

আহোমৰ	B-MISC
লগত	O
কছাৰী	B-LOC
ৰাজ্য	I-LOC
আৰু	O
জয়ন্তীয়া	B-LOC
ৰাজ্যৰ	I-LOC
ৰজায়েও	O
এই	O
অভিযানত	O
যোগ	O
দিছিল	O
।	O

আন	O
এটা	O
উদ্বেগজনক	O
দিশ	O
বেঁকী	B-LOC
ক্ৰমশঃ	O
কায়	O
চাপি	O
আহিছে	O
ৰাষ্ট্ৰীয়	O
উদ্যানখনৰ	O
ভিতৰলৈ	O
।	O

আহোম	B-MISC
ৰাজত্বত	O
কেইবাজনো	O
স্বৰ্গদেৱে	O
এই	O
ঠাই	O
দৰ্শন	O
কৰাৰ	O
প্ৰমাণ	O
পোৱা	O
যায়	O
।	O

অনুসন্ধান	O
কৰি	O
গম	O
পোৱা	O
গ'ল	O
যে	O
সেই	O
কোঁৱৰজন	O
বাণৰজাৰ	B-PER
শত্ৰু	O
,	O
দ্বাৰকাৰ	O
ৰজা	O
,	O
ভগৱান	O
শ্ৰীকৃষ্ণৰ	B-PER
নাতি	O
অনিৰুদ্ধ	B-PER
।	O

বিয়লি	O
তিনি	O
বজাত	O
আমি	O
আজমেৰ	B-ORG
কৃষি	I-ORG
বিজ্ঞান	I-ORG
কেন্দ্ৰৰ	I-ORG
কাৰ্যালয়	O
পালোগৈ	O
।	O

পৰিহৰেশ্বৰ	B-LOC
দেৱালয়ৰ	I-LOC
পিছপিনে	O
প্ৰায়	O
দুবিঘা	O
মাটি	O
জুৰি	O
এখন	O
কেতেকীবাৰী	O
আছে	O
।	O

হোলোঙাপাৰ	B-LOC
অভয়াৰণ্যৰ	I-LOC
উদ্ভিদজগত	O
চিৰসেউজ	O
ধৰণৰ	O
আৰু	O
স্তৰীয়	O
আচ্ছাদনেৰে	O
গঠিত	O
।	O

দেৱালয়ৰ	O
চৌহদৰ	O
দেৱান	O
পুখুৰীটো	O
কোচ	B-MISC
ৰজা	O
নৰনাৰায়ণৰ	B-PER
ভাতৃ	O
চিলাৰায়	B-PER
দেৱানে	I-PER
খন্দোৱা	O
।	O

আহোম	B-MISC
ৰজা	O
জয়ধ্বজ	B-PER
সিংহৰ	I-PER
দিনত	O
১৫৮৪	B-DATE
শকত	I-DATE
মাজুলীত	B-LOC
স্থাপন	O
কৰা	O
হয়	O
।	O

১৮৬০	B-DATE
আৰু	O
১৮৭০	B-DATE
দশকত	I-DATE
সমগ্ৰ	O
যোৰহাট	B-LOC
জিলাতে	O
বহুতো	O
চাহ	O
বাগিচা	O
প্ৰতিষ্ঠা	O
কৰা	O
হৈছিল	O
।	O

স্বৰ্গদেউ	O
শিৱসিংহই	B-PER
উচ্চবৰ্ণ	O
বাগীশ	B-PER
ভট্টাচাৰ্য্য	I-PER
পৰিয়ালক	O
নন্দিকেশ্বৰ	B-LOC
দেৱালয়	I-LOC
চমজি	O
দিয়াৰ	O
প্ৰমাণ	O
তামৰ	O
ফলিত	O
স্পষ্ট	O
পোৱা	O
যায়	O
।	O

১৯৮৬	B-DATE
চনৰ	I-DATE
জৰীপ	O
অনুযায়ী	O
উদ্যানখনৰ	O
উদ্ভিদসমষ্টিৰ	O
অংশ	O
-	O
ওখ	O
ঘাঁহনি	O
৪১%	O
,	O
চাপৰ	O
ঘাঁহনি	O
১১%	O
,	O
মুকলি	O
জংগল	O
২৯%	O
,	O
পিটনি	O
৪%	O
,	O
নদী	O
আৰু	O
অন্য	O
জলাশয়	O
৮%	O
,	O
বালিভূমি	O
৬%	O
।	O

পঞ্জাবৰ	B-LOC
জনসাধাৰণৰ	O
এই	O
জাতীয়	O
চেতনাৰ	O
স্বৰূপ	O
দেখি	O
আমি	O
লজ্জিত	O
হৈছিলো	O
।	O

প্ৰায়	O
আধাঘন্টাৰ	O
অন্তত	O
ড্ৰাইভাৰজনে	O
নিউইয়ৰ্ক	B-LOC
চহৰৰ	O
মাজ	O
মজিয়াত	O
ধ্বংস	O
হোৱা	O
ঠাই	O
টুকুৰাৰ	O
কাষত	O
গাডী	O
ৰখালে	O
।	O

আহোম	O
ৰজা	O
ৰাজেশ্বৰ	B-PER
সিংহই	I-PER
এই	O
স্থানতে	O
১৭৫১	B-DATE
-	O
১৭৬৯	B-DATE
খ্ৰীষ্টাব্দৰ	I-DATE
সময়চোৱাত	O
এক	O
শিৱ	O
মন্দিৰ	O
নিৰ্মাণ	O
কৰোৱায়	O
আৰু	O
আশ্ৰমলৈ	O
৮৩৫	O
বিঘা	O
মাটি	O
দান	O
দিয়ে	O
।	O

এই	O
বনাঞ্চলখন	O
অসমৰ	B-LOC
একেলেথাৰিয়ে	O
থকা	O
অঙশিষ্ট	O
নিম্ন	O
অঞ্চলৰ	O
সমতলীয়	O
ভূমিৰ	O
একমাত্ৰ	O
বৰ্ষাৰণ্য	O
।	O

মহাশিৱৰাত্ৰি	B-MISC
উৎসৱত	O
এই	O
মন্দিৰৰ	O
লগতে	O
গোটেই	O
জম্মু	B-LOC
নগৰখনেই	O
প্ৰাণ	O
পাই	O
উঠে	O
।	O

প্ৰিয়াৰ	O
বিয়োগত	O
শিৱ	B-PER
শোকত	O
বলিয়া	O
হ'ল	O
আৰু	O
সতীৰ	B-PER
মৃতদেহ	O
কান্ধত	O
তুলি	O
লৈ	O
বিশ্ব	O
ভ্ৰমি	O
ফুৰিবলৈ	O
ধৰিলে	O
।	O

তেওঁ	O
নিজৰ	O
স্বাৰ্থ	O
পূৰণ	O
কৰিবৰ	O
বাবে	O
বাৰ্মাৰ	B-LOC
পৰা	O
সৈন্য	O
আনিছিল	O
আৰু	O
সাধাৰণ	O
জনতাক	O
নানা	O
অত্যাচাৰ	O
কৰিছিল	O
।	O

ড্ৰাইভাৰ	O
ৰাজুক	B-PER
কলো	O
-	O
গাড়ী	O
ৰখোৱা	O
।	O

সত্ৰাধিকাৰ	O
সুদৰ্শনৰ	B-PER
মৃত্যুৰ	O
পিছত	O
কোনো	O
পুৰুষ	O
উত্তৰাধিকাৰী	O
নথকাত	O
কৃষ্ণা	B-PER
দেৱীয়ে	I-PER
সত্ৰৰ	O
গুৰুদায়িত্ব	O
গ্ৰহণ	O
কৰিছিল	O
।	O

ওমানলৈ	B-LOC
অনুপ্ৰৱেশ	O
ঘটা	O
প্ৰখ্যাত	O
হিন্দু	B-MISC
ধৰ্মাৱলম্বী	O
লোকসকল	O
আজি	O
খিমজি	B-PER
ৰাম	I-PER
দাস	I-PER
,	O
ধানজি	B-PER
মোৰাৰজী	I-PER
,	O
ৰতনজি	B-PER
পুৰুষোত্তম	I-PER
আৰু	O
পুৰুষোত্তম	B-PER
টাৰ্পাণি	I-PER
।	O

পিচলা	B-LOC
নৈৰ	I-LOC
পূৱে	O
মাঘনোৱা	B-LOC
বিলৰ	I-LOC
পাৰত	O
এই	O
দ'লটো	O
অৱস্থিত	O
।	O

ডোগ্ৰা	B-MISC
বংশৰ	O
আৰাধ্য়	O
দেৱী	O
মহামাযাৰ	B-PER
(	O
কালীমাতা	B-PER
)	O
স্মৃতিত	O
উসৰ্গীকৃত	O
এই	O
মন্দিৰটো	O
নিৰ্মাণ	O
কৰিছিল	O
মহাৰাজ	O
গোলাপ	B-PER
সিঙে	I-PER
১৮২২	B-DATE
খ্ৰীষ্টাব্দত	I-DATE
।	O

মানাস	B-LOC
নদীৰ	I-LOC
পাৰৰ	O
মানসত	B-LOC
বাঘ	O
,	O
হাতী	O
,	O
সোণালী	O
বান্দৰ	O
আদি	O
বিভিন্ন	O
জন্ত	O
দেখা	O
পোৱা	O
যায়	O
।	O

বৰদোৱা	B-LOC
থানত	I-LOC
এই	O
দলটিক	O
বুজাই	O
দিয়া	O
হৈছিল	O
বৰদোৱা	O
শ্ৰীমন্ত	O
শংকৰদেৱৰ	B-PER
জন্মস্থান	O
বুলি	O
।	O

উত্তৰ	B-LOC
পূব	I-LOC
ভাৰতৰ	I-LOC
অন্য	O
স্থানসমূহলৈ	O
যাবৰ	O
বাবে	O
গুৱাহাটী	B-LOC
এক	O
প্ৰধান	O
বিকল্প	O
।	O

এই	O
বনাঞ্চল	O
মঙলদৈ	B-LOC
চহৰ	O
আৰু	O
গুৱাহাটীৰ	B-LOC
পৰা	O
প্ৰায়	O
৭০	O
আৰু	O
১৩০	O
কিমি	O
দূৰত্বত	O
অৱস্থিত	O
।	O

পবিতৰাৰ	B-LOC
পশ্চিম	O
সীমাত	O
থকা	O
দলনি	O
-	O
লৈও	O
বহুতো	O
পৰিভ্ৰমী	O
হাঁহ	O
অহা	O
দেখা	O
যায়	O
।	O

সৰ্বপ্ৰথম	O
স্বৰ্গদেউ	O
ৰুদ্ৰসিংহই	B-LOC
কাঠ	O
আৰু	O
বাঁহেৰে	O
নিৰ্মাণ	O
কৰিছিল	O
যদিও	O
পূূূূৰ্ণাংগ	O
ৰূপত	O
নিৰ্মাণ	O
কৰে	O
স্বৰ্গদেউ	O
প্ৰমত্ত	B-PER
সিংহই	I-PER
১৭৪৬	B-DATE
খ্ৰীষ্ঠাব্দত	I-DATE
।	O

ডিব্ৰু	B-LOC
-	I-LOC
ছৈখোৱা	I-LOC
ৰাষ্ট্ৰীয়	I-LOC
উদ্যান	I-LOC
উত্তৰ	O
অক্ষাংশৰ	O
২৭	O
ডিগ্ৰী	O
৩০	O
মিনিটৰপৰা	O
২৭	O
ডিগ্ৰী	O
৪৫	O
মিনিটলৈ	O
আৰু	O
পূব	O
দ্ৰাঘিমাৰেখাৰ	O
৯৫	O
ডিগ্ৰী	O
১০	O
মিনিটৰপৰা	O
৯৫	O
ডিগ্ৰী	O
৪৫	O
মিনিটলৈ	O
বিস্তৃত	O
হৈ	O
আছে	O
।	O

পূৰ্ণানন্দ	B-PER
বৰগোহাঁইৰ	I-PER
দিনত	O
কলিয়াভোমোৰা	B-PER
বৰফুকনৰ	I-PER
প্ৰথম	O
পত্নী	O
শয়নীয়ে	B-PER
মন্দিৰটোলৈ	O
মাটি	O
একুটুৰা	O
আৰু	O
চোৱাচিতাৰ	O
বাবে	O
এটা	O
পাইকৰ	O
পৰিয়াল	O
দান	O
কৰিছিল	O
।	O

এই	O
থান	O
অসমৰ	B-LOC
শোণিতপুৰ	B-LOC
জিলাৰ	O
বিহালীৰ	B-LOC
বৰগাং	B-LOC
আৰু	O
ব্ৰহ্মপুত্ৰ	B-LOC
নদীৰ	O
সংগমস্থলীত	O
অৱস্থিত	O
।	O

এবছৰ	O
হলে	O
লিমালৈ	B-LOC
যাব	O
।	O

নামেৰী	B-LOC
ব্যাঘ্ৰ	I-LOC
প্ৰকল্পৰ	I-LOC
দুটাকৈ	O
বাফাৰ	O
এলেকা	O
ক্ৰমে	O
বালিপাৰা	B-LOC
সংৰক্ষিত	I-LOC
বনাঞ্চলৰ	I-LOC
৬৪	O
বৰ্গ	O
কি:মি:	O
আৰু	O
নদুৱাৰ	B-LOC
সংৰক্ষিত	I-LOC
বনাঞ্চলৰ	I-LOC
৮০	O
বৰ্গ	O
কি:মি:	O
ৰ	O
প্ৰশাসন	O
ন্যস্ত	O
আছে	O
ক্ৰমে	O
পশ্চিম	B-ORG
শোণিতপুৰ	I-ORG
বন	I-ORG
সংমণ্ডল	I-ORG
আৰু	O
পূব	B-ORG
শোণিতপুৰ	I-ORG
বন	I-ORG
সংমণ্ডলৰ	I-ORG
অধীনত	O
।	O

টাটা	B-ORG
কোম্পানীৰ	I-ORG
বাছ	O
।	O

এই	O
প্ৰকল্প	O
অসম	B-LOC
মেঘালয়ৰ	B-LOC
সীমাত	O
অৱস্থিত	O
।	O

সৰুকালৰে	O
পৰা	O
ৰে'লত	O
উঠি	O
ফুৰিবলৈ	O
বৰ	O
ভাল	O
পাইছিলো	O
কিন্তু	O
সুযোগ	O
বৰ	O
কম	O
আছিল	O
-	O
কিয়নো	O
আমি	O
শ্বিলংত	B-LOC
থকা	O
বাবে	O
ৰে'ল	O
ভ্ৰমণৰ	O
সুযোগ	O
বৰ	O
কম	O
পাইছিলো	O
।	O

লেখক	O
দত্তদেৱৰ	B-PER
ঐকান্তিক	O
প্ৰচেষ্টা	O
আৰু	O
নেচাৰ্ছ	B-ORG
বেকনৰ	I-ORG
কৰ্মী	O
তথা	O
ৰাইজৰ	O
সামূহিক	O
সহযোগত	O
২০০১	B-DATE
চনত	I-DATE
ভাৰতত	B-LOC
প্ৰথম	O
আন্তৰ্জাতিক	B-MISC
বৰ্ষাৰণ্য	I-MISC
উৎসৱ	I-MISC
অনুষ্ঠিত	O
হয়	O
ডিব্ৰুগড়	B-LOC
জিলাৰ	O
জয়পুৰত	B-LOC
।	O

তাৰ	O
পৰৱৰ্তী	O
বছৰত	O
ৰুদ্ৰ	B-PER
সিংহয়ে	I-PER
বিষ্ণু	B-PER
,	O
শিৱ	B-PER
,	O
দুৰ্গা	B-PER
আৰু	O
সূৰ্য্যৰ	B-PER
বাবে	O
উৎসৰ্গিত	O
জয়সাগৰ	B-LOC
পুখুৰীৰ	I-LOC
পাৰত	O
মন্দিৰ	O
নিৰ্মাণ	O
কৰে	O
।	O

কেদাৰ	B-LOC
,	O
কামেশ্বৰ	B-LOC
আদি	O
দূৰলৈ	O
থকা	O
মঠ	O
-	O
মন্দিৰ	O
চাবলৈ	O
তেওঁলোকৰ	O
শক্তিয়ে	O
নুকুলায়	O
।	O

গৌৰীসাগৰৰ	B-LOC
তিনিওটা	O
মন্দিৰৰ	O
ভিতৰত	O
ই	O
সকলোতকৈ	O
ডাঙৰ	O
।	O

স্বৰ্গদেউ	O
প্ৰমত্ত	B-PER
সিংহই	I-PER
সুন্দৰীদিয়া	B-LOC
সত্ৰৰ	I-LOC
কাষৰ	O
মঠটো	O
নিৰ্মাণ	O
কৰা	O
বুলি	O
বিশ্বাস	O
কৰা	O
হয়	O
।	O

তাম্ৰেশ্বৰী	B-LOC
দেৱালয়ৰ	I-LOC
চালখন	O
তামৰ	O
আছিল	O
বাবে	O
থানখনৰ	O
নাম	O
তাম্ৰেশ্বৰ	B-LOC
বুলি	O
জনা	O
যায়	O
আৰু	O
তাত	O
থকা	O
দেৱীক	O
তাম্ৰেশ্বৰী	B-PER
নামে	O
জনা	O
যায়	O
।	O

গুৱাহাটীৰ	B-LOC
কিংবদন্তী	O
আৰু	O
ইতিহাস	O
কেইবাহাজাৰ	O
বছৰৰ	O
পুৰণি	O
।	O

গদাধৰ	B-PER
সিংহই	I-PER
নিৰ্মাণ	O
কৰি	O
থৈ	O
যোৱা	O
ধোদৰ	B-LOC
আলি	I-LOC
জিলাখনৰ	O
অন্যতম	O
প্ৰধান	O
পথ	O
।	O

সামৰিক	O
বাহিনীৰ	O
লোকে	O
হাবি	O
কাটি	O
থকাৰ	O
সময়ত	O
এটা	O
মূৰ্ত্তি	O
উদ্ধাৰ	O
কৰে	O
আৰু	O
ইয়াকেই	O
মালিনী	B-PER
মূৰ্ত্তি	O
বুলি	O
জনা	O
যায়	O
।	O

তেতিয়া	O
তেওঁৰ	O
পুত্ৰ	O
পূৰ্ণানন্দ	B-PER
বুঢ়াগোহাঁই	I-PER
ৰাজমন্ত্ৰী	O
হয়	O
।	O

দীৰ্ঘেশ্বৰী	B-LOC
দেৱালয়ত	I-LOC
থকা	O
এই	O
ভৰিৰ	O
চাপক	O
দেৱী	O
দুৰ্গাৰ	B-PER
ভৰিৰ	O
চাপ	O
বুলি	O
বিশ্বাস	O
কৰা	O
হয়	O
।	O

গুৱাহাটীত	B-LOC
অৱস্থিত	O
ঐতিহাসিক	O
পুখুৰীসমূহৰ	O
ভিতৰত	O
ই	O
অন্যতম	O
।	O

স্বৰ্গদেউ	O
শিৱসিংহই	B-PER
সুন্দৰীদিয়া	B-LOC
সত্ৰক	I-LOC
মাটি	O
দান	O
কৰিছিল	O
।	O

হিট	B-FAC
-	I-FAC
থ্ৰ	I-FAC
এয়াৰপ'ৰ্টত	I-FAC
(	O
লণ্ডনৰ	B-LOC
)	O
অলপ	O
সময়	O
ৰওঁতেই	O
মোৰ	O
বাইদেউৰ	O
ছোৱালী	O
গীতাক	B-PER
লগ	O
পালো	O
।	O

শিৱক	B-PER
এনেদৰে	O
গুপ্ত	O
কৰি	O
থোৱাৰ	O
বাবেই	O
এই	O
মন্দিৰ	O
গুপ্তেশ্বৰ	B-LOC
নামেৰে	O
জনাজাত	O
হ'ল	O
।	O

শোভনাই	B-PER
অনিল	B-PER
মহন্তই	I-PER
কোৱা	O
কথা	O
মনত	O
পেলাই	O
মাত্ৰ	O
শলাগিলে	O
,	O
ওঁ	O
মনত	O
পৰিছে	O
পলুদা	B-PER
।	O

মাইবং	B-LOC
১৬	O
আৰু	O
১৮	O
শতিকাত	O
ডিমাচা	B-MISC
ৰাজত্বৰ	O
সময়ত	O
ৰাজধানী	O
আছিল	O
বুলি	O
জনা	O
যায়	O
।	O

গোৱালপাৰা	B-LOC
নগৰৰ	O
ভূখণ্ড	O
এসময়ত	O
কোঁচ	B-MISC
-	I-MISC
ৰাজবংশী	I-MISC
সাম্ৰাজ্যৰ	O
অন্তৰ্ভুক্ত	O
আছিল	O
।	O

হয়তো	O
আমেৰিকানসকলৰ	B-MISC
বাবে	O
সেয়া	O
সাধাৰণ	O
ঘটনাই	O
আছিল	O
।	O

অৱশ্যে	O
গুৱাহাটীৰ	B-LOC
অন্য	O
এক	O
পৰিচয়	O
হ'ল	O
ইয়াৰ	O
মন্দিৰ	O
আৰু	O
ধৰ্মীয়	O
স্থানসমূহ	O
।	O

মূল	O
গুৱাহাটীৰ	B-LOC
পৰা	O
১৪	O
কি:মি:	O
আঁতৰত	O
আশ্ৰমখন	O
অৱস্থিত	O
।	O

এতিয়া	O
অভয়াৰণ্যখন	O
সম্পূৰ্ণভাৱে	O
চাহ	O
বাগিছা	O
আৰু	O
সৰু	O
সৰু	O
গাঁৱেৰে	O
আবৃত	O
হ'লেও	O
এটা	O
সময়ত	O
ই	O
নাগালেণ্ডৰ	B-LOC
ভিতৰুৱা	O
অৰণ্যৰ	O
লগতো	O
সংযুক্ত	O
আছিল	O
।	O

প্ৰবল	O
পৰাক্ৰমী	O
এই	O
দ'দান	B-PER
ৰজা	O
হেনো	O
প্ৰথমে	O
বাণ	B-PER
ৰজাৰ	O
সেনাপতি	O
আছিল	O
।	O

কালিন্দ্ৰী	B-PER
আই	I-PER
পাটবাউসীৰ	B-LOC
পৰা	O
সুন্দৰীদিয়ালৈ	B-LOC
আহোঁতে	O
শংকৰদেৱে	B-PER
লিখা	O
পুথি	O
-	O
পাঁজিসমূহৰ	O
বহুখিনি	O
লৈ	O
আহিছিল	O
আৰু	O
ৰামচৰণ	B-PER
ঠাকুৰদেৱে	I-PER
সেইবোৰ	O
সংৰক্ষণ	O
কৰি	O
ৰাখিছিল	O
।	O

১৯১৪	B-DATE
চনত	I-DATE
সত্ৰৰ	O
কীৰ্তনঘৰৰ	O
চৌহদত	O
মাধবদেৱ	B-LOC
পুথিভঁৰাল	I-LOC
স্থাপন	O
কৰা	O
হয়	O
।	O

শিৱসাগৰ	B-LOC
জিলাত	O
থকা	O
শিলাকুটি	B-LOC
মৌজাই	O
এতিয়াও	O
তাৰ	O
স্বাক্ষৰ	O
বহন	O
কৰিছে	O
।	O

ভাৰতীয়	O
আইনৰ	O
অধীনত	O
বন্য	O
প্ৰাণী	O
সংৰক্ষণৰ	O
বাবে	O
কাজিৰঙা	B-LOC
ৰাষ্ট্ৰীয়	I-LOC
উদ্যানক	I-LOC
সৰ্বাধিক	O
ৰক্ষণা	O
-	O
বেক্ষণ	O
দিয়া	O
হৈছে	O
।	O

ইয়েই	O
পৰশুৰামকুণ্ড	B-LOC
নামেৰে	O
জনপ্ৰিয়	O
।	O

পৰবৰ্তী	O
সময়ত	O
মংগোলীয়	B-MISC
সকল	O
আহিল	O
।	O

গুৱাহাটীৰ	B-LOC
ভাৰতৰ	B-LOC
ভিতৰতে	O
দ্ৰুত	O
গতিত	O
বৰ্ধিত	O
এখন	O
নগৰ	O
।	O

ইয়াৰে	O
এটা	O
সুঁতি	O
ব্ৰহ্মপুত্ৰৰ	B-LOC
মূলপথেৰে	O
আৰু	O
আনটো	O
বুঢ়ীদিহিং	B-LOC
নদীৰ	I-LOC
সুঁতিৰে	O
বৈ	O
যাবলৈ	O
ধৰাত	O
মাজুলী	B-LOC
নদীদ্বীপৰ	O
উৎপত্তি	O
হয়	O
।	O

জনসাধৰণৰ	O
দ্বাৰা	O
পৰিচালিত	O
পেৰুৰ	B-LOC
স্বাস্থ্যকেন্দ্ৰবোৰ	O
সপেনীয়	B-MISC
ভাষাত	O
ট্ৰন্ট্টত্ৰবুলি	O
কয়	O
।	O

ফলত	O
অৰ্জুনে	B-PER
ঘোঁৰা	O
এৰিদিবলৈ	O
কোৱাত	O
ৰানী	O
প্ৰমীলা	B-PER
অমান্তি	O
হয়	O
।	O

বাল্টিমোৰৰ	B-LOC
আটাইতকৈ	O
দামী	O
হোটেলবোৰ	O
ইয়াতেই	O
অৱস্থিত	O
।	O

লাওখোৱা	B-LOC
অভয়াৰণ্যৰ	I-LOC
মাটিকালি	O
প্ৰায়	O
৭০.১৩	O
বৰ্গকিলোমিটাৰ	O
।	O

গুৱাহাটীত	B-LOC
তেতিয়া	O
ৰাতিপুৱা	O
বটা	O
বাজিছে	O
।	O

মহাপুৰুষে	O
নিজে	O
তেৰাৰ	O
আত্ম	O
পৰিচয়	O
ভাগৱতৰ	B-MISC
দশম	O
স্কন্ধত	O
সুন্দৰভাৱে	O
বেকত	O
কৰি	O
বৰদোৱা	B-LOC
নামৰ	O
গাওঁ	O
খনৰ	O
কথা	O
সকলোৱে	O
বুজিব	O
পৰাকৈ	O
লিখি	O
গৈছে	O
।	O

এই	O
মন্দিৰসমূহৰ	O
উপৰিও	O
জয়সাগৰ	B-LOC
পুখুৰীৰ	I-LOC
দক্ষিণ	O
-	O
পশ্চিম	O
পাৰত	O
ইটাৰ	O
দ্বাৰা	O
নিৰ্মিত	O
এটা	O
সৰু	O
মন্দিৰ	O
আছে	O
।	O

টিলিঙা	B-LOC
মন্দিৰৰ	I-LOC
সতে	O
এক	O
বিশ্বাস	O
জড়িত	O
হৈ	O
আছে	O
।	O

ইয়াৰ	O
কাৰণ	O
আছিল	O
১৮৯৫ত	B-DATE
ইবাবিছসকলে	O
মুস্কাট	B-LOC
আক্ৰমণ	O
কৰিছিল	O
।	O

এইখিনতে	O
মোৰ	O
মনলৈ	O
অহা	O
এটা	O
কথা	O
হ'ল	O
যে	O
আমেৰিকাৰ	B-LOC
শ্বপিং	O
মল	O
,	O
দোকান	O
-	O
বজাৰ	O
,	O
বাটে	O
-	O
ঘাটে	O
থকা	O
আৰু	O
সুৰা	O
ব্যৱসায়িক	O
প্ৰতিষ্ঠানটো	O
হুইল	O
চেয়াৰ	O
ব্যৱহাৰকাৰীসকলৰ	O
বাবে	O
বিশেষ	O
প্ৰায়বোৰ	O
২০১১	B-DATE
চনৰ	I-DATE
জানুৱাৰীৰ	O
শেষত	O
সপ্তাহতেই	O
থকা	O
।	O

তাম্ৰেশ্বৰী	B-LOC
মন্দিৰত	I-LOC
উদ্ধাৰ	O
কৰা	O
শিলালিপিত	O
বৰ্ণনা	O
কৰা	O
মতে	O
১৩৬৪	B-DATE
শকত	I-DATE
চুতীয়া	O
ৰজা	O
মুক্ত	B-PER
ধৰ্মনাৰায়ণে	I-PER
ইটা	O
ব্যৱহাৰ	O
কৰি	O
মন্দিৰৰ	O
দেৱাল	O
নিৰ্মাণ	O
কৰাইছিল	O
।	O

আশ্ৰমৰ	O
কাষেৰে	O
গংগা	B-LOC
নামৰ	O
জুৰি	O
বৈ	O
গৈছে	O
।	O

গুৱাহাটীৰ	B-LOC
পৰা	O
চন্দ্ৰপুৰ	B-LOC
হৈ	O
আহিলে	O
এই	O
অভয়াৰণ্য	O
৩৫	O
কি:মি:	O
আৰু	O
৩৭	B-LOC
নং	I-LOC
ৰাষ্ট্ৰীয়	I-LOC
ঘাইপথৰে	I-LOC
সোণাপুৰ	B-LOC
হৈ	O
আহিলে	O
৫২	O
কি.	O
মি.	O
দূৰত্বত	O
অৱস্থিত	O
।	O

পেৰু	B-LOC
ভাৰতবৰ্ষৰ	B-LOC
দৰে	O
এখন	O
দুখীয়া	O
দেশ	O
।	O

গুৱাহাটীৰ	B-LOC
চিত্ৰাচলত	B-LOC
থকা	O
নৱগ্ৰহ	B-LOC
মন্দিৰ	I-LOC
স্বৰ্গদেও	O
ৰাজেশ্বৰ	B-PER
সিংহই	I-PER
১৭৫২	B-DATE
চনত	I-DATE
পুনৰ	O
নিৰ্মাণ	O
কৰিছিল	O
।	O

ইয়াত	O
দৌলৰ	B-MISC
দিনা	O
বংশীগোপালৰ	B-PER
অধিবাস	O
কৰাৰ	O
লগতে	O
নাম	O
-	O
কীৰ্তন	O
কৰা	O
হয়	O
।	O

যোৰহাটৰ	B-LOC
পৰা	O
চন্দ্ৰধৰ	B-PER
বৰুৱা	I-PER
,	O
ডিম্বেশ্বৰ	B-PER
নেওগ	I-PER
,	O
মিত্ৰদেৱ	B-PER
মহন্ত	I-PER
আদি	O
ব্যক্তিয়ে	O
অসম	B-ORG
সাহিত্য	I-ORG
সভাৰ	I-ORG
সভাপতিৰ	O
পদ	O
অলঙ্কৃত	O
কৰিছিল	O
।	O

আজিকালিও	O
ব্ৰহ্মপুত্ৰৰ	B-LOC
উত্তৰ	O
পাৰে	O
কোনো	O
কোনো	O
ঠাইত	O
অশোকাষ্টমীত	B-MISC
ধৰ্মীয়	O
কাৰ্য্য	O
অনুষ্ঠিত	O
হোৱাৰ	O
লগতে	O
মেলাও	O
হয়	O
।	O

গুৱাহাটীৰ	B-LOC
চৌপাশৰ	O
অৰণ্যত	O
যথেষ্ট	O
সংখ্যক	O
হাতী	O
,	O
বাঘ	O
,	O
বান্দৰ	O
আদি	O
জীৱ	O
-	O
জন্তুৰ	O
উপৰিও	O
বিভিন্ন	O
প্ৰজাতিৰ	O
চৰাই	O
-	O
চিৰিকতি	O
পোৱা	O
যায়	O
।	O

পাচৰ	O
পৰ্য্যায়ত	O
ৰবিদাসৰ	B-PER
বংশৰ	O
বাহুদ	B-PER
নামৰ	O
এজন	O
ব্ৰাহ্মণে	O
বৈষ্ণৱ	O
সন্ত	O
দামোদৰদেৱ	B-PER
আতাক	I-PER
সত্ৰ	O
প্ৰতিষ্ঠাৰ	O
বাবে	O
মন্দিৰটো	O
দি	O
দিছিল	O
।	O

এই	O
সংৰক্ষিত	O
বনাঞ্চলখন	O
২০০৩	B-DATE
চনত	I-DATE
বন্যপ্ৰাণী	O
অভয়াৰণ্য	O
হিচাপে	O
ঘোষণা	O
কৰা	O
হয়	O
।	O

ইউভিৰ্ছেল	B-ORG
ষ্টুডিঅ'	I-ORG
চোৱা	O
।	O

সেই	O
হাবিখনেই	O
বৰ্তমানৰ	O
কাজিৰঙা	B-LOC
।	O

বৃটিছসকলৰ	O
দিনত	O
এই	O
পুখুৰীটো	O
তৃতীয়	B-PER
জৰ্জৰ	I-PER
নামেৰে	O
জৰ্জ	B-LOC
লেক	I-LOC
নামে	O
পৰিচিত	O
আছিল	O
।	O

যি	O
হ'ব	O
-	O
ইয়াত	O
এয়া	O
বিষ্ণুমন্দিৰ	O
আছে	O
-	O
ধোপৰগুৰি	B-LOC
বৈষ্ণৱ	I-LOC
সত্ৰ	I-LOC
আছে	O
,	O
কেদাৰটো	B-LOC
শিৱমন্দিৰ	O
,	O
-	O
সিও	O
হেনো	O
অৰ্ধনাৰীশ্বৰ	O
,	O
এটা	O
গণেশৰ	B-PER
মন্দিৰ	O
আছে	O
,	O
কামেশ্বৰ	B-LOC
দেৱালয়ো	I-LOC
মন্দিৰ	O
-	O
কিন্তু	O
আগতে	O
হেনো	O
কামদেৱৰ	B-PER
মন্দিৰটো	O
শক্তিমান	O
-	O
হিন্দুৰ	B-MISC
আটাইবোৰ	O
বিশ্বাসেই	O
ইয়াতে	O
থুপ	O
খাই	O
আছে	O
।	O

সেৱক	O
ভকতসকলে	O
এই	O
তিনি	O
গুৰু	O
আসনত	O
শংকৰদেৱ	B-PER
,	O
মাধবদেৱ	B-PER
আৰু	O
পদ্ম	B-PER
আতা	I-PER
বা	O
বদুলা	B-PER
আতাৰ	I-PER
বুলি	O
মান্যতা	O
দি	O
আহিছে	O
।	O

বৰ্তমান	O
অৱশ্যে	O
এই	O
কুণ্ড	O
ব্ৰহ্মপুত্ৰৰ	B-LOC
বুকুত	O
লীন	O
গ'ল	O
।	O

ইয়াৰ	O
উপৰি	O
আউনীআটী	B-LOC
সত্ৰত	I-LOC
ভালেমান	O
প্ৰাচীন	O
অসমীয়া	O
গহনা	O
-	O
গাঁঠৰি	O
,	O
হস্তশিল্প	O
আৰু	O
পুথি	O
-	O
পাঁজি	O
সংৰক্ষিত	O
হৈ	O
আছে	O
,	O
যিবোৰ	O
অৱশ্যেই	O
দৰ্শনীয়	O
।	O

জিয়োগ্ৰাফিকেল	O
টুৰৰ	O
ক্তিষ্টিয়ান	B-PER
নামৰ	O
লৰাজনে	O
ঠিক	O
সময়ত	O
আমাক	O
কুচকো	B-LOC
বন্দৰত	O
নমাই	O
দিলে	O
।	O

১৬৭১	B-DATE
শকত	I-DATE
শৰাইঘাটত	B-LOC
আহোম	B-MISC
আৰু	O
মোগলৰ	B-MISC
মাজত	O
হোৱা	O
যুদ্ধৰ	O
সোঁৱৰণি	O
হিচাপে	O
অসম	B-ORG
চৰকাৰে	I-ORG
পাৰ্কখন	O
নিৰ্মাণ	O
কৰিছে	O
।	O

ৰাইমনা	B-LOC
সোণালী	O
বান্দৰৰ	O
বাবে	O
বিখ্যাত	O
।	O

বিদেশৰ	O
মাটিত	O
তেওঁলোকৰ	O
চৰিত্ৰ	O
বেলেগ	O
আৰু	O
ভাৰতৰ	B-LOC
মাটিত	O
তেওঁলোক	O
লেতেৰা	O
ভাৰতীয়	B-MISC
।	O

পৰ্যটকসকলে	O
ইয়ালৈ	O
আহিবলৈ	O
৪০	O
কি:মি:	O
আঁতৰৰ	O
মাৰগোৱাৰ	B-LOC
পৰা	O
টেক্সি	O
আৰু	O
অটো	O
ৰিক্সাৰো	O
সহায়	O
ল'ব	O
পাৰে	O
।	O

সংলগ্ন	O
অইন	O
চাৰিটা	O
মন্দিৰটো	O
গনেশ	B-PER
দেৱতা	I-PER
,	O
হনুমান	B-PER
,	O
বিশ্বকৰ্মা	B-PER
আৰু	O
শনি	B-PER
দেৱতাৰ	O
মূৰ্তি	O
স্থাপন	O
কৰা	O
হৈছে	O
।	O

ব্ৰহ্মপুত্ৰৰ	B-LOC
গৰাখহনীয়াই	O
উটুৱাই	O
নি	O
জমা	O
কৰা	O
পলসুৱা	O
মাটিৰে	O
এনে	O
ক্ষেত্ৰ	O
গঠিত	O
হয়	O
।	O

১৬৮৫	B-DATE
চনত	I-DATE
স্বৰ্গদেউ	O
গদাধৰ	B-PER
সিংহই	I-PER
বিশ্বনাথ	B-LOC
মন্দিৰ	I-LOC
নিৰ্মাণ	O
কৰিছিল	O
বুঢ়ীগাং	B-LOC
নদীৰ	I-LOC
পাৰত	O
।	O

হায়দৰাবাদ	B-LOC
বিখ্যাত	O
ইয়াৰ	O
খাৰু	O
-	O
মণিৰ	O
বজাৰৰ	O
বাবেও	O
।	O

অৰুণাচলত	B-LOC
মই	O
কোনো	O
প্ৰভাৱশালী	O
ব্যক্তি	O
নাছিলো	O
।	O

দেওপাহাৰ	B-LOC
বা	O
দেওপৰ্বত	B-LOC
নামৰ	O
অৰ্থ	O
হৈছে	O
ঈশ্বৰৰ	O
পাহাৰ	O
।	O

আগতে	O
আমেৰিকাৰ	B-LOC
ইণ্টালিজেণ্ট	O
বিভাগত	O
কাম	O
কৰোতেই	O
স্পেনীচ	B-MISC
শিকিছিল	O
।	O

তেতিয়াৰ	O
পৰাই	O
এই	O
নামঘৰটোৰ	O
লগতে	O
অঞ্চলটোৰ	O
নাম	O
ঢেকীয়াখোৱা	B-LOC
হয়	O
।	O

এই	O
দ'লত	O
শিৱৰাত্ৰিৰ	B-MISC
অষ্টপ্ৰহৰ	B-MISC
শিৱপূজা	I-MISC
হয়	O
।	O

এই	O
প্ৰকল্পৰ	O
মূল	O
বান্ধটো	O
কপিলী	B-LOC
নদীত	I-LOC
বন্ধা	O
হৈছে	O
।	O

ভূটান	B-LOC
সীমান্তৰ	O
হিমালয়ৰ	B-LOC
পাদদেশৰ	O
ৰজাগড়	B-LOC
অঞ্চলত	O
বৰনদী	B-LOC
অভয়াৰণ্য	I-LOC
অৱস্থিত	O
।	O

এই	O
অভয়াৰণ্যখন	O
সোণালী	O
বান্দৰৰ	O
বাবে	O
প্ৰখ্যাত	O
ই	O
ভাৰতৰ	B-LOC
সোণালী	O
বান্দৰৰ	O
দ্বিতীয়	O
সংৰক্ষিত	O
বাসস্থান	O
।	O

প্ৰায়	O
১৯০০	B-DATE
চনলৈকে	I-DATE
ই	O
স্থানীয়	O
জনজাতীয়	O
লোকেৰে	O
অধ্যুষিত	O
আছিল	O
।	O

১৭৪৯	B-DATE
খ্ৰীষ্টাব্দত	I-DATE
এই	O
মন্দিৰৰ	O
নিৰ্মাণ	O
কাৰ্য	O
সম্পূৰ্ণ	O
হয়	O
।	O

এইটো	O
কোৱাৰ	O
প্ৰয়োজনেই	O
নাই	O
যে	O
ভেংকটেশ্বৰ	B-LOC
মন্দিৰটো	I-LOC
তিৰুপতি	B-LOC
বালাজী	I-LOC
মন্দিৰৰ	I-LOC
নিচিনা	O
প্ৰায়	O
একেই	O
।	O

বিশ্বনাথ	B-LOC
চাৰিআলিৰ	I-LOC
ওচৰত	O
নাগশংকৰ	B-LOC
মন্দিৰটো	I-LOC
অৱস্থিত	O
।	O

দোকানীটোক	O
ক'লো	O
,	O
পেৰুৰ	B-LOC
বিখ্যাত	O
লিখক	O
এজনৰ	O
কিতাপ	O
এখন	O
দিয়ক	O
।	O

৯/১১	O
ঘটনাৰ	O
পাছত	O
মাৰ্কিন	B-LOC
যুক্তৰাষ্ট্ৰৰ	I-LOC
ৰাষ্ট্ৰপতি	O
জৰ্জ	B-PER
ৱাকাৰ	I-PER
বুশ্বে	I-PER
আমেৰিকাৰ	B-LOC
নাগৰিকক	O
ছিৰিয়া	B-LOC
ভ্ৰমণ	O
নকৰিবলৈ	O
সতৰ্ক	O
কৰি	O
দিছিল	O
।	O

বিশ্বাসমতে	O
ইয়াতেই	O
বৰাহ	B-PER
মিহিৰে	I-PER
জ্যোতিষ	O
চৰ্চা	O
কৰিছিল	O
।	O

হলেশ্বৰ	B-LOC
দেৱালয়	I-LOC
শোণিতপুৰ	B-LOC
জিলাত	O
অৱস্থিত	O
অসমৰ	B-LOC
অন্যতম	O
এক	O
শিৱ	B-PER
উপাসনাৰ	O
থলী	O
।	O

তাৰ	O
পাছত	O
প্ৰমত্ত	B-PER
সিংহই	I-PER
ইয়াক	O
ইটাৰে	O
নিৰ্মাণ	O
কৰে	O
।	O

শোভনাই	B-PER
লাজ	O
কৰি	O
ক'লে	O
,	O
মই	O
ভালকৈ	O
কব	O
নোৱাৰিম	O
পলুদা	B-PER
।	O

কালিকা	O
পুৰাণত	O
উল্লিখিত	O
মতে	O
দিক্কৰবাসিনী	B-LOC
নামৰ	O
এখন	O
শক্তিপীঠ	O
আছিল	O
।	O

ইয়াত	O
সৰ্বনিম্ন	O
তাপমাত্ৰা	O
১৯৮০	B-DATE
চনৰ	I-DATE
৭	B-DATE
জানুৱাৰীত	I-DATE
২.৪	O
ডিগ্ৰীলৈ	O
নমা	O
বুলি	O
জানিব	O
পৰা	O
যায়	O
।	O

ডিব্ৰুগড়ৰ	B-LOC
কেন্দ্ৰটো	O
তেওঁৰ	O
যত্নতে	O
প্ৰচাৰ	O
আৰু	O
প্ৰসাৰ	O
লাভ	O
কৰিছে	O
।	O

বিশ্ববিজয়ী	O
আৰু	O
ভাৰতবৰ্ষৰ	B-LOC
লগত	O
প্ৰথমেই	O
পাশ্চাত্যৰ	O
সম্বন্ধ	O
স্থাপন	O
কৰোঁতা	O
আলেকজাণ্ডাৰৰ	B-PER
লগত	O
সম্পৰ্ক	O
থকা	O
যিকোনো	O
ঠাই	O
চাবলৈ	O
সদায়	O
উদগ্ৰীব	O
হৈ	O
থাকোঁ	O
।	O

হঠাৎ	O
দত্তই	B-PER
সুধিলে	O
,	O
চুভী	B-PER
,	O
মন্ত্ৰবোৰ	O
মনত	O
ৰ'লনে	O
?	O
প্ৰথমে	O
আমি	O
গুৱাহাটীৰ	B-LOC
একেৱাৰে	O
দক্ষিণত	O
অৱস্থিত	O
বশিষ্ঠ	B-LOC
মন্দিৰলৈ	I-LOC
গৈছিলো	O
।	O

ক'লৰ	B-PER
মৃত্যুৰ	O
পাছত	O
পিছৰজন	O
উপায়ুক্ত	O
এফ	B-PER
ডব্লিউ	I-PER
ষ্টঙে	I-PER
ক'লৰ	B-PER
স্মৃতিত	O
এই	O
উদ্যান	O
সম্পূৰ্ণ	O
কৰি	O
তোলে	O
।	O

কালক্ৰমত	O
পুৱতি	B-LOC
তৰাৰ	I-LOC
পৰাই	O
পবিতৰা	B-LOC
হোৱা	O
বুলি	O
শুনা	O
যায়	O
।	O

ভেঁৰজান	B-LOC
-	I-LOC
বৰাজান	I-LOC
-	I-LOC
পদুমনি	I-LOC
অভয়াৰণ্য	I-LOC
অসমৰ	B-LOC
তিনিচুকীয়া	B-LOC
জিলাত	O
অৱস্থিত	O
এখন	O
বন্যপ্ৰাণী	O
অভয়াৰণ্য	O
।	O

মূল	B-LOC
কমলাবাৰী	I-LOC
সত্ৰৰ	I-LOC
বৰ্তমান	O
সত্ৰাধিকাৰ	O
হ'ল	O
শ্ৰীশ্ৰী	O
ভৱকান্ত	B-PER
দেৱগোস্বামী	I-PER
,	O
উত্তৰ	B-LOC
কমলাবাৰী	I-LOC
সত্ৰৰ	O
বৰ্তমান	O
সত্ৰাধিকাৰ	O
হ'ল	O
শ্ৰীশ্ৰী	O
জনাৰ্দন	B-PER
দেৱগোস্বামী	I-PER
আৰু	O
নতুন	B-LOC
কমলাবাৰী	I-LOC
সত্ৰৰ	I-LOC
বৰ্তমান	O
সত্ৰাধিকাৰ	O
হ'ল	O
শ্ৰীশ্ৰী	O
সত্যজিৎ	B-PER
মহন্ত	I-PER
।	O

পিছলৈ	O
হাতীমূৰা	B-LOC
পাহাৰত	I-LOC
অৱস্থিত	O
হোৱাৰ	O
বাবে	O
ইয়াত	O
থকা	O
দুৰ্গা	O
মন্দিৰটোৰ	O
নামো	O
হাতীমূৰা	B-LOC
মন্দিৰ	I-LOC
হয়	O
।	O

ডিমঙৰ	B-PER
ট্ৰলী	O
বেগটোৰ	O
ষ্টীলৰ	O
খুটি	O
দুটা	O
লৰক	O
ফৰক	O
হৈছিল	O
।	O

মানহৰ	B-LOC
উপৰিও	O
অন্য	O
পাঁচখন	O
উপনৈ	O
মানস	B-LOC
ৰাষ্ট্ৰীয়	I-LOC
উদ্যানৰ	I-LOC
মাজেৰে	O
বৈ	O
গৈছে	O
।	O

মূল	O
শিৱদ'লৰ	O
চৌপাশৰ	O
অংগদ'ল	O
চাৰিটা	O
বিষ্ণু	B-PER
,	O
সূৰ্য	B-PER
,	O
গণেশ	B-PER
আৰু	O
দেৱী	O
দুৰ্গাৰ	B-PER
নামত	O
উৎসৰ্গিত	O
।	O

নামবৰ	B-LOC
বন্যপ্ৰাণী	I-LOC
অভয়াৰণ্য	I-LOC
গছ	O
-	O
গছনিৰ	O
বাবেও	O
বিখ্যাত	O
।	O

ভাবিলো	O
কলিকতালৈ	B-LOC
যাওঁ	O
।	O

ব্ৰহ্মায়ে	B-PER
তেতিয়া	O
এই	O
অভিযোগ	O
বিষ্ণুলৈ	B-PER
আৰু	O
শেষত	O
বিষ্ণুয়ে	B-PER
শিৱক	B-PER
জনায়	O
।	O

১৮৯৭	B-DATE
চনত	I-DATE
বৰ	O
ভূঁইকঁপত	O
এই	O
মন্দিৰটোৰ	O
বিস্তৰ	O
ক্ষতি	O
হয়	O
আৰু	O
পাছত	O
ধৰ্মপ্ৰাণ	O
ৰাইজৰ	O
সহযোগত	O
পুনৰ	O
মেৰামতি	O
কৰি	O
নতুন	O
কৰা	O
হয়	O
।	O

এই	O
অঞ্চলটোৰ	O
চহকী	O
জৈৱবৈচিত্ৰ্যৰ	O
উপৰি	O
ঐতিহাসিকভাৱে	O
তাৎপৰ্য্যপূৰ্ণ	O
স্থান	O
যেনে	O
দ্বিতীয়	O
বিশ্বযুদ্ধৰ	O
সমাধিস্থলসমূহ	O
,	O
ষ্টিলৱেল	B-LOC
পথ	I-LOC
আৰু	O
এছিয়াৰ	O
আটাইতকৈ	O
পুৰণি	O
ডিগবৈ	B-LOC
তৈলশোধনাগাৰ	I-LOC
আদিৰ	O
অৱস্থিতিও	O
গুৰুত্বপূৰ্ণ	O
।	O

জৰ্জ	B-PER
ৱাছিংটন	I-PER
আমেৰিকাৰ	B-LOC
ৰাষ্ট্ৰপতি	O
পদত	O
দ্বিতীয়	O
বাৰৰ	O
বাবে	O
আছিল	O
।	O

এই	O
মন্দিৰ	O
ভগৱান	O
শিৱৰ	B-PER
প্ৰতি	O
উছৰ্গিত	O
বুলি	O
গণ্য	O
কৰা	O
হয়	O
।	O

ইয়াৰ	O
পৰাই	O
এসময়ত	O
ৰাজ	O
-	O
পৰিয়াল	O
আৰু	O
বিশিষ্ট	O
ৰাজবিষয়াসকলে	O
বিশেষকৈ	O
ৰঙালী	B-MISC
বিহুৰ	I-MISC
সময়ত	O
অনুষ্ঠিত	O
হোৱা	O
ম'হ	O
যুঁজ	O
,	O
শেন	O
যুঁজকে	O
প্ৰমুখ্য	O
কৰি	O
অন্যান্য	O
বিনোদনমূলক	O
কাৰ্যসূচী	O
উপভোগ	O
কৰিছিল	O
।	O

২০০২	B-DATE
চনত	I-DATE
মৈদাম	O
নং	O
২ত	O
কৰা	O
খনন	O
কাৰ্যত	O
পুৰাতত্ব	B-ORG
বিভাগে	I-ORG
যথেষ্ট	O
কলা	O
কৌশলী	O
যুক্ত	O
সামগ্ৰী	O
লাভ	O
কৰে	O
যাৰ	O
ভিতৰত	O
আটাইতকৈ	O
মূল্যবান	O
আছিল	O
হাতীৰ	O
দাঁত	O
আৰু	O
কাঠেৰে	O
নিৰ্মিত	O
ফুং	O
।	O

এছিয়া	B-LOC
মহাদেশৰ	O
পশ্চিমাংশত	O
লাগি	O
থকা	O
এটুকুৰা	O
ভুখণ্ডই	O
হ'ল	O
ইউৰোপ	B-LOC
।	O

কমাৰকুছি	B-LOC
থান	I-LOC
বৰপেটা	B-LOC
সত্ৰৰ	I-LOC
পৰা	O
মাত্ৰ	O
দুই	O
কিলোমিটাৰ	O
নিলগত	O
কমাৰকুছি	B-LOC
নামে	O
ঠাইত	O
অৱস্থিত	O
।	O

আধুনিক	O
ভাৰতৰ	B-LOC
সপ্তম	O
বিশ্ববিদ্যালয়	O
ওছমানিয়াৰ	O
মাটিকালি	O
বৰ্তমানে	O
১৬০০	O
একৰ	O
।	O

এয়া	O
ভাৰতৰ	B-LOC
ৰাষ্ট্ৰীয়	O
উদ্যানৰ	O
ভিতৰত	O
হাতী	O
পুনৰ্বাসৰ	O
প্ৰথম	O
প্ৰচেষ্টা	O
।	O

ভাৰতৰ	B-LOC
বিভিন্ন	O
ঠাইৰ	O
লগতে	O
অসমৰ	B-LOC
বিভিন্ন	O
ঠাইলৈ	O
এই	O
জংচনটোৰ	O
পৰা	O
অহা	O
-	O
যোৱা	O
কৰিব	O
পাৰি	O
।	O

মোৰ	O
স্বামী	O
অৰবিন্দৰ	B-PER
এজন	O
সহকৰ্মীয়ে	O
এনে	O
পূজাৰ	O
আয়োজন	O
কৰা	O
বাবে	O
মই	O
তাত	O
উপস্থিত	O
থকাৰ	O
সোযোগ	O
পাইছিলোঁ	O
।	O

শোভনায়ো	B-PER
হাঁহিলে	O
।	O

এই	O
ঠাইখন	O
এটা	O
পাৰ্বত্য	O
অঞ্চল	O
য'ত	O
ভালেমান	O
শিলত	O
খোদিত	O
শিৱলিংগ	O
,	O
আৰু	O
হিন্দু	B-MISC
,	O
বৌদ্ধ	B-MISC
তথা	O
জৈন	B-MISC
সকলৰ	O
দেৱদেৱীসকল	O
প্ৰায়	O
এক	O
কিলোমিটাৰ	O
অঞ্চল	O
জুৰি	O
বিয়পাই	O
আছে	O
।	O

দৌলৰ	O
দেৱালত	O
ভগৱান	O
শিৱৰ	B-PER
বিভিন্ন	O
দিশক	O
প্ৰতিনিধিত্ব	O
কৰা	O
মূৰ্তিৰ	O
ভাস্কৰ্য	O
আছে	O
।	O

চহৰৰ	O
সোঁমাজত	O
অৱস্থিত	O
ৰঘুনাথ	B-LOC
মন্দিৰটো	I-LOC
জম্মুৰ	B-LOC
ধৰণীস্বৰূপে	O
।	O

প্ৰায়	O
তিনিঘন্টা	O
মান	O
মুৰত	O
আমি	O
নিউয়ৰ্ক	B-FAC
ষ্টেচন	I-FAC
পালো	O
।	O

পেৰুৰ	B-LOC
স্বাস্থ্যকেন্দ্ৰবোৰত	O
চাকৰি	O
পাবলৈ	O
আৰু	O
প্ৰাইভেট	O
প্ৰেকটিচ	O
কৰাৰ	O
বাবে	O
অনুমতি	O
পাবলৈ	O
এবছৰ	O
চৰকাৰী	O
চাকৰি	O
বাধ্যতামূলক	O
।	O

সেয়ে	O
ভিমাসুৰে	B-PER
প্ৰিয়ধৰ্মনক	B-PER
নিধন	O
কৰিব	O
বিচাৰিছিল	O
।	O

পিছলৈ	O
ভিমাসুৰে	B-PER
ভগৱান	O
ব্ৰহ্মাক	B-PER
তপস্যা	O
কৰে	O
আৰু	O
তেওঁৰপৰা	O
বৰদান	O
লাভ	O
কৰে	O
।	O

কাকতীয়সকলৰ	B-MISC
শাসন	O
কেন্দ্ৰ	O
আছিল	O
ৱাৰেংগল	B-LOC
।	O

২০০৯	B-DATE
চনৰ	I-DATE
১৩	B-DATE
অক্টোবৰত	I-DATE
মুখ্যমন্ত্ৰী	O
তৰুণ	B-PER
গগৈয়ে	I-PER
ৰাজমাও	B-LOC
পুখুৰীৰ	I-LOC
পাৰত	O
যোৰহাট	B-ORG
বিজ্ঞানকেন্দ্ৰ	I-ORG
আৰু	I-ORG
তাৰকাগৃহৰ	I-ORG
আধাৰশিলা	O
স্থাপন	O
কৰিছিল	O
।	O

নিউয়ৰ্কৰ	B-LOC
কথা	O
,	O
কেলিফৰ্নিযাৰ	B-LOC
কথা	O
,	O
আমেৰিকাত	B-LOC
অলপতে	O
হব	O
লগা	O
সাধাৰণ	O
নিৰ্বাচনটোৰ	O
কথা	O
।	O

উল্লেখযোগ্য	O
যে	O
শিৱমন্দিৰত	O
থাকিবলগীয়া	O
মৈথুনচিত্ৰ	O
এই	O
মদন	B-LOC
-	I-LOC
কামদেৱ	I-LOC
দেৱালয়ত	I-LOC
মাজে	O
মাজে	O
দেখিবলৈ	O
পোৱা	O
যায়	O
।	O

অসমৰ	B-LOC
বিভিন্ন	O
প্ৰান্তৰ	O
লগতে	O
অনান্য	O
ৰাজ্যৰ	O
লোকসকলেও	O
আনন্দ	O
উপভোগ	O
কৰাৰ	O
বাবে	O
এই	O
উদ্যানলৈ	O
আহে	O
।	O

উত্তৰে	O
যমুনা	B-LOC
নৈৰপৰা	I-LOC
দক্ষিণে	O
লুছাই	B-LOC
পৰ্বতমালা	I-LOC
আৰু	O
পুবে	O
নগা	B-LOC
পাহাৰৰপৰা	I-LOC
পশ্চিমে	O
কপিলী	B-LOC
নৈলৈ	I-LOC
ইয়াৰ	O
বিস্তৃতি	O
আছিল	O
।	O

শ্ৰীক্ষেত্ৰ	B-LOC
ধাম	I-LOC
,	O
মহাপ্ৰভু	O
জগন্নাথ	B-LOC
মন্দিৰ	I-LOC
অসমৰ	B-LOC
ডিব্ৰুগড়	B-LOC
জিলাৰ	O
ডিব্ৰুগড়	B-LOC
চহৰত	O
অৱস্থিত	O
ভগৱান	O
জগন্নাথৰ	B-PER
প্ৰতি	O
সমৰ্পিত	O
মন্দিৰ	O
।	O

ঢকুৱাখনা	B-LOC
চাৰিআলিৰপৰা	I-LOC
টেকেলিফুটা	B-LOC
ঘাটলৈ	I-LOC
২০	O
-	O
২৫	O
মিনিটৰ	O
বাট	O
।	O

অৰুণাচলত	B-LOC
এতিয়াও	O
কোনো	O
বিশিষ্ট	O
অতিথি	O
আহিলে	O
সথানীয়	O
ৰাইজে	O
জয়হিন্দ	O
কৈ	O
সম্ভাষণ	O
জনায়	O
।	O

এই	O
জন্মু	B-LOC
নগৰখন	O
সজোৱাক	O
লৈ	O
এটা	O
সুন্দৰ	O
কাহিনী	O
আছে	O
।	O

শোণিতপুৰ	B-LOC
জিলাৰ	O
তেজপুৰৰ	B-LOC
ব্ৰহ্মপুত্ৰ	B-LOC
নদীৰ	I-LOC
সমীপৰ	O
ভৈৰৱ	B-LOC
মন্দিৰটোত	I-LOC
উষাই	B-PER
পূজা	O
অৰ্চনা	O
কৰিছিল	O
বুলি	O
কোৱা	O
হয়	O
।	O

মেচুকা	B-LOC
পোৱাৰ	O
কেইকিলোমিটাৰ	O
আগৰে	O
পৰা	O
আমাক	O
এখন	O
নদীয়ে	O
সোঁহাতে	O
সংগ	O
দিলে	O
।	O

গুলবাৰ্গ	B-LOC
আৰু	O
বিদৰত	B-LOC
ৰাজধানী	O
পতা	O
বাহমনিসকলৰ	B-MISC
দিনত	O
গোলকোণ্ডা	B-LOC
আছিল	O
আঞ্চলিক	O
শাসনকেন্দ্ৰ	O
আৰু	O
ইয়াৰে	O
চুবেদাৰ	O
কুলি	B-PER
কুটুব	I-PER
শ্বাহে	I-PER
১৫১৮	B-DATE
চনত	I-DATE
স্বাধীনতা	O
ঘোষণা	O
কৰি	O
কুটুব	B-MISC
শ্বাহী	I-MISC
বংশৰ	I-MISC
আৰম্ভণি	O
কৰে	O
।	O

১৭৯৮	B-DATE
চনত	I-DATE
জয়সাগৰৰ	B-LOC
পাৰত	O
পঞ্চদেৱতাৰ	O
পাচোঁটা	O
মন্দিৰ	O
নিৰ্মাণ	O
কৰে	O
।	O

খ্ৰীষ্টীয়	O
সপ্তদশ	O
শতিকাত	O
কালদিয়া	B-LOC
নদীৰ	O
এটি	O
সুঁতি	O
গোবিন্দপুৰ	B-LOC
,	O
বামুণকুছি	B-LOC
,	O
ডুবি	B-LOC
আদি	O
গাঁৱৰ	O
মাজেৰে	O
গৈ	O
পুনৰ	O
উপৰনৈত	O
কালদিয়া	B-LOC
নদীৰ	O
লগত	O
মিলিছিলগৈ	O
।	O

বেকলৈ	O
যোৱা	O
মোৰ	O
বন্ধু	O
,	O
ডা	O
ৰিকেন	B-PER
ৰীমা	B-PER
আৰু	O
ডা:	O
শ্ৰীমতী	O
আয়িং	B-PER
টায়ঙে	I-PER
মোক	O
এই	O
বিষয়	O
কৈছিল	O
।	O

১৮৫৮	B-DATE
চনত	I-DATE
দামোদৰ	B-PER
ঠাকুৰৰ	I-PER
মৃত্যুৰ	O
পাচত	O
তেওঁৰ	O
পুত্ৰ	O
ৰমাকান্তৰ	B-PER
দিনত	O
বাসুদেৱ	B-LOC
থান	I-LOC
নৰোৱা	B-LOC
সত্ৰ	I-LOC
নামেৰে	O
জনাজাত	O
হয়	O
।	O

এটা	O
পথ	O
উত্তৰ	B-LOC
গুৱাহাটীক	I-LOC
আৰু	O
আনটোৱে	O
গুৱাহাটী	B-ORG
বিশ্ববিদ্যালয়	I-ORG
হৈ	O
লোকপ্ৰিয়	B-FAC
গোপীনাথ	I-FAC
বৰদলৈ	I-FAC
আন্তঃৰাষ্ট্ৰীয়	I-FAC
বিমান	I-FAC
বন্দৰক	I-FAC
সংযোগ	O
কৰিছে	O
।	O

বুঢ়ীগোসানী	B-LOC
দেৱালয়	I-LOC
যোৰহাট	B-LOC
নগৰৰ	O
মাজমজিয়াত	O
গড়	B-LOC
আলিৰ	I-LOC
পূবে	O
অৱস্থিত	O
এক	O
শাক্ত	O
মন্দিৰ	O
।	O

১৯৮৫	B-DATE
চনত	I-DATE
কাজিৰঙাক	B-LOC
ইউনেস্কোৰ	B-ORG
বিশ্ব	O
ঐতিহ্যক্ষেত্ৰ	O
হিচাপে	O
অন্তৰ্ভুক্ত	O
কৰা	O
হয়	O
।	O

ইয়াক	O
উত্তৰ	B-LOC
-	I-LOC
পূব	I-LOC
ভাৰতৰ	I-LOC
প্ৰৱেশদ্বাৰ	O
বুলিও	O
কোৱা	O
হয়	O
।	O

আহোম	B-MISC
স্বৰ্গদেউ	O
গদাধৰ	B-PER
সিংহৰ	I-PER
সোণৰ	O
ৰাজকীয়	O
বস্ত্ৰ	O
,	O
সোণৰ	O
ছাতি	O
এই	O
সত্ৰত	O
সংৰক্ষিত	O
হৈ	O
আছে	O
।	O

গোটেই	O
ভাৰততে	B-LOC
ব্যাপ্ত	O
হৈ	O
থকা	O
মুঠ	O
৫১খন	O
দেৱীপীঠৰ	O
মাজৰ	O
অন্যতম	O
গুৰুত্বপূৰ্ণ	O
পীঠ	O
এই	O
কামাখ্যা	B-LOC
মন্দিৰ	I-LOC
।	O

বৃটিছৰ	B-MISC
আক্ৰমণত	O
এবাৰ	O
পুৰি	O
যোৱাত	O
১৮২০	B-DATE
চনত	I-DATE
আকৌ	O
ইয়াক	O
পূৰ্ণনিৰ্মাণ	O
কৰা	O
হয়	O
।	O

দক্ষৰ	B-PER
জীয়ৰী	O
সতীয়ে	B-PER
পিতৃৰ	O
অমতত	O
মহাদেৱৰ	B-PER
সৈতে	O
বিবাহ	O
হৈছিল	O
।	O

শিৱৰ	B-PER
শৰীৰৰ	O
ঘামেৰে	O
এটি	O
নদীৰ	O
সৃষ্টি	O
হয়	O
আৰু	O
ভক্তসকলে	O
বৰ্তমান	O
এই	O
ধামত	O
বৈ	O
থকা	O
নিজৰাটোক	O
সেই	O
একেটা	O
নদী	O
বুলি	O
বিশ্বাস	O
কৰে	O
।	O

১৯৫২	B-DATE
চনৰ	I-DATE
পৰা	O
এই	O
জিলাক	O
ভাৰতীয়	O
সংবিধানৰ	O
ষষ্ঠ	O
অনুচ্ছেদৰ	O
অন্তৰ্গত	O
জিলা	O
হিচাপে	O
গঢ়	O
দিয়া	O
হয়	O
,	O
আৰু	O
জিলাৰ	O
শাসন	O
ভাৰ	O
জিলা	O
পৰিষদৰ	O
হাতত	O
অৰ্পণ	O
কৰা	O
হয়	O
।	O

গোৱালপাৰা	B-LOC
চহৰৰ	O
ওচৰত	O
টুক্ৰেশ্বৰী	B-LOC
পাহাৰত	I-LOC
টুক্ৰেশ্বৰী	B-LOC
মন্দিৰটো	I-LOC
অৱস্থিত	O
।	O

আহোম	B-MISC
ৰজা	O
ৰাজেশ্বৰ	B-PER
সিংহৰ	I-PER
দিনতেই	O
তলাতল	B-LOC
ঘৰতো	I-LOC
নিৰ্মাণ	O
কৰা	O
হৈছিল	O
।	O

তিৰুচানুৰ	B-LOC
মন্দিৰত	I-LOC
প্ৰধানকৈ	O
লক্ষ্মীদেৱীৰ	B-PER
পূজা	O
কৰা	O
হয়	O
।	O

কাজিৰঙাৰ	B-LOC
আশ	O
-	O
পাশে	O
চলি	O
থকা	O
বেদখলে	O
উদ্যানখনৰ	O
সীমা	O
চেপি	O
আনি	O
পশুৰ	O
বাবে	O
স্থান	O
সীমিত	O
কৰিছে	O
।	O

লিলেণ্ড	B-ORG
লিখা	O
বাছো	O
চকুত	O
পৰিছিল	O
।	O

পিছত	O
আহোম	B-MISC
স্বৰ্গদেউ	O
শিৱসিংহ‍ই	B-PER
১৭৩০	B-DATE
খ্ৰীষ্টাব্দত	I-DATE
মন্দিৰৰ	O
এই	O
মন্দিৰ	O
নিৰ্মান	O
কৰে	O
।	O

তথ্য	O
অনুসৰি	O
দীঘলীপুখুৰী	B-LOC
ব্ৰহ্মপুত্ৰৰ	B-LOC
মূল	O
নদীৰ	O
সৈতে	O
এটা	O
সুঁতিৰে	O
সংযুক্ত	O
হৈ	O
আছিল	O
।	O

তাই	O
যদি	O
মেচুকা	B-LOC
বা	O
তাৰ	O
কাষৰীযা	O
অঞ্চলৰ	O
বাসিন্দা	O
হয	O
;	O
তেনেহ'লে	O
মেচুকা	B-LOC
সম্পৰ্কে	O
কিছু	O
তথ্য	O
তাইৰ	O
পৰা	O
পাম	O
।	O

অসম	B-ORG
চৰকাৰৰ	I-ORG
দ্বাৰা	O
বৰ্তমান	O
প্ৰসাদ	O
ঘৰ	O
,	O
ভোগ	O
ঘৰ	O
,	O
আদিৰ	O
নিৰ্মাণ	O
কৰোৱা	O
হয়	O
।	O

মৌচাকত	B-MISC
তোমাৰ	O
লেখা	O
পঢ়ি	O
ঠাইখন	O
পাই	O
যোৱাত	O
ভাবিলোঁ	O
তোমালোকৰ	O
ঘৰত	O
এইবাৰ	O
সোমাই	O
যাম	O
।	O

পিছলৈ	O
ৰেলকৃতপক্ষয়ে	O
স্থানীয়	O
লোকৰ	O
পৰা	O
গম	O
পালে	O
যে	O
সেই	O
ঠাই	O
কলি	B-PER
আইৰ	I-PER
বাসস্থান	O
হোৱাৰ	O
বাবে	O
ৰেল	O
চলাচলত	O
ব্যাঘাত	O
জন্মিছিল	O
।	O

আহোম	B-MISC
ৰাজ্য	O
গ'লত	O
ৰাইজে	O
দৈনিক	O
পূজাৰ	O
নৈবদ্য	O
আদি	O
আগবঢ়াইছিল	O
।	O

প্ৰায়	O
সাত	O
কিলোমিটাৰ	O
জুৰি	O
চৌহদৰ	O
বেৰ	O
দি	O
আৰম্ভ	O
কৰা	O
গোলকোণ্ডা	B-LOC
দুৰ্গৰ	O
বিকাশৰ	O
সময়	O
১৫১৮	B-DATE
চন	I-DATE
পৰ্যন্ত	O
।	O

এক'লেণ্ডত	B-LOC
থকা	O
কাৰ্টুন	O
চৰিত্ৰ	O
মিকি	B-PER
মাউচ	I-PER
আৰু	O
ডনাণ্ড	B-PER
ডাক	I-PER
আদিয়ে	O
শিশুসকলৰ	O
মন	O
আকৰ্ষণ	O
কৰে	O
।	O

গোৱালপাৰা	B-LOC
জিলাত	O
বহুতো	O
পাগলাবাবা	O
বুঢ়া	O
-	O
বুঢ়ীৰ	O
থান	O
আছে	O
।	O

দেওপাহাৰৰ	B-LOC
শিখৰত	O
অৱস্থিত	O
শিলৰ	O
মন্দিৰ	O
স্থাপত্যশৈলীৰ	O
পৰা	O
খ্ৰীষ্টীয়	O
সপ্তমৰ	O
পৰা	O
নৱম	O
শতিকাৰ	O
বুলি	O
অনুমান	O
কৰিব	O
পাৰি	O
।	O

আমি	O
চাইনি	B-LOC
গাঁওৰ	O
এঘৰ	O
মানুহৰ	O
ঘৰলৈ	O
গ'লো	O
।	O

ৰাজ্যখনত	O
বৃহৎ	O
উদ্যোগ	O
বৰ	O
বেছি	O
প্ৰতিষ্ঠা	O
হোৱা	O
নাছিল	O
এসময়ৰ	O
ভাৰতীয়	O
ৰাজনীতিৰ	O
কিংমেকাৰ	O
হৈ	O
পৰা	O
চন্দ্ৰবাবুৰ	B-PER
শাসনকালত	O
।	O

শোণিতপুৰ	B-LOC
জিলাৰ	O
২০০	O
বৰ্গ	O
কি:মি:	O
মাটিকালিৰে	O
নামেৰি	B-LOC
ৰাষ্ট্ৰীয়	I-LOC
উদ্যানত	I-LOC
বাঘ	O
,	O
হাতী	O
,	O
বিভিন্ন	O
প্ৰজাতিৰ	O
পখিলা	O
আদি	O
পোৱা	O
যায়	O
।	O

কেটালেনিয়াৰ	B-LOC
ৰাজধানী	O
নগৰ	O
বাৰ্চিলোনা	B-LOC
ভূমধ্য	B-LOC
সাগৰৰ	I-LOC
পাৰত	O
অৱস্থিত	O
এখন	O
বিতোপন	O
নগৰ	O
।	O

তাৰা	B-PER
দশ	O
মহাবিদ্যাৰ	O
দ্বিতীয়	O
গৰাকী	O
দেৱী	O
।	O

ডিমাছা	B-MISC
ভাষাত	O
ইয়াৰ	O
অৰ্থ	O
হৈছে	O
পৰুৱাৰ	O
পৰ্বত	O
।	O

গুৱাহাটীৰ	B-LOC
পৰা	O
একাধিক	O
সংবাদপত্ৰ	O
প্ৰকাশিত	O
হয়	O
।	O

অসমৰ	B-LOC
শোণিতপুৰ	B-LOC
জিলাৰ	O
তেজপুৰ	B-LOC
নগৰৰ	O
সাংস্কৃতিক	O
সাধনাৰ	O
অন্যতম	O
ঐতিহ্যমণ্ডিত	O
কেন্দ্ৰ	O
বাণ	B-ORG
ৰঙ্গমঞ্চ	I-ORG
।	O

যোৰহাটক	B-LOC
অসমৰ	B-LOC
সাংস্কৃতিক	O
প্ৰাণকেন্দ্ৰ	O
বুলি	O
কোৱা	O
হয়	O
।	O

সত্য	O
যুগত	O
পুষ্কৰ	O
,	O
ত্ৰেতাত	O
নৈমিষাৰণ্য	B-LOC
,	O
দ্বাপৰত	O
কুৰুক্ষেত্ৰ	B-LOC
আৰু	O
কলিত	O
অশ্বক্ৰান্ত	B-LOC
পৱিত্ৰ	O
তীৰ্থ	O
বুলি	O
জনবিশ্বাস	O
প্ৰচলিত	O
।	O

ইঙ্কাসকলে	B-MISC
ইয়াৰ	O
পৰা	O
ঊণ	O
উলিয়াইছিল	O
আৰু	O
বোজা	O
কঢ়িওৱা	O
কামত	O
ব্যৱহাৰ	O
কৰিছিল	O
।	O

কিতাপখনে	O
কাজিৰঙা	B-LOC
আৰু	O
হাতীৰ	O
মাউতৰ	O
বৃত্তিক	O
বিশ্বব্যাপী	O
প্ৰচাৰৰ	O
মাজলৈ	O
আনে	O
।	O

এই	O
দৌলত	O
উত্তৰ	B-LOC
ভাৰতৰ	I-LOC
নাগৰ	O
স্থাপত্যবোৰৰ	O
লক্ষণ	O
ফুটি	O
উঠা	O
দেখা	O
নাযায়	O
।	O

বাকী	O
পাঁচখন	O
ফলি	O
এতিয়াও	O
অসম	B-ORG
ৰাজ্যিক	I-ORG
সংগ্ৰহালয়ত	I-ORG
সংগৃহীত	O
হৈ	O
আছে	O
।	O

শিৱসাগৰ	B-LOC
পুখুৰীটোৰ	I-LOC
দক্ষিণ	O
পাৰে	O
তিনিটা	O
দ'ল	O
আছে	O
।	O

বিয়ন	O
ভেনিদো	O
স্বাগতম	O
কুচকোলৈ	B-LOC
।	O

তলাতল	B-LOC
ঘৰৰ	I-LOC
চাৰিওফালে	O
ইটাৰ	O
দেৱাল	O
আৰু	O
পানীৰে	O
আৱৰি	O
থকা	O
মাটিৰ	O
গড়	O
আছিল	O
।	O

মই	O
লিমাত	B-LOC
সপেনীচৰ	B-MISC
পৰা	O
ইংৰাজী	B-MISC
আৰু	O
ইংৰাজীৰ	B-MISC
পৰা	O
ভাষাৰ	O
এখন	O
অভিধান	O
কিনিছিলো	O
।	O

গুৱাহাটীৰ	B-LOC
ওচৰৰ	O
শৰাইঘাটত	B-LOC
হোৱা	O
১৬৭১	B-DATE
চনৰ	I-DATE
যুদ্ধত	O
লাচিত	B-PER
বৰফুকনৰ	I-PER
নেতৃত্বত	O
আহোম	B-MISC
সেনাই	O
মোগলক	B-MISC
পৰাস্ত	O
কৰিছিল	O
।	O

নামঘৰৰ	O
বেৰত	O
অংকিত	O
কৰা	O
হৈছে	O
শ্ৰী	B-PER
কৃষ্ণৰ	I-PER
শৈশৱ	O
কালৰ	O
লীলাৰ	O
খণ্ডচিত্ৰ	O
।	O

হোলোঙাপাৰ	B-LOC
গিবন	I-LOC
অভয়াৰণ্য	I-LOC
হৈছে	O
ভাৰতৰ	B-LOC
অসমত	B-LOC
অৱস্থিত	O
চিৰসেউজ	O
অৰণ্যৰ	O
এক	O
সংৰক্ষিত	O
অঞ্চল	O
।	O

জুলিক	B-PER
সুধি	O
গম	O
পালো	O
যে	O
মেচুকা	B-LOC
তেনেই	O
সৰু	O
চহৰ	O
।	O

পিছত	O
নাৰদ	B-PER
মুনিৰ	I-PER
উপদেশত	O
ৰাৱণে	B-PER
এই	O
বিবাহলৈ	O
সন্মতি	O
প্ৰদান	O
কৰে	O
।	O

পেৰুলৈ	B-LOC
অহাৰ	O
আগে	O
আগে	O
ষ্টেট	O
বেৰ	O
হিচাব	O
ৰক্ষক	O
নিৰঞ্জন	B-PER
বৰুৱাই	I-PER
কলে	O
,	O
শৰ্মা	B-PER
ছাৰ	O
আপোনাৰ	O
আন্তৰাষ্ট্ৰীয়	O
এ	O
টি	O
এম	O
কাৰ্ড	O
এখন	O
আছে	O
।	O

ৰংবিৰঙী	O
ঘৰটোত	O
বৌদ্ধধৰ্মৰ	B-MISC
প্ৰভাৱেৰে	O
সুন্দৰ	O
কাৰুকাৰ্য	O
লক্ষ্য	O
কৰিলো	O
।	O

তাম্ৰপত্ৰত	O
ভাস্কৰ	B-PER
বৰ্মণক	I-PER
সু	O
-	O
প্ৰতিষ্ঠিত	O
বৰ্মণৰ	O
ভ্ৰাতৃ	O
হয়	O
বুলিও	O
উল্লেখ	O
আছে	O
।	O

অসম	B-ORG
চৰকাৰে	I-ORG
এই	O
ভৱনটোৰ	O
পুনৰ	O
নিৰ্মাণ	O
কৰাৰ	O
দায়িত্ব	O
লৈছিল	O
।	O

২০০১	B-DATE
চনৰ	I-DATE
লোকপিয়লত	O
প্ৰাপ্ত	O
জনসংখ্যাতকৈ	O
১৩.৫৩%	O
বৃদ্ধি	O
পৰিলক্ষিত	O
হয়	O
।	O

জয়দৌলৰ	B-LOC
দক্ষিণৰ	O
পঁকী	O
ঘৰটো	O
ভোগ	O
ঘৰ	O
।	O

হাৰিয়ানাৰ	B-LOC
মানুহৰ	O
খোৱা	O
-	O
বোৱাৰ	O
উপৰি	O
তেওঁলোকৰ	O
পুৰণা	O
সংস্কৃতিৰ	O
সকল	O
বস্তু	O
আছে	O
।	O

নাগালেণ্ডৰ	B-LOC
টুৱেনছাঙৰপৰা	B-LOC
বৰাইল	B-LOC
পৰ্বতমালাৰ	I-LOC
আৰম্ভণি	O
বুলি	O
ধৰা	O
হয়	O
।	O

লোকবিশ্বাস	O
হিচাপে	O
এই	O
স্থানত	O
দেৱী	O
মহামায়ে	B-PER
দৈনিক	O
স্নান	O
কৰিছিল	O
।	O

১৬৬০	B-DATE
শক	I-DATE
বা	O
১৭৩৮	B-DATE
খীঃত	I-DATE
এই	O
তাম্ৰপত্ৰখন	O
শিৱসিংহ	B-PER
ৰজাৰ	O
হকে	O
মন্ত্ৰী	O
তৰুণ	B-PER
দুৱৰা	I-PER
বৰফুকনে	I-PER
কোনোবা	O
এজন	O
দলৈক	O
দিছিল	O
।	O

এই	O
স্থান	O
ভাৰতীয়	B-ORG
পুৰাতত্ত্ব	I-ORG
জৰীপ	I-ORG
বিভাগৰ	I-ORG
দ্বাৰা	O
সংৰক্ষিত	O
কৰা	O
হৈছে	O
।	O

১৮৪২	B-DATE
চনত	I-DATE
ব্ৰিটিছ	B-MISC
কমিছনাৰ	O
জেনকিন্সে	B-PER
লিখা	O
এখন	O
পত্ৰত	O
বিশ্বনাথত	B-LOC
২৭খন	O
দেৱালয়ৰ	O
কথা	O
উল্লেখ	O
কৰিছে	O
।	O

খাছী	B-MISC
-	O
চিণ্টেংসকলেই	B-MISC
বিশ্বনাথৰ	B-LOC
শিলৰ	O
গাঁতবোৰ	O
খান্দি	O
তেওঁলোকৰ	O
মৃতসকলৰ	O
পবিত্ৰ	O
অৱশেষ	O
এইবোৰত	O
সংৰক্ষণ	O
কৰিছিল	O
আৰু	O
যথানিয়মে	O
পূজা	O
কৰিছিল	O
।	O

স্থাপত্য	O
গাঁথনি	O
অনুসৰি	O
এই	O
মন্দিৰটো	O
পুৰীত	B-LOC
অৱস্থিত	O
ভাৰতৰ	B-LOC
মূল	O
জগনাথ	B-LOC
মন্দিৰ	O
দ্বিতীয়	O
স্বৰূপ	O
।	O

১৮৩২	B-DATE
চনৰ	I-DATE
আগলৈ	O
ডিমা	B-LOC
হাছাও	I-LOC
জিলা	O
ডিমাছা	B-LOC
কছাৰী	I-LOC
ৰাজ্যৰ	I-LOC
অংশ	O
আছিল	O
।	O

প্ৰথমটো	O
শিৱৰ	B-PER
একক	O
ৰূপ	O
আৰু	O
দ্বিতীয়টো	O
শিৱ	B-PER
-	O
পাৰ্ৱতীৰ	B-PER
যুগল	O
ৰূপ	O
।	O

এনেদৰেই	O
আৰম্ভ	O
হয়	O
নিজামৰ	O
বংশ	O
আৰু	O
সাতজন	O
শাসকে	O
এই	O
ৰাজ্য	O
,	O
এই	O
নগৰ	O
শাসন	O
কৰি	O
হায়দৰাবাদৰ	B-LOC
বিকাশ	O
সাধন	O
কৰে	O
।	O

টেট্ৰাডনকে	O
ধৰি	O
৪২	O
বিধ	O
ভিন্ন	O
প্ৰজাতিৰ	O
মাছৰ	O
বাসভূমি	O
কাজিৰঙা	B-LOC
ৰাষ্ট্ৰীয়	I-LOC
উদ্যান	I-LOC
।	O

সেই	O
সুবিধাটো	O
হ'ল	O
মোৰ	O
বৰপুত্ৰ	O
অনিন্দ্য	B-PER
ৰাজস্থানৰ	B-LOC
ষ্টেট	B-ORG
বংক	I-ORG
অৱ	I-ORG
বিকানীৰ	I-ORG
এণ্ড	I-ORG
জয়পুৰৰ	I-ORG
এজন	O
বিষয়া	O
হৈ	O
বেছিভাগ	O
সময়	O
ৰাজস্থানৰ	B-LOC
অ'ত	O
ত'ত	O
কৰ্মৰত	O
হৈ	O
থকাৰ	O
বাবে	O
।	O

মানসৰ	B-LOC
মুঠ	O
মাটিকালি	O
৫০০	O
বৰ্গ	O
কি.	O
মি.	O
আৰু	O
ই	O
সাগৰ	O
পৃষ্ঠৰ	O
পৰা	O
৬১	O
-	O
১১০	O
মিটাৰ	O
উচ্চতাত	O
অৱস্থিত	O
।	O

মন্দিৰটোৰ	O
নামেৰেই	O
ঠাইখনৰ	O
নামো	O
নিজ	B-LOC
হলেশ্বৰ	I-LOC
হৈছে	O
।	O

বৰ্তমান	O
ইয়াৰ	O
ওচৰতে	O
থকা	O
সাতদলা	B-LOC
বিলখনেই	I-LOC
প্ৰাচীন	O
সপ্তদল	O
বুলি	O
অনুমান	O
কৰা	O
হয়	O
।	O

১৮৩০	B-DATE
চনত	I-DATE
ডিমাছা	B-MISC
ৰজা	O
গোবিন্দ	B-PER
চন্দ্ৰক	I-PER
তেখেতৰ	O
সেনাপতি	O
গম্ভীৰ	B-PER
সিঙে	I-PER
হত্যা	O
কৰে	O
।	O

প্ৰতি	O
বছৰে	O
মহাশিৱৰাত্ৰী	B-MISC
ধুম	O
-	O
ধামৰে	O
অনুষ্ঠিত	O
হৈ	O
আহিছে	O
।	O

মৈদাম	O
টাই	B-MISC
আহোম	B-MISC
শব্দ	O
ফ্ৰাং	O
-	O
মৈ	O
-	O
দামৰ	O
পৰা	O
আহিছে	O
।	O

ইতিহাসৰ	O
এই	O
স্বৰ্ণিল	O
স্বক্ষৰ	O
চাবলৈকে	O
মহাবলীপুৰমৰ	B-LOC
বুকুত	O
ভিৰ	O
কৰেহি	O
দেশ	O
বিদেশৰ	O
বহু	O
পৰ্যটকে	O
।	O

চিনপৰা	B-LOC
নামৰ	O
ঠাইখন	O
স্থানীয়	O
নাৱৰীয়া	O
সকলে	O
অপৰিস্কাৰ	O
কৰি	O
থৈছিল	O
।	O

যোৰহাট	B-ORG
জিমখানা	I-ORG
ক্লাব	I-ORG
হৈছে	O
যোৰহাট	B-LOC
জিলাত	O
অৱস্থিত	O
এটা	O
ক্লাব	O
।	O

শ্ৰী	B-LOC
শ্ৰী	I-LOC
কলি	I-LOC
আই	I-LOC
থান	I-LOC
ডিব্ৰুগড়	B-LOC
জিলাৰ	O
ৰাজভেটা	B-LOC
পঞ্চায়তৰ	O
অন্তৰ্গত	O
চেঙামাৰী	B-LOC
হাবি	I-LOC
গাঁৱত	O
অৱস্থিত	O
এখন	O
ঐতিহাসিক	O
থান	O
।	O

পুৰন্দৰ	B-PER
সিংহ‍ই	I-PER
বৰ্তমানৰ	O
দেৱালয়	O
থকা	O
ঠাইতে	O
খেৰৰ	O
ঘৰ	O
সাজি	O
পূজাৰ	O
ব্যৱস্থা	O
কৰি	O
দিছিল	O
।	O

ফুকনে	B-PER
ডাবলিন	B-FAC
এয়াৰকপ'ৰ্টত	I-FAC
প্ৰায়	O
৩০	O
বছৰ	O
চাকৰি	O
কৰাৰ	O
পিছত	O
অৱসৰ	O
লৈছিল	O
।	O

সিদিনা	O
অনিলহঁতৰ	B-PER
গাঁৱত	O
তুমি	O
কথাটো	O
কওঁতে	O
মই	O
তেতিয়াই	O
ঠিক	O
কৰিছিলোঁ	O
যে	O
হাজোলৈ	B-LOC
সোনকালে	O
এদিন	O
তোমাক	O
-	O
লৈ	O
আহিমেই	O
।	O

লিমাত	B-LOC
আমাৰ	O
হোটেলৰ	O
কিছু	O
দূৰত	O
প্ৰশান্ত	B-LOC
মহাসাগৰ	I-LOC
।	O

স্বাধীন	O
ভাৰতৰ	B-LOC
অধীনত	O
১৯৫১	B-DATE
চনৰ	I-DATE
১৭	B-DATE
নভেম্বৰ	I-DATE
তাৰিখে	O
উত্তৰ	B-LOC
কাছাৰক	I-LOC
কাছাৰ	B-LOC
জিলাৰপৰা	O
নিলগাই	O
অনা	O
হয়	O
আৰু	O
মিকিৰ	B-LOC
পাহাৰৰ	I-LOC
লগত	O
সংলগ্ন	O
কৰি	O
উত্তৰ	B-LOC
কাছাৰ	I-LOC
আৰু	O
মিকিৰ	B-LOC
পাহাৰ	I-LOC
সংলগ্ন	O
জিলা	O
ঘোষণা	O
কৰা	O
হয়	O
।	O

আহোম	B-MISC
যুগৰ	O
প্ৰাচীন	O
মন্দিৰটোত	O
শিৱলিংগ	O
প্ৰতিষ্ঠিত	O
আছিল	O
বুলি	O
ৰাখাল	B-PER
দাস	I-PER
বন্দোপাধ্যায়ে	I-PER
নিজৰ	O
এক	O
গৱেষণা	O
প্ৰতিবেদনত	O
উল্লেখ	O
কৰিছে	O
।	O

উদ্যানৰ	O
ওচৰৰ	O
চহৰ	O
হৈছে	O
গুৱাহাটী	B-LOC
আৰু	O
যোৰহাট	B-LOC
।	O

হাফলঙত	B-LOC
প্ৰধানকৈ	O
হাফলং	B-MISC
হিন্দী	B-MISC
,	O
ডিমাছা	B-MISC
,	O
মাৰ	B-MISC
আৰু	O
বঙালী	B-MISC
ভাষা	O
প্ৰচলিত	O
।	O

কিন্তু	O
জনচে	B-PER
আব্ৰাহাম	B-PER
লিনৰ	I-PER
নিচিনাকৈ	O
কামৰ	O
মাজতো	O
ৰাতিৰ	O
অন্ধকাৰত	O
পঢ়িবলৈ	O
ধৰিলে	O
।	O

শিলঘাট	B-FAC
ৰে'ল	I-FAC
ষ্টেচন	I-FAC
আৰু	O
জখলাবন্ধা	B-FAC
ৰে'ল	I-FAC
ষ্টেচনৰ	I-FAC
ঠাইখনলৈ	O
ৰেলেৰে	O
সংযোজিত	O
।	O

১৭৮৬	B-DATE
-	I-DATE
৮৭	I-DATE
চনত	I-DATE
এই	O
দ'লৰ	O
ভেটি	O
স্থাপন	O
কৰা	O
হয়	O
।	O

প্ৰতিটো	O
ষ্টপতে	O
ৰৈ	O
থাকে	O
অসংখ্যা	O
যাত্ৰী	O
,	O
গুৱাহাটীৰ	B-LOC
ৰাইনো	O
বাছৰ	O
দৰে	O
ডাঙৰ	O
চিটী	O
বাছবোৰত	O
ওলমি	O
যাত্ৰী	O
যোৱাৰ	O
পিছতো	O
।	O

আমি	O
কলকতাৰ	B-LOC
পৰা	O
টকিঅলৈ	B-LOC
যোৱা	O
এইখন	O
বিমান	O
৮	O
ঘণ্টা	O
পলমকৈ	O
যাত্ৰা	O
কৰাটোৱে	O
কি	O
কথা	O
সূচায়	O
ভাবি	O
চোৱাচোন	O
।	O

আইৰিছ	B-LOC
সাগৰখন	O
পাৰ	O
হৈয়েই	O
লণ্ডনৰ	B-LOC
পৰা	O
আয়াৰলেণ্ড	B-LOC
পালোঁগৈ	O
।	O

আন্তৰ্জাতিক	O
বিমানবন্দৰৰূপে	O
গুৱাহাটীস্থিত	B-LOC
লোকপ্ৰিয়	B-FAC
গোপীনাথ	I-FAC
বৰদলৈ	I-FAC
আন্তঃৰাষ্ট্ৰীয়	I-FAC
বিমানবন্দৰে	I-FAC
সেৱা	O
আগবঢ়াই	O
আহিছে	O
।	O

জয়সাগৰ	B-LOC
পুখুৰী	I-LOC
অসমৰ	B-LOC
শিৱসাগৰ	B-LOC
জিলাত	O
অৱস্থিত	O
এক	O
ঐতিহাসিক	O
পুখুৰী	O
।	O

অশোকা	B-PER
দেৱী	O
দুৰ্গাৰ	B-PER
অন্য	O
এটি	O
নাম	O
।	O

উল্লেখ্য	O
যে	O
শ্ৰীযুত	B-PER
পঙ্কজ	I-PER
শৰ্মা	I-PER
অসম	O
বন	O
সেৱাৰ	O
১৯৮৪	B-DATE
চনৰ	I-DATE
বিষয়া	O
লগতে	O
অসমৰ	B-LOC
এজন	O
বিশিষ্ট	O
পক্ষীবিদ	O
।	O

শেহতীয়াভাৱে	O
ৰজামায়ং	B-LOC
বনাঞ্চলখনো	I-LOC
চৰকাৰে	O
পৰিতৰা	B-LOC
অভয়াৰণ্যৰ	I-LOC
লগত	O
সংযোজিত	O
কৰিছে	O
।	O

১৮৮৩	B-DATE
চনত	I-DATE
প্ৰতিষ্ঠা	O
কৰা	O
যোৰহাট	B-ORG
উচ্চ	I-ORG
মাধ্যমিক	I-ORG
বালক	I-ORG
বিদ্যালয়ত	I-ORG
তেতিয়াৰ	O
পৰাই	O
বিজ্ঞান	O
শিক্ষাৰ	O
ব্যৱস্থা	O
আছিল	O
।	O

হীৰাবোৰ	O
নাইকিয়া	O
হ'ল	O
যদিও	O
হায়দৰাবাদ	B-LOC
আজিও	O
মুকুটাৰ	O
বজাৰৰ	O
বাবে	O
বিশ্বপ্ৰসিদ্ধ	O
।	O

হজৰত	B-LOC
বালৰ	I-LOC
পৰা	O
ওলাওঁতে	O
সন্ধিয়া	O
হৈ	O
আহিছিল	O
।	O

ব্ৰহ্মপুত্ৰৰ	B-LOC
পাৰত	O
পাহাৰৰ	O
তলভাগত	O
অৱস্থিত	O
কূৰ্মজনাৰ্দন	B-LOC
বিষ্ণু	I-LOC
মন্দিৰ	I-LOC
।	O

১৯৬৫	B-DATE
চনতহে	I-DATE
মন্দিৰটো	O
প্ৰতিষ্ঠা	O
কৰা	O
হৈছিল	O
।	O

হিউৱেন	B-LOC
চাঙৰ	I-LOC
লিখনিৰ	O
পৰা	O
জানিব	O
পৰা	O
যায়	O
যে	O
বৰ্মন	B-MISC
বংশৰ	I-MISC
শ্ৰেষ্ঠ	O
ৰজা	O
ভাস্কৰ	B-PER
বৰ্মণৰ	I-PER
ৰাজত্বকালত	O
নগৰখনৰ	O
বিস্তৃতি	O
আছিল	O
১৯	O
কি:মি:	O
,	O
লগতে	O
সম্ভৱতঃ	O
ই	O
ৰজাৰ	O
৩০০০০	O
যুঁজাৰু	O
নাওসমৃদ্ধ	O
জলবাহিনীৰ	O
প্ৰধান	O
ঘাটি	O
আছিল	O
।	O

বৈষ্ণৱ	B-MISC
সংস্কৃতিৰ	O
অন্যতম	O
কেন্দ্ৰ	O
মাজুলী	B-LOC
।	O

ই	O
গুৱাহাটীৰ	B-LOC
পৰা	O
৩১৮	O
কিল'মিটাৰ	O
পূবত	O
অৱস্থিত	O
।	O

কাছাৰ	B-LOC
জিলাৰ	O
শিলচৰ	B-LOC
মহকুমাৰ	O
অন্তৰ্গত	O
বৰাইল	B-LOC
অভয়াৰণ্যৰ	I-LOC
মাটিকালি	O
প্ৰায়	O
৩২৬.২৪	O
বৰ্গকিলোমিটাৰ	O
।	O

কিন্তু	O
১৮১৭	B-DATE
চনৰ	I-DATE
পিছত	O
হোৱা	O
উপৰ্যুপৰি	O
মানৰ	B-MISC
অসম	B-LOC
আক্ৰমণত	O
যোৰহাট	B-LOC
নগৰ	O
প্ৰায়	O
সম্পূৰ্ণ	O
ৰূপে	O
ধ্বংস	O
হয়	O
।	O

বাকী	O
অংশৰ	O
শাসনভাৰ	O
আছিল	O
ডিমাছা	B-MISC
সেনাপাতি	O
তুলাৰামৰ	B-PER
হাতত	O
।	O

শ্ৰী	B-LOC
সূৰ্য	I-LOC
পাহাৰৰ	I-LOC
দক্ষিণ	O
দাঁতিত	O
গদা	O
শিলৰ	O
সৃষ্টি	O
প্ৰাকৃতিক	O
গুহা	O
আছে	O
।	O

এই	O
সত্ৰ	O
ৰাস	B-MISC
পূজাৰ	I-MISC
বাবে	O
বিখ্যাত	O
।	O

তাইৰ	O
নাম	O
জুলি	B-PER
য়োৰুং	I-PER
।	O

তিৰুপতিৰ	B-LOC
আকৰ্ষণৰ	O
অতি	O
গুৰুত্বপূৰ্ণ	O
ঠাই	O
হিচাপে	O
ভেংকটেশ্বৰ	B-PER
দেৱতাৰ	O
মন্দিৰটো	O
অন্যতম	O
।	O

দেৱালয়ৰ	O
গৰ্ভগৃহ	O
মাটিৰ	O
তলৰ	O
এক	O
সৰু	O
গুহাত	O
অৱস্থিত	O
আৰু	O
ইয়াত	O
এটি	O
দুৰ্গাৰ	B-PER
প্ৰতিমূৰ্তি	O
আছে	O
।	O

শৈলনগৰ	O
খনৰ	O
হানি	O
-	O
বিঘিনি	O
নোহোৱাকৈ	O
এইবোৰ	O
কাটি	O
মেলি	O
চাফ	O
-	O
চিকুণ	O
কৰিবলৈ	O
বিংহামক	B-PER
কেইবামাহো	O
সময়	O
লাগিছিল	O
।	O

এমহীয়া	O
পাঠ্যক্ৰমটো	O
শেষ	O
কৰি	O
বাহিৰে	O
বাহিৰে	O
ইউৰোপখন	B-LOC
চাই	O
আহিবৰ	O
বাবে	O
প্ৰয়োজনীয়	O
ছুটি	O
মঞ্জুৰ	O
কৰাই	O
ক্লাব	B-ORG
৯	I-ORG
নামৰ	O
ভ্ৰমণ	O
সংস্থাটোৰ	O
কলকতাস্থিত	B-LOC
অফিচৰ	O
যোগেদি	O
১০	O
দিনীয়া	O
পেকেজ	O
টুৰ	O
এটা	O
বন্দৱস্ত	O
কৰি	O
লৈছিলোঁ	O
।	O

বিগত	O
কেইটামান	O
বছৰত	O
এই	O
হাৰ	O
কমি	O
আহি	O
২০০৭	B-DATE
চনত	I-DATE
১৮	O
টা	O
গঁড়	O
চোৰাংকৈ	O
হত্যা	O
কৰা	O
হৈছে	O
।	O

এই	O
উদ্যানখন	O
১৬১৯ত	B-DATE
জাহাংগীৰে	B-PER
সাজি	O
উলিয়াইছিল	O
তেওঁৰ	O
পত্নী	O
নুৰজাহানৰ	B-PER
বাবে	O
।	O

অৱশ্যে	O
এই	O
পূৰ্বৰে	O
পৰা	O
চলি	O
অহা	O
জনপ্ৰবাদ	O
মতে	O
,	O
ডুবি	B-LOC
দেৱালয়ত	I-LOC
দেৱদাসী	O
নৃত্য	O
এই	O
সময়ছোৱাৰ	O
বহু	O
আগৰেপৰা	O
প্ৰচলিত	O
হৈ	O
আছিল	O
।	O

দেৰগাঁৱৰ	B-PER
শিৱদৌলৰ	O
প্ৰতি	O
আহোম	O
স্বৰ্গদেউ	O
সকলৰ	O
অসীম	O
ভক্তি	O
আছিল	O
।	O

অসমত	B-LOC
পোৱা	O
৯৬০টা	O
মান	O
প্ৰজাতিৰ	O
পক্ষীৰ	O
ভিতৰত	O
ডিব্ৰু	B-LOC
-	I-LOC
ছৈখোৱাত	I-LOC
৩৮৫টা	O
প্ৰজাতি	O
পক্ষী	O
পোৱা	O
গৈছে	O
।	O

ক্ৰিকেট	O
বেটৰ	O
নাল	O
(	O
হাতেৰে	O
ধৰা	O
অংশ	O
)	O
নিৰ্মাণত	O
অসমৰ	B-LOC
অৰণ্যৰ	O
বেত	O
বিশেষভাৱে	O
ব্যৱহাৰ	O
কৰে	O
বুলি	O
জানিব	O
পাৰিছিলো	O
।	O

বিখ্যাত	O
চিপাহী	O
বিদ্ৰোহৰ	O
কেন্দ্ৰ	O
স্বৰূপ	O
এই	O
নগৰতে	O
বিদ্ৰোহ	O
দমন	O
কৰাৰ	O
নামত	O
মণিৰাম	B-PER
দেৱানকে	I-PER
ধৰি	O
১৮৫৮	B-DATE
চনত	I-DATE
বিদ্ৰোহৰ	O
নেতাসকলক	O
ৰাজহুৱাভাৱে	O
ফাঁচি	O
দিয়া	O
হয়	O
।	O

চাৰিওফালে	O
সেউজীয়া	O
পাহাৰেৰে	O
আবৃত্ত	O
প্ৰকৃতিৰ	O
শীতল	O
কোলাত	O
অৱস্থিত	O
মানচাৰ	B-LOC
লেক	I-LOC
আৰু	O
ইয়াৰ	O
পাহাৰত	O
অৱস্থিত	O
শেষনাগ	B-PER
,	O
উমাপতি	O
মহাদেৱ	B-PER
,	O
নৰসিংহ	B-PER
আৰু	O
দুৰ্গাৰ	B-PER
মন্দিৰ	O
উল্লেখনীয়	O
।	O

খেজুৰ	O
গছে	O
আৱৰি	O
থাকি	O
সুন্দৰ	O
পৰিৱেশ	O
সৃষ্টি	O
কৰা	O
ওমান	B-LOC
সঁচাকৈয়ে	O
এখন	O
মনোৰম	O
ঠাই	O
।	O

গুৱাহাটীৰ	B-LOC
পান	B-LOC
বজাৰৰ	I-LOC
ওচৰৰ	O
ব্ৰহ্মপুত্ৰ	B-LOC
নদীৰ	I-LOC
পাৰৰ	O
শুক্ৰেশ্বৰ	B-LOC
মন্দিৰটো	I-LOC
আহোম	B-MISC
ৰজা	O
প্ৰমত্ত	B-PER
সিংহৰ	I-PER
দিনত	O
নিৰ্মাণ	O
কৰা	O
হৈছিল	O
।	O

গোলকোণ্ডাত	B-LOC
যিখন	O
শ্বেয়াৰ	O
অটোৰিক্সাত	O
উঠিছিলো	O
,	O
সেইখনৰ	O
মালিক	O
দুজন	O
।	O

মাহীয়ে	O
কিন্তু	O
লণ্ডনৰ	B-LOC
ৰাজহুৱা	O
বিহুৰ	O
টোপা	O
-	O
পিঠাখিনিও	O
বনাবহি	O
লাগিব	O
।	O

এই	O
মন্দিৰত	O
অৱস্থিত	O
প্ৰাকৃতিক	O
জলপ্ৰপাত	O
কপিলা	B-LOC
তীৰ্থম	I-LOC
ইয়াৰ	O
অন্য	O
এক	O
আকৰ্ষণ	O
।	O

শংকৰদেৱৰ	B-PER
পিছত	O
১৬৫৬	B-DATE
চনত	I-DATE
শংকৰদেৱৰ	B-PER
পুত্ৰ	O
হৰিচৰণ	B-PER
ঠাকুৰ	I-PER
,	O
নাতিবোৱাৰী	O
কনকলতা	B-PER
আৰু	O
ভাগিন	O
দামোদৰ	B-PER
আতাৰ	I-PER
উদ্যোগত	O
বৰদোৱাক	B-LOC
পুনৰুদ্ধাৰ	O
কৰা	O
হয়	O
।	O

আটকধুনীযা	O
কাৰুকাৰ্য়ৰে	O
নিৰ্মিত	O
এই	O
মন্দিৰটোৰ	O
প্ৰৱেশদ্বাৰত	O
আছে	O
নন্দী	B-PER
।	O

কাজিৰঙাৰ	B-LOC
মাজেৰে	O
ডিফলু	B-LOC
আৰু	O
মৰা	O
ধনশিৰী	B-LOC
নৈ	O
বৈ	O
গৈছে	O
।	O

পৰিহৰেশ্বৰ	B-LOC
দেৱালয়ৰ	I-LOC
সম্পৰ্কত	O
অন্য	O
এখন	O
তাম্ৰপত্ৰ	O
আছে	O
।	O

সেই	O
সময়ৰ	O
অসমৰ	B-LOC
ব্ৰিটিছ	O
কৰ্ত্তৃপক্ষই	O
ইংলেণ্ডৰ	B-LOC
বিখ্যাত	O
কিংছ্	B-ORG
কলেজৰ	I-ORG
একে	O
আৰ্হিত	O
ল'ৰ্ড	O
নৰ্থব্ৰুকক	B-PER
আদৰাৰ	O
বাবে	O
গেটখন	O
নিৰ্মাণৰ	O
সিদ্ধান্ত	O
লয়	O
।	O

শুক্ৰেশ্বৰ	B-LOC
মন্দিৰ	I-LOC
হ'ল	O
অসমৰ	B-LOC
কামৰূপ	B-LOC
জিলাত	O
অৱস্থিত	O
এটা	O
গুৰুত্বপূৰ্ণ	O
শিৱ	B-PER
মন্দিৰ	O
।	O

এই	O
অঞ্চলটোক	O
২০০৩	B-DATE
চনত	I-DATE
বন্যপ্ৰাণী	O
অভয়াৰণ্য	O
হিচাপে	O
ঘোষণা	O
কৰা	O
হয়	O
।	O

আহোম	B-MISC
ৰাজবিষয়া	O
হৰিশিঙা	B-PER
উজীৰ	I-PER
বৰাৰ	I-PER
টোলতে	O
১৮১১	B-DATE
শকৰ	I-DATE
জেঠ	O
মাহৰ	O
প্ৰতিপদ	O
তিথিৰ	O
দেওবাৰে	O
মধ্যম	O
ৰাতি	O
মাধৱপুৰুষৰ	B-PER
জন্ম	O
হৈছিল	O
বুলি	O
জনশ্ৰুতি	O
আছে	O
।	O

এই	O
সময়ত	O
বেছি	O
বন্য	O
জীৱই	O
উদ্যানৰ	O
দক্ষিণৰ	O
মিকিৰ	B-LOC
পাহাৰত	O
আশ্ৰয়	O
লয়	O
।	O

ইংৰাজৰ	O
দিনতো	O
মন্দিৰৰ	O
কাম	O
-	O
কাজ	O
আহোম	B-MISC
ৰজাৰ	O
দিনৰ	O
দৰেই	O
চলিছিল	O
।	O

অসমীয়া	B-MISC
বান্দৰ	O
,	O
টুপীমূৰীয়া	O
বান্দৰ	O
,	O
দল	O
-	O
হৰিণা	O
,	O
নাহৰফুটুকী	O
বাঘ	O
,	O
বন	O
-	O
ৰৌ	O
,	O
শিয়াল	O
,	O
শৰপহু	O
,	O
সুগৰী	O
পহু	O
,	O
সেন্দূৰী	O
বান্দৰ	O
,	O
হলৌ	O
বান্দৰ	O
,	O
বাদুলি	O
,	O
মলুৱা	O
বান্দৰ	O
,	O
লাজুকী	O
বান্দৰ	O
,	O
ছাগলী	O
পহু	O
,	O
বনৰীয়া	O
মেকুৰী	O
,	O
হাতী	O
আমৰ'লীয়া	O
হাঁহ	O
,	O
ইটাগুৰীয়া	O
হাইঠা	O
,	O
উকাহ	O
,	O
কণামুছৰি	O
,	O
বিহুৱতী	O
চৰাই	O
,	O
বুলবুলি	O
,	O
বৰীশেন	O
,	O
ভদৰকলি	O
,	O
ভীমৰাজ	O
,	O
মাছোৰোকা	O
,	O
দেওহাঁহ	O
ইত্যাদি	O
।	O

ইণ্ডিয়া	B-ORG
এযাৰলাইনছৰ	I-ORG
বিমান	O
হায়দৰাবাদৰ	B-LOC
পৰা	O
নিতৌ	O
আহে	O
আৰু	O
সপ্তাহৰ	O
পাঁচ	O
দিনহে	O
চেন্নাই	B-LOC
,	O
নতুন	B-LOC
দিল্লী	I-LOC
আৰু	O
কলকাতাৰ	B-LOC
পৰা	O
আহে	O
।	O

ইয়াৰ	O
দক্ষিণে	O
ব্ৰহ্মপুত্ৰৰ	B-LOC
অসংখ্য	O
সুঁতি	O
আৰু	O
চৰ	O
এলেকা	O
আছে	O
।	O

নাম	O
মওলিনং	B-LOC
।	O

ইয়াৰ	O
বাহিৰেও	O
তিনিচুকীয়া	B-LOC
চহৰত	O
ব্যক্তিগত	O
খণ্ডৰ	O
হোটেল	O
আৰু	O
বন	O
নিৰীক্ষণ	O
কেন্দ্ৰত	O
থকাৰ	O
সু	O
-	O
ব্যৱস্থা	O
আছে	O
।	O

কালিকা	O
পুৰাণৰ	O
মতে	O
নৰকে	B-PER
কামাখ্যাত	B-LOC
দেৱীপূজা	O
প্ৰৱৰ্তন	O
কৰাৰ	O
আগেয়ে	O
কামৰূপৰ	B-LOC
অধিবাসীসকলৰ	O
উপাস্য	O
দেৱতা	O
আছিল	O
শিৱ	B-PER
।	O

মন্দিৰৰ	O
বাহিৰফালে	O
বিষ্ণুৰ	B-PER
দহটা	O
অৱতাৰ	O
বৰ্ণনা	O
কৰা	O
ভাস্কৰ্য	O
আছে	O
যাৰ	O
ভিতৰত	O
বুদ্ধ	B-PER
নৱম	O
।	O

শ্ৰী	B-LOC
শ্ৰী	I-LOC
মাধৱ	I-LOC
থান	I-LOC
অসমৰ	B-LOC
এখন	O
ধৰ্মস্থান	O
।	O

তদুপৰি	O
অনিৰুদ্ধক	B-PER
উদ্ধাৰ	O
কৰিবলৈ	O
শ্ৰীকৃষ্ণ	B-PER
স	O
-	O
সৈন্যে	O
যুদ্ধ	O
যাত্ৰা	O
কৰি	O
আহি	O
শোণিতপুৰত	B-LOC
প্ৰৱেশ	O
কৰি	O
বাণৰ	B-PER
নগৰৰ	O
চাৰিওদিশে	O
অগ্নিৰ	O
বেৰ	O
দেখি	O
বিস্ময়	O
মানিছিল	O
আৰু	O
নগৰত	O
প্ৰৱেশ	O
কৰাৰ	O
কোনো	O
চিদ্ৰ	O
নেদেখি	O
অৱশেষত	O
গৰুড়ৰ	O
দ্বাৰা	O
অগ্নি	O
নিৰ্বাপণ	O
কৰিহে	O
নগৰত	O
প্ৰৱেশ	O
কৰিছিল	O
বুলি	O
মহাভাৰতৰ	B-MISC
হৰিবংশৰ	O
বিষ্ণুপৰ্বত	O
উল্লেখ	O
আছে	O
।	O

উদ্যানৰ	O
দক্ষিণ	O
সীমা	O
মৰা	B-LOC
ডিফলু	B-LOC
নৈয়ে	I-LOC
আগুৰি	O
ৰাখিছে	O
।	O

কাৰেং	B-LOC
ঘৰটোত	I-LOC
প্ৰৱেশ	O
কৰিবৰ	O
বাবে	O
চাৰিখন	O
দুৱাৰ	O
আছে	O
।	O

পেৰু	B-LOC
এখন	O
পৰ্বতীয়া	O
দেশ	O
।	O

ই	O
গুৱাহাটীৰ	B-LOC
১৭৯	O
কিলোমিটাৰ	O
পূবত	O
ব্ৰহ্মপুত্ৰ	B-LOC
নদীৰ	I-LOC
উত্তৰপাৰে	O
অৱস্থিত	O
।	O

চৰকাৰী	O
নিয়মমতে	O
বৰ্তমান	O
দেৱালয়	B-ORG
পৰিচালনা	I-ORG
কমিটিয়ে	I-ORG
দেৱালয়খন	O
পৰিচালনা	O
আৰু	O
চোৱাচিতা	O
কৰে	O
।	O

১৮৮৩	B-DATE
খ্ৰীষ্টাব্দত	I-DATE
মহাৰাজ	O
ৰণবীৰ	B-PER
সিঙে	I-PER
নিৰ্মাণ	O
কৰা	O
এই	O
মন্দিৰটো	O
মূলতঃ	O
এটা	O
শিৱ	O
মন্দিৰ	O
।	O

জুলিৰ	B-PER
লগতে	O
আমিও	O
গাড়ীৰ	O
পৰা	O
নামিলো	O
।	O

আৰু	O
কোনো	O
পধ্যেই	O
ঘোঁৰা	O
আনিব	O
নোৱাৰি	O
অৰ্জনে	B-PER
তেওঁৰ	O
সখা	O
মাধৱৰ	B-PER
পৰামৰ্শ	O
বিচৰাত	O
মাধৱ	B-PER
নিজে	O
আহি	O
প্ৰমীলা	B-LOC
ৰাজ্যৰ	I-LOC
পূৰ্ব	O
প্ৰন্তত	O
থকা	O
বৰপানী	B-LOC
নৈৰ	I-LOC
পাৰৰ	O
পাহাৰত	O
বহি	O
দুয়োৰে	O
যুদ্ধৰ	O
মিমাংসা	O
কৰি	O
দি	O
,	O
প্ৰমীলা	B-PER
-	O
অৰ্জুনৰ	B-PER
মিলন	O
ঘটাই	O
যুদ্ধৰ	O
ঘোঁৰা	O
মুকলি	O
কৰিছিল	O
।	O

ইয়াৰে	O
বেটেলিয়ান	O
সকলেই	O
১৯৭৩	B-DATE
চনত	I-DATE
এই	O
মন্দিৰ	O
স্থাপন	O
কৰি	O
দিছিল	O
।	O

চাৰিসত্ৰ	O
আউনীআটী	B-LOC
,	O
কমলাবাৰী	B-LOC
,	O
গড়মূৰ	B-LOC
আৰু	O
দক্ষিণপাট	B-LOC
সত্ৰই	I-LOC
অসমীয়া	O
সমাজত	O
উচ্চ	O
আসন	O
অধিকাৰ	O
কৰি	O
আছে	O
।	O

কাৰেংঘৰ	B-LOC
বা	O
কা	B-LOC
-	I-LOC
ৰৌণ	I-LOC
আহোম	O
চাওফাসকলৰ	O
দ্বাৰা	O
নিৰ্মিত	O
এটা	O
পিৰামিড	O
আকৃতিৰ	O
ৰাজমহল	O
।	O

এই	O
পুখুৰীৰ	O
প্ৰায়	O
আধা	O
মাইল	O
দৈৰ্ঘ্যৰ	O
বাবেই	O
ইয়াৰ	O
নাম	O
দীঘলীপুখুৰী	B-LOC
হয়	O
বুলি	O
জনা	O
যায়	O
।	O

গুৱাহাটী	B-ORG
তাৰকাগৃহত	I-ORG
বিভিন্ন	O
আকাৰৰ	O
দূৰবীক্ষণ	O
যন্ত্ৰ	O
আছে	O
।	O

১৯২৭	B-DATE
-	I-DATE
১৯২৮	I-DATE
চনৰ	O
পৰাহে	O
এই	O
ঠাইখনে	O
চৰ্চা	O
লাভ	O
কৰে	O
।	O

গাং‍মৌ	B-LOC
থান	I-LOC
হৈছে	O
মহাপুৰুষ	O
শ্ৰীমন্ত	B-PER
শংকৰদেৱে	I-PER
প্ৰতিষ্ঠা	O
কৰা	O
এখন	O
থান	O
।	O

বিশ্বাস	O
কৰা	O
হয়	O
যে	O
এটা	O
সময়ত	O
কাজিৰ	B-PER
নামৰ	O
এগৰাকী	O
মহিলাই	O
এই	O
অঞ্চল	O
শাসন	O
কৰিছিল	O
।	O

এই	O
দেৱালয়	O
বৰ্তমান	O
যোৰহাট	B-LOC
নগৰৰ	O
গড়	B-LOC
আলিৰ	I-LOC
পূবে	O
দেৱালয়	B-LOC
পথত	I-LOC
স্থাপিত	O
।	O

প্ৰায়	O
বাৰ	O
বছৰ	O
বয়সলৈ	O
জনচ	B-PER
আছিল	O
অন্য	O
দহজন	O
ল'ৰা	O
-	O
ছোৱালীৰ	O
দৰে	O
মুক্ত	O
বিহঙ্গ	O
।	O

২৬	B-DATE
তাৰিখ	I-DATE
শনিবাৰ	O
ৰাতিপুৱা	O
৮	O
বজাত	O
চুৰুবাম্বা	B-FAC
স্বাস্থ্যকেন্দ্ৰলৈ	I-FAC
গলো	O
।	O

আনকি	O
কৰবাত	O
ভীমৰ	B-PER
মস্ত	O
শিলৰ	O
চৰিয়া	O
এটাও	O
আছে	O
বোলে	O
!	O
মোৰ	O
লগৰীয়া	O
ডিমং	B-PER
আৰু	O
বাচাৰহঁতে	B-PER
গোগ্ৰাসে	O
খালে	O
।	O

এই	O
মাটি	O
ডুবিত	B-LOC
১১৯	O
পূৰা	O
,	O
হিৰমল	B-LOC
সোণকহাত	I-LOC
৮	O
পূৰা	O
,	O
বাসুদেৱ	B-LOC
গুণৰিত	I-LOC
১২	O
পূৰা	O
,	O
বামুণকুছি	B-LOC
আৰু	O
কটহকুছিত	B-LOC
১১০	O
পূৰা	O
,	O
তিতকা	B-LOC
চতুৰ্ভূজত	I-LOC
৩৪	O
পূৰা	O
,	O
দেৱৰ	B-LOC
গোবিন্দপুৰত	I-LOC
৩৭	O
পূৰা	O
আৰু	O
ঔকুছিত	B-LOC
২১	O
পূৰা	O
আছে	O
।	O

পুতলাটোৰ	O
নাম	O
হ'ল	O
-	O
নেগ্ৰিটোজ	B-PER
অৱহানাকো	I-PER
এইটো	O
হুৱানোৱা	B-LOC
প্ৰদেশৰ	I-LOC
এক	O
প্ৰচলিত	O
নৃত্যৰ	O
পুতলা	O
।	O

পোৰা	O
ইটাৰে	O
নিৰ্মাণ	O
কৰা	O
ৰংঘৰত	B-LOC
কোনো	O
ধাতুৰ	O
ব্যৱহাৰ	O
কৰা	O
হোৱা	O
নাই	O
।	O

১৫	B-LOC
নং	I-LOC
ৰাষ্ট্ৰীয়	I-LOC
ঘাই	I-LOC
পথৰ	I-LOC
পৰা	O
জামুগুৰি	B-LOC
কেন্দ্ৰৰ	O
পৰা	O
চকীঘাট	B-LOC
পথেৰে	O
বৰাচুক	B-LOC
আৰু	O
গোঁসাইচুক	B-LOC
গাঁৱৰ	O
মাজেদি	O
বা	O
ধলাইবিলৰ	B-LOC
পৰা	O
বৰপথাৰ	B-LOC
হৈ	O
উজৰাচুক	B-LOC
গাঁৱৰ	O
মাজেদি	O
নতুবা	O
মাধৱ	B-LOC
গাঁও	I-LOC
হৈ	O
ফুটুকাতলিৰ	B-LOC
মাজেৰে	O
পোনে	O
পোনে	O
দেৱালয়লৈ	O
অহাৰ	O
সুবিধা	O
আছে	O
।	O

এইবাৰ	O
অন্তৰ্ভুক্ত	O
হ'ল	O
ইটালী	B-LOC
,	O
বাদ	O
পৰিল	O
নেদাৰলেণ্ড	B-LOC
।	O

ঠাইখন	O
শ্ৰী	B-LOC
সূৰ্য	I-LOC
পাহাৰ	I-LOC
কেন্দ্ৰিক	O
,	O
যিটো	O
শিৱ	O
লিংগৰে	O
দি	O
ভৰপুৰ	O
হৈ	O
আছে	O
।	O

স্পেনীচ	B-MISC
সকলে	O
পেৰু	B-LOC
অধিকাৰ	O
কৰাৰ	O
পিচত	O
যুদ্ধ	O
-	O
বিগ্ৰহ	O
,	O
দুভিৰ্ক্ষ	O
আৰু	O
বসন্ত	O
মহামাৰীৰ	O
প্ৰকোপত	O
এই	O
সভ্যতা	O
লোপ	O
পালে	O
বুলি	O
অনুমান	O
কৰা	O
হৈছে	O
।	O

জালুকবাৰী	B-LOC
-	O
খানাপাৰা	B-LOC
৩৭	B-LOC
নং	I-LOC
ৰাষ্ট্ৰীয়	I-LOC
ঘাইপথৰ	I-LOC
পৰা	O
উত্তৰ	O
-	O
পূব	O
দিশত	O
আৰু	O
অসম	B-ORG
অভিযান্ত্ৰিক	I-ORG
মহাবিদ্যালয়ৰ	I-ORG
পৰা	O
উত্তৰ	O
দিশত	O
ই	O
অৱস্থিত	O
।	O

১৯৮০	B-DATE
চনৰ	I-DATE
পৰা	O
২০০৫	B-DATE
চনলৈ	I-DATE
৫৬৭	O
টা	O
গঁড়	O
চোৰাং	O
-	O
চিকাৰীৰ	O
হাতত	O
নিধন	O
হৈছে	O
।	O

২০০১	B-DATE
চনৰ	I-DATE
তথ্যৰ	O
আধাৰত	O
শিশুৰ	O
সংখ্যা	O
১.৫১%	O
হ্ৰাস	O
পাইছে	O
।	O

শাক	O
-	O
পাচলি	O
,	O
ফল	O
-	O
মূল	O
,	O
হাঁহ	O
-	O
কুকুৰা	O
আৰু	O
গাহৰি	O
মাংস	O
,	O
সাগৰীয়া	O
শামুকজাতীয়	O
খাদ্য	O
আদি	O
কোৱাত	O
অভ্যস্ত	O
ভিয়েটনামীসকল	B-MISC
।	O

পৰ্যটকসকলৰ	O
বাবে	O
চক্ৰশিলা	B-LOC
আৰু	O
নিকতবৰ্তী	O
নগৰ	O
কোকৰাঝাৰত	B-LOC
থকা	O
-	O
মেলাৰ	O
সুবিধা	O
থকাৰ	O
উপৰিও	O
তেওঁলোকে	O
অভয়াৰণ্যখনত	O
পক্ষী	O
নিৰিক্ষণ	O
,	O
জাংগল	O
ট্ৰেকিং	O
আৰু	O
নেচাৰ	O
ফটোগ্ৰাফী	O
আদি	O
কৰিব	O
পাৰে	O
।	O

সময়	O
কম	O
শেষ	O
দিনা	O
মাচু	B-LOC
-	I-LOC
পিচলৈ	I-LOC
যাম	O
।	O

প্ৰথমে	O
গড়মূৰ	B-LOC
সত্ৰ	I-LOC
দুখন	O
আছিল	O
।	O

শ্ৰীশ্ৰী	B-LOC
পৰিহৰেশ্বৰ	I-LOC
দেৱালয়ৰ	I-LOC
পাইক	O
প্ৰথা	O
অনুসৰি	O
স্বৰ্গদেউ	O
শিৱসিংহৰ	B-PER
দিনৰে	O
পৰা	O
এই	O
দেৱালয়ত	O
তিনি	O
প্ৰহৰে	O
দেৱদাসী	O
নৃত্য	O
প্ৰদৰ্শন	O
কৰা	O
হৈছিল	O
।	O

আন	O
কিছুমানে	O
ক'ব	O
বিচাৰে	O
যে	O
নাগমত্ত	B-PER
নামৰ	O
ৰজা	O
এজনেহে	O
এই	O
মন্দিৰটো	O
নিৰ্মাণ	O
কৰিছিল	O
।	O

উদাহৰণস্বৰূপে	O
১৯৬০ৰ	B-DATE
দশকত	O
ছিংগাপুৰত	B-LOC
মুঠ	O
মাটিকালিৰ	O
পৰিমাণ	O
আছিল	O
৫৮১.৫	O
বৰ্গমিটাৰ	O
।	O

এই	O
শৈল	O
নগৰীখন	O
নিৰ্মাণ	O
কৰোতে	O
কমেও	O
এশ	O
বছৰ	O
লাগিছিল	O
বুলি	O
বিংহামৰ	B-PER
বিৱৰণীৰ	O
পৰা	O
জনা	O
যায়	O
।	O

গুৱাহাটীৰ	B-LOC
সমীপৱৰ্তী	O
অঞ্চলত	O
থকা	O
মোমাই	B-LOC
-	I-LOC
কটা	I-LOC
গড়	I-LOC
আহোমসকলৰ	B-MISC
কঠোৰ	O
শ্ৰম	O
আৰু	O
যুঁজাৰু	O
মনোভাৱৰ	O
পৰিচায়ক	O
।	O

মজিয়া	O
আৰু	O
পদপথৰ	O
অৱশেষৰ	O
পৰা	O
বুজিব	O
পাৰি	O
যে	O
বিষ্ণুৰ	B-PER
কেন্দ্ৰীয়	O
উপাসনা	O
স্থল	O
ঢিপটোৰ	O
ওপৰত	O
আৰু	O
শিৱ	O
মন্দিৰবোৰ	O
চৌপাশে	O
চাৰিওটা	O
কোণত	O
অৱস্থিত	O
আছিল	O
।	O

হৰি	O
-	O
হৰৰ	O
যুদ্ধ	O
ৰূপে	O
পৰিগণিত	O
এই	O
যুদ্ধত	O
বাণ	B-PER
ৰজাৰ	O
সৈন্য	O
ছেদেলি	O
-	O
ভেদেলি	O
হৈ	O
পৰাত	O
প্ৰ্ধান	O
সেনাপতি	O
দ'দানেও	B-PER
যুদ্ধত	O
আহত	O
হৈ	O
ৰাজ্য	O
ত্যাগ	O
কৰি	O
শেষত	O
দক্ষিণ	O
কোললৈ	O
আহি	O
ৰাজ্য	O
স্থাপন	O
কৰে	O
।	O

এই	O
বিদ্ৰোহত	O
লেহুবৰ	B-PER
ঠাকুৰৰ	I-PER
পৰিয়ালকে	O
ধৰি	O
বহু	O
মানুহ	O
ঘৰবাৰী	O
এৰি	O
পলাই	O
যায়	O
আৰু	O
ফলত	O
ভেটি	O
স্থাপন	O
কৰিয়েই	O
হাতীগড়ৰ	B-LOC
শিৱদ'ল	I-LOC
সজাৰ	O
কামো	O
এৰিবলগীয়া	O
হয়	O
।	O

হোলোঙাপাৰ	B-LOC
গিবন	I-LOC
অভয়াৰণ্যক	I-LOC
অসমৰ	B-LOC
ভৈয়ামৰ	O
পলসুৱা	O
অৰ্ধ	O
-	O
চিৰসেউজ	O
অৰণ্য	O
বুলি	O
শ্ৰেণীবিভাজন	O
কৰা	O
হৈছে	O
।	O

ডিব্ৰুগড়	B-LOC
জিলাৰ	O
মোহনবাৰী	B-FAC
বিমানবন্দৰ	I-FAC
আৰু	O
যোৰহাট	B-LOC
জিলাৰ	O
ৰৰৈয়া	B-FAC
বিমাবন্দৰে	I-FAC
চৰাইদেউ	B-LOC
জিলাক	O
বায়ুমাৰ্গেৰে	O
সংযোগ	O
কৰিছে	O
।	O

আমাৰ	O
ভাইটি	O
সোণ	B-PER
আৰু	O
ধুনে	B-PER
তোমাৰ	O
বৰ	O
ভাল	O
পায়	O
।	O

মাধবদেৱে	B-PER
১৫৭০	B-DATE
খৃষ্টাব্দত	I-DATE
সুন্দৰীদিয়াত	B-LOC
সত্ৰ	O
স্থাপন	O
কৰে	O
।	O

ৰজাৰ	O
কুঁৱৰী	O
হৈ	O
ফুলমতীয়ে	B-PER
নাম	O
ললে	O
প্ৰমথেশ্বৰী	B-PER
।	O

ডিব্ৰু	B-LOC
নদীৰ	O
পাৰত	O
অৱস্থিত	O
হোৱাৰ	O
সত্ৰখনক	O
ডিবৰু	B-LOC
সত্ৰ	I-LOC
বুলিও	O
জনা	O
গৈছিল	O
।	O

ই	O
অৰুণাচল	B-LOC
প্ৰদেশৰ	I-LOC
পাকে	O
ব্যাঘ্ৰ	O
প্ৰকল্পৰ	O
সীমান্তৱৰ্ত্তী	O
এক	O
উদ্যান	O
আৰু	O
এই	O
দুয়োখনে	O
মিলি	O
প্ৰায়	O
১০০০	O
বৰ্গ	O
কিমি	O
অঞ্চল	O
আগুৰি	O
আছে	O
।	O

কুণ্ডটোৰ	O
উৎপত্তিৰ	O
লগত	O
পৰশুৰামে	B-PER
মাকক	O
হত্যা	O
কৰাৰ	O
ঘটনাটো	O
জড়িত	O
হৈ	O
আছে	O
।	O

বাসুদেৱলৈ	B-LOC
আহিবলৈ	O
দুটা	O
ৰাস্তা	O
আছে	O
।	O

জনশ্ৰুতি	O
অনুসৰি	O
এই	O
অঞ্চলতে	O
খোজ	O
পেলাই	O
শ্ৰীকৃষ্ণই	B-PER
নৰকাসুৰক	B-PER
বধ	O
কৰিছিল	O
।	O

বিকি	B-PER
ভাদবাৰ	I-PER
পৰা	O
জানিব	O
পৰামতে	O
ইয়াত	O
তেওঁলোকে	O
কাশ্মীৰৰ	B-LOC
পৰা	O
আমদানি	O
কৰা	O
বিভিন্ন	O
প্ৰজাতিৰ	O
বাঁহেৰে	O
ক্ৰিকেট	O
বেট	O
তৈয়াৰ	O
কৰে	O
।	O

সপ্তাহত	O
মাত্ৰ	O
এদিন	O
এয়াৰ	B-ORG
ইণ্ডিয়া	I-ORG
বিমান	O
মুম্বাইৰ	B-LOC
পৰা	O
কলকাতা	B-LOC
আৰু	O
বেংকক	B-LOC
হৈ	O
টকিঅলৈ	B-LOC
যাত্ৰা	O
কৰে	O
।	O

এইসমূহ	O
অসমীয়া	B-MISC
স্থাপত্যৰ	O
নিদৰ্শন	O
বুলি	O
কোৱা	O
হয়	O
।	O

এই	O
জাতীয়	O
প্ৰাচীন	O
কুণ্ড	O
গোটেই	O
ভাৰতত	B-LOC
বিয়পি	O
পৰা	O
বহু	O
প্ৰত্নতাত্ত্বিক	O
স্থানবোৰত	O
পোৱা	O
গৈছে	O
যিটো	O
পানীৰ	O
প্ৰাকৃতিক	O
প্ৰবাহক	O
নিয়ন্ত্ৰণ	O
কৰিব	O
পাৰে	O
।	O

ফুলেশ্বৰী	B-PER
কুঁৱৰী	I-PER
কেৱল	O
সুন্দৰীয়ে	O
নাছিল	O
,	O
আছিল	O
অতিকৈ	O
বুদ্ধিমতী	O
আৰু	O
উচ্চাভিলাষী	O
।	O

তাৰে	O
এটাৰ	O
দৈৰ্ঘ্য	O
আছিল	O
প্ৰায়	O
৩	O
কিলোমিটাৰ	O
যি	O
দিখৌ	B-LOC
নৈৰ	I-LOC
লগত	O
সংযোগী	O
আছিল	O
।	O

পৰশুৰামকুণ্ডত	B-LOC
থকা	O
ডাঙৰ	O
ডাঙৰ	O
হোটেল	O
আৰু	O
সৰু	O
হোটেলবোৰে	O
পৰ্যটকক	O
থকা	O
-	O
মেলা	O
আৰু	O
খোৱাত	O
কোনোদিনেই	O
অসুবিধাত	O
নেপেলায়	O
।	O

থানখন	O
শদিয়াৰ	B-LOC
পৰা	O
২৫	O
কি:মি:	O
আঁতৰৰ	O
ঢল	B-LOC
নদীৰ	I-LOC
পাৰত	O
অৱস্থিত	O
।	O

অন্যান্য	O
উল্লেখযোগ্য	O
প্ৰাণী	O
তথা	O
চৰাই	O
-	O
চিৰিকটি	O
সমূহ	O
তলত	O
উল্লেখ	O
কৰা	O
হ'ল	O
-	O
লাজুকী	O
বান্দৰ	O
,	O
অসমীয়া	B-MISC
বান্দৰ	O
,	O
গাহৰি	O
নেজীয়া	O
বান্দৰ	O
,	O
সেন্দুৰী	O
বান্দৰ	O
,	O
নাহৰফুটুকী	O
বাঘ	O
,	O
বনৰীয়া	O
গাহৰি	O
,	O
মাছোৰোকা	O
,	O
পাকৈঢোৰা	O
,	O
হেটুলুকা	O
,	O
ৰঙামূৰীয়া	O
বাঢ়ৈটোকা	O
,	O
গলমণিকা	O
,	O
ৰাজ	O
ভাটৌ	O
,	O
বনকুকুৰা	O
,	O
শৰালি	O
,	O
কলীমূৰী	O
হাঁহ	O
,	O
জিঞাখাটী	O
,	O
হাইঠা	O
,	O
কুটুম	O
চৰাই	O
,	O
ফেঁচু	O
,	O
ভীমৰাজ	O
,	O
বাৰীসুন্দৰী	O
,	O
ভদৰকলি	O
ইত্যাদি	O
।	O

বিদ্ৰোহৰ	O
পিছত	O
লেহুবৰ	B-PER
ঠাকুৰ	I-PER
ঘূৰি	O
আহি	O
দেৱালয়ৰ	O
শিৱ	O
লিংগত	O
নিয়মিত	O
পূজা	O
-	O
অৰ্চনা	O
আৰম্ভ	O
কৰে	O
।	O

এই	O
কেলেংগিউটৰ	B-LOC
কুইন	O
অৱ	O
বিচ্ছেছ	O
উপকূলৰাণী	O
আখ্যা	O
দিয়া	O
হয়	O
।	O

১৯৫৯	B-DATE
চনত	I-DATE
স্থাপিত	O
সমিতিখনে	O
নামঘৰটোৰ	O
উন্নয়নৰ	O
বাবে	O
ভালেমান	O
কাৰ্যসূচী	O
গ্ৰহণ	O
কৰিছে	O
।	O

ঐতিহাসিক	O
ভাৱে	O
ডিমাছা	B-MISC
-	O
কছাৰীসকলৰ	B-MISC
বাসভূমি	O
এই	O
অঞ্চল	O
ব্ৰিটিছ	O
শাসনকালত	O
অসমৰ	B-LOC
নগাঁও	B-LOC
জিলাৰ	O
এটা	O
মহকুমা	O
হিচাপে	O
গঠন	O
কৰা	O
হৈছিল	O
।	O

পিছলৈ	O
তেওঁ	O
চুফীবাদৰ	O
প্ৰতি	O
আকৃষ্ট	O
হৈ	O
নিজৰ	O
পুত্ৰক	O
সিংহাসনত	O
বহুৱাই	O
বাগদাদলৈ	B-LOC
গৈ	O
তাত	O
পীৰ	O
শ্বেখ	B-PER
ছাহাবুদ্দিন	I-PER
ছহৰৱাৰ্দীৰ	I-PER
আউলিয়া	O
হিচাপে	O
থাকে	O
।	O

দৌল	B-MISC
উৎসৱৰ	I-MISC
সময়ত	O
সত্ৰাধিকাৰ	O
আৰু	O
ভকতসকলে	O
চৌদোলাত	O
বংশীগপালৰ	B-PER
মূৰ্তি	O
প্ৰতিষ্ঠা	O
কৰে	O
।	O

অসমৰ	B-LOC
ৰাজধানী	O
দিশপুৰো	B-LOC
ইয়াতে	O
অৱস্থিত	O
।	O

এই	O
দানপত্ৰত	O
বৰদেউৰী	B-MISC
,	O
দলৈ	B-MISC
,	O
পাঠক	B-MISC
,	O
সুপকাৰ	B-MISC
,	O
আঠপৰীয়া	B-MISC
,	O
মালীয়া	B-MISC
,	O
ভড়ালী	B-MISC
,	O
ভোগঘৰীয়া	B-MISC
,	O
ঢুলীয়া	B-MISC
-	O
ডগৰীয়া	B-MISC
,	O
কালীয়া	B-MISC
,	O
গায়ন	B-MISC
-	O
বায়ন	B-MISC
,	O
কুমাৰসাৰা	B-MISC
,	O
ঠাকুৰীয়া	B-MISC
,	O
মজুমদাৰ	B-MISC
আদি	O
২৮	O
বিধ	O
পাইকৰ	O
কথা	O
উল্লেখ	O
আছে	O
।	O

তেওঁৰ	O
ঘৰ	O
লিমাৰ	B-LOC
ওচৰত	O
।	O

কিন্তু	O
নৰকে	B-PER
যেন	O
তেন	O
প্ৰকাৰেণ	O
বিয়া	O
কৰাবলৈ	O
জিদ	O
ধৰাত	O
কামাখ্যা	B-PER
দেৱীয়ে	I-PER
তেওঁৰ	O
পৰা	O
পৰিত্ৰাণ	O
পাবলৈ	O
বুদ্ধি	O
এটা	O
সাজিলে	O
।	O

১৯০৮	B-DATE
চনত	I-DATE
কাজিৰঙাক	B-LOC
সংৰক্ষিত	O
বনাঞ্চল	O
ঘোষণা	O
কৰা	O
হয়	O
।	O

নৰসিংহ	B-LOC
নামৰ	O
টিলাটোতো	O
কেইটামান	O
গাঁথনি	O
দেখা	O
যায়	O
।	O

সাত	O
বজাত	O
হোটেলৰ	O
কোঠা	O
খালী	O
কৰি	O
তিনিখন	O
সৰু	O
গাড়ীত	O
১১০	O
কিলোমিটাৰ	O
দূৰত্বৰ	O
ভাৰত	B-LOC
পাকিস্তানৰ	B-LOC
সীমান্তৰ	O
নগৰ	O
অমৃতসৰলৈ	B-LOC
যাত্ৰা	O
আৰম্ভ	O
কৰিলো	O
।	O

এই	O
বনাঞ্চল	O
প্ৰকৃততে	O
অৰুণাচল	B-LOC
প্ৰদেশৰ	I-LOC
টিৰাপ	B-LOC
আৰু	O
চাংলাং	B-LOC
জিলা	O
পৰ্যন্ত	O
বিয়পি	O
আছে	O
।	O

শিৱক	B-PER
দুটা	O
ৰূপত	O
উপাসনা	O
কৰা	O
হয়	O
।	O

হাতীমূৰা	B-LOC
দুৰ্গা	I-LOC
মন্দিৰ	I-LOC
কলিয়াবৰৰ	B-LOC
হাতীমূৰা	B-LOC
পাহাৰত	I-LOC
অৱস্থিত	O
।	O

ৰজাই	O
মাধৱদেৱক	B-PER
জোঁৱায়েকৰ	O
সৈতে	O
বন্দী	O
কৰে	O
,	O
পাছত	O
বিচাৰত	O
জোঁৱায়েকক	O
মৃত্যুদণ্ড	O
দিয়ে	O
আৰু	O
মাধৱদেৱক	B-PER
মুক্তি	O
দিয়ে	O
।	O

পৰৱৰ্তী	O
সময়ত	O
পকীক	B-LOC
ব্যক্তিগত	O
বাসভৱনৰ	O
সলনি	O
জ্যোতিভাৰতী	B-LOC
নামেৰে	O
এক	O
সাংস্কৃতিক	O
কেন্দ্ৰলৈ	O
ৰূপান্তৰিত	O
কৰা	O
হয়	O
।	O

ইনফ্লুচন	O
ৰেট	O
ভাৰত	B-LOC
৭.৮১	O
শতাংশ	O
পেৰু	B-LOC
৭.৬	O
শতাংশ	O
।	O

প্ৰায়	O
এক	O
ঘন্টা	O
উৰাৰ	O
পিচত	O
লিমাত	B-LOC
নামিলো	O
।	O

সেইকেইদিনৰ	O
বাবে	O
তেওঁ	O
শিৰোমনি	O
ভূঞাৰ	O
বাব	O
পিতামহ	O
জয়ন্তৰ	B-PER
হাতত	O
দি	O
থৈ	O
গৈছিল	O
।	O

মহাপুৰুষ	O
শ্ৰীমন্ত	B-PER
শংকৰদেৱ	I-PER
আৰু	O
মাধৱদেৱৰ	B-PER
উদ্যোগৰ	O
সত্ৰসমূহ	O
লৈ	O
ই	O
মহাপুৰুষীয়া	O
বৈষ্ণৱ	O
ধৰ্ম	O
আৰু	O
সত্ৰীয়া	O
সংস্কৃতিৰ	O
পীঠ	O
কেন্দ্ৰ	O
।	O

গুৱাহাটী	B-ORG
ষ্টক	I-ORG
এক্সছেইঞ্জ	I-ORG
হ'ল	O
মহানগৰীখনৰ	O
অন্যতম	O
উাল্লেখযোগ্য	O
অৰ্থনৈতিক	O
যোগাযোগৰ	O
বিত্তীয়	O
প্ৰতিষ্ঠান	O
।	O

পেৰুৰ	B-LOC
চালুকীয়া	O
গণতন্ত্ৰ	O
জীপ	O
পাই	O
উঠিল	O
যেতিয়া	O
এলবাৰ্টো	B-PER
ফিজোমেৰি	I-PER
১৯১৯	B-DATE
চনৰ	I-DATE
নিৰ্বাচনত	O
জয়ী	O
হ'ল	O
।	O

ৰিভাৰ	O
ৰাফটিঙৰ	O
কাৰণে	O
ক'ৰ্গত	B-LOC
আছে	O
অনন্য	O
সুবিধা	O
।	O

ওড়িশাৰ	B-LOC
জয়পুৰ	B-LOC
জিলাৰ	O
লেঙুডিত	B-LOC
এনে	O
এটা	O
থুপ	O
পোৱা	O
যায়	O
যিটো	O
আছিল	O
প্ৰথম	O
শতাব্দীৰ	O
।	O

এনেকৈয়ে	O
টিলিঙা	B-LOC
মন্দিৰ	I-LOC
নিৰ্মাণ	O
কৰা	O
হৈছিল	O
।	O

এই	O
বনাঞ্চলৰ	O
এটা	O
অংশ	O
অসম	B-ORG
চৰকাৰে	I-ORG
বন্যপ্ৰাণী	O
অভয়াৰণ্য	O
হিচাপে	O
ঘোষণা	O
কৰে	O
-	O
বাকী	O
অংশ	O
ডিব্ৰু	B-LOC
-	I-LOC
দেওমালি	I-LOC
হস্তী	I-LOC
প্ৰকল্প	I-LOC
ৰ	O
অন্তৰ্ভুক্ত	O
।	O

প্ৰিয়াৰ	O
বিয়োগত	O
মহাদেৱ	B-PER
শোকত	O
বলিয়া	O
হ'ল	O
আৰু	O
সতীৰ	B-PER
মৃতদেহ	O
কান্ধত	O
তুলি	O
লৈ	O
বিশ্ব	O
ভ্ৰমি	O
ফুৰিবলৈ	O
ধৰিলে	O
।	O

হোটেলটোৰ	O
নাম	O
গাৰু'	B-FAC
।	O

এই	O
মন্দিৰ	O
ব্ৰহ্মপুত্ৰ	B-LOC
নদীৰ	O
পাৰত	O
অৱস্থিত	O
বাবে	O
ইয়ালৈ	O
যাবলৈ	O
চৰকাৰী	O
-	O
বেচৰকাৰী	O
বিভিন্ন	O
নাওৰ	O
ব্যৱস্থা	O
আছে	O
।	O

নৱেম্বৰ	O
মাহৰপৰা	O
এপ্ৰিল	O
মাহলৈকে	O
চক্ৰশীলা	B-LOC
অভয়াৰণ্য	I-LOC
ভ্ৰমণৰ	O
বাবে	O
উপযুক্ত	O
সময়	O
।	O

মুখ্য	O
পথৰূপে	O
ধোদৰ	B-LOC
আলি	I-LOC
পথটি	O
ব্যৱহাৰ	O
কৰা	O
হয়	O
।	O

অসম	B-LOC
বুৰঞ্জীত	O
ইয়াৰ	O
উল্লেখ	O
নাই	O
যদিও	O
এই	O
দ'ল	O
জাগ্ৰত	O
বুলি	O
জনবিশ্বাস	O
আছে	O
।	O

শিৱসাগৰ	B-LOC
চহৰৰ	O
পৰা	O
জয়সাগৰলৈ	B-LOC
যাতায়াতৰ	O
সু	O
-	O
ব্যৱস্থা	O
আছে	O
।	O

নেঘেৰীটিং	B-LOC
মূল	O
দ'লটো	O
ঘেৰি	O
আছে	O
মূল	O
দ'লটোততকৈ	O
সৰু	O
চাৰিটা	O
অংগদ'লে	O
।	O

ইয়াৰেই	O
কেদাৰ	B-LOC
পাহাৰত	I-LOC
যোগমগ্ন	O
।	O

গুৱাহাটী	B-LOC
ৰাজ্য	O
তথা	O
দেশৰ	O
আন	O
অঞ্চলৰ	O
সৈতে	O
পথ	O
,	O
ৰে'ল	O
আৰু	O
বিমান	O
যাতায়তৰে	O
সুসংলগ্ন	O
।	O

পুৱতি	O
তৰা	O
ওলোৱাৰ	O
সময়ত	O
সকলো	O
লগ	O
লোৱাৰ	O
বাবে	O
এই	O
খেতিপথাৰ	O
খনৰ	O
নাম	O
পুৱতি	B-LOC
তৰা	I-LOC
ৰাখিছিল	O
।	O

অশ্বক্ৰান্ত	B-LOC
মন্দিৰটো	I-LOC
আহোম	B-MISC
যুগৰ	O
আগৰ	O
বুলি	O
ঠাৱৰ	O
কৰা	O
হৈছে	O
।	O

এই	O
দেৱালয়	O
আহোম	B-MISC
-	O
মোগল	B-MISC
মিশ্ৰিত	O
স্থাপত্যশৈলীৰ	O
উৎকৃষ্ট	O
নিদৰ্শন	O
।	O

স্থানীয়	O
কুউচুৱা	B-MISC
ভাষাত	O
মাচু	B-LOC
-	I-LOC
পিচুক	I-LOC
কোৱা	O
হয়	O
পুৰণা	O
পৰ্বত	O
,	O
মই	O
আগ্ৰাৰ	B-LOC
তাজমহল	I-LOC
দেখিছো	O
,	O
কিন্তু	O
ইমান	O
বিস্মিত	O
হোৱা	O
নাই	O
,	O
যেনেদৰে	O
হৈছো	O
,	O
মাচু	B-LOC
-	I-LOC
পিচুৰ	I-LOC
এই	O
শৈল	O
ভাস্কৰ্য্য	O
গ্ৰথিত	O
এই	O
বিশাল	O
পৰ্বতমালা	O
চাই	O
।	O

প্ৰবাদ	O
মতে	O
এই	O
ঠাইত	O
নৰকাসুৰক	B-PER
বধ	O
কৰিবলৈ	O
ভগৱান	O
কৃষ্ণৰ	B-PER
ঘোঁৰাসমূহ	O
ক্লান্ত	O
হৈ	O
পৰিছিল	O
।	O

অসম	B-ORG
ৰাজ্যিক	I-ORG
সংগ্ৰহালয়ত	I-ORG
৪২টা	O
মাষ্টাৰপিচ্‌	O
বস্তু	O
আছে	O
।	O

ৰাজস্থানৰ	B-LOC
ৰাজধানী	O
জযপুৰৰ	B-LOC
পৰা	O
প্ৰায়	O
১৩৫	O
কিলোমিটাৰ	O
দূৰত্বত	O
অৱস্থিত	O
আজমেৰ	B-LOC
এখন	O
ঐতিহাসিকভাৱে	O
গুৰুত্বপূৰ্ণ	O
ঠাই	O
।	O

শ্ৰীশ্ৰীপৰিহৰেশ্বৰ	B-LOC
দেৱালয়	I-LOC
হৈছে	O
অসমৰ	B-LOC
বৰপেটা	B-LOC
জিলাৰ	O
পাঠশালাৰ	B-LOC
পৰা	O
তিনি	O
কিলোমিটাৰ	O
আঁতৰৰ	O
ডুবি	B-LOC
গাঁৱত	O
অৱস্থিত	O
এখন	O
দেৱালয়	O
।	O

ডিমা	B-LOC
হাছাও	I-LOC
জিলা	O
,	O
আগৰ	O
নাম	O
উত্তৰ	B-LOC
কাছাৰ	I-LOC
পাৰ্বত্য	I-LOC
জিলা	I-LOC
,	O
অসমৰ	B-LOC
এখন	O
জিলা	O
।	O

কাজিৰঙাৰ	B-LOC
গঁড়ৰ	O
চোৰাং	O
চিকাৰক	O
উপজীৱ্য	O
হিচাপে	O
লৈ	O
ৰছিত	O
অৰূপ	B-PER
দত্তৰ	I-PER
শিশু	O
উপন্যাস	O
কাজিৰঙা	B-MISC
ট্ৰেইল	I-MISC
-	O
এ	O
শংকৰ	O
বঁটা	O
লাভ	O
কৰে	O
।	O

নাইনিতাল	B-LOC
এই	O
ৰোমাণ্টিক	O
নামটোৰ	O
আঁৰৰ	O
ঠাইখনো	O
অতি	O
ৰোমাণ্টিক	O
পৰিৱেশাবৃত্ত	O
ঠাই	O
।	O

কাষৰীয়া	O
গাঁওবোৰ	O
হৈছে	O
মাধুপুৰ	B-LOC
,	O
লক্ষীপুৰ	B-LOC
,	O
ৰামপুৰ	B-LOC
,	O
ফেঁচুৱেল	B-LOC
,	O
কাটনিবাৰী	B-LOC
,	O
পুখুৰাই	B-LOC
,	O
ভেলেউগুৰি	B-LOC
ৰতনপুৰ	I-LOC
,	O
ভেলেউগুৰি	B-LOC
অফলামুখ	I-LOC
,	O
ভেলেউগুৰি	B-LOC
কলিয়াগাঁও	I-LOC
আদি	O
।	O

মন্দিৰত	O
দৈনিক	O
নৱগ্ৰহৰ	O
পূজা	O
-	O
পাতল	O
হোৱাৰ	O
উপৰিও	O
প্ৰতি	O
বছৰে	O
মাঘ	O
-	O
ফাগুনৰ	O
সংক্ৰান্তিত	O
মহা	O
সমাৰোহেৰে	O
তিনিদিনিয়াকৈ	O
মহাযজ্ঞ	B-MISC
অনুষ্ঠিত	O
হয়	O
।	O

গোৱালপাৰা	B-LOC
নগৰৰ	O
গড়	O
সাক্ষৰতাৰ	O
হাৰ	O
৬৯%	O
।	O

থাইলেণ্ডৰ	B-LOC
প্ৰধান	O
পথসমূহৰ	O
উপৰি	O
উপ	O
-	O
পথসমূহো	O
পৰিপাটিকৈ	O
ৰখা	O
হয়	O
।	O

কিশোৰ	B-PER
কুমাৰ	I-PER
চৌধুৰী	I-PER
,	O
মিলন	B-LOC
নগৰ	I-LOC
,	O
ডিব্ৰুগড়	B-LOC
।	O

বায়ুসেনা	B-ORG
বাহিনীৰ	I-ORG
ষ্টেচন	O
এটাও	O
আছে	O
।	O

এছিয়ান	B-ORG
ডেভেল'পমেণ্ট	I-ORG
বেংকৰ	I-ORG
আৰ্থিক	O
সাহায্যৰে	O
গুৱাহাটীৰ	B-LOC
পৰিগাঁথনি	O
উন্নত	O
কৰাৰ	O
পৰিকল্পনা	O
কৰা	O
হৈছে	O
।	O

কেৱল	O
সেউজীয়া	O
গছ	O
-	O
গছনিয়ে	O
উপকূল	O
আৰু	O
বিশাল	O
সুন্দৰ	O
সাগৰৰ	O
স'তে	O
আগোণ্ডাত	B-LOC
সময়	O
অতিবাহিত	O
কৰাটো	O
প্ৰতিজন	O
পৰ্যটকৰ	O
কাৰণেই	O
এটা	O
অনন্য	O
অভিজ্ঞতা	O
হ'ব	O
পাৰে	O
।	O

অসম	B-ORG
বিজ্ঞান	I-ORG
-	I-ORG
প্ৰযুক্তি	I-ORG
আৰু	I-ORG
পৰিৱেশ	I-ORG
পৰিষদৰ	I-ORG
সঞ্চালক	O
হৰেশ	B-PER
চন্দ্ৰ	I-PER
দত্ত	I-PER
আদিকে	O
ধৰি	O
বহু	O
বিশিষ্ট	O
ব্যক্তি	O
উপস্থিত	O
আছিল	O
।	O

মাজুলীলৈ	B-LOC
যোৰহাট	B-LOC
আৰু	O
লখিমপুৰ	B-LOC
দুয়ো	O
দিশৰ	O
পৰা	O
যাব	O
পৰা	O
যায়	O
।	O

ছিলেত	B-LOC
মহিলা	O
সকলে	O
হেনো	O
বাঁহৰ	O
আহৰ	O
পৰা	O
সূতা	O
উলিয়াই	O
কাপোৰ	O
বুই	O
উলিয়াইছে	O
।	O

নামচাইৰ	B-LOC
বৌদ্ধবিহাৰ	B-LOC
ডাণ্টেই	I-LOC
চাংঘৰ	O
পাবলৈ	O
কিছু	O
সময়	O
বাকী	O
আছিল	O
।	O

২০০২	B-DATE
চনৰ	I-DATE
নৱেম্বৰ	O
মাহত	O
দীপৰ	B-LOC
বিলক	I-LOC
উত্তৰ	B-LOC
-	I-LOC
পূৰ্বাঞ্চলৰ	I-LOC
একমাত্ৰ	O
ৰামচৰ	O
অঞ্চল	O
বুলি	O
ঘোষণা	O
কৰা	O
হয়	O
।	O

বগীবিল	B-LOC
দলং	I-LOC
সম্পূৰ্ণ	O
হোৱাৰ	O
পিছত	O
ধেমাজি	B-LOC
ঢকুৱাখনা	B-LOC
হৈ	O
সকলো	O
বতৰৰ	O
উপযোগী	O
এটা	O
বিকল্প	O
পথো	O
বৰ্তমান	O
ব্যৱহাৰ	O
কৰা	O
হয়	O
।	O

ডিগবৈ	B-ORG
বন	I-ORG
সংমণ্ডলৰ	I-ORG
ডিৰাক	B-LOC
বনাঞ্চল	I-LOC
,	O
আপাৰ	B-LOC
ডিহিং	I-LOC
সংৰক্ষিত	I-LOC
বনাঞ্চল	I-LOC
আৰু	O
ডিব্ৰুগড়	B-ORG
বন	I-ORG
সংমণ্ডলৰ	I-ORG
জয়পুৰ	B-LOC
সংৰক্ষিত	I-LOC
বনাঞ্চল	I-LOC
এলেকা	O
লৈ	O
দিহিং	B-LOC
-	I-LOC
পাটকাই	I-LOC
বন্যপ্ৰাণী	I-LOC
অভয়াৰণ্য	I-LOC
গঠিত	O
হৈছে	O
।	O

শতাব্দী	O
খ্ৰীষ্টীয়	O
পাল	B-MISC
ৰাজবংশ	I-MISC
অসম	B-LOC
সহ	O
ভাৰতৰ	B-LOC
এখন	O
বৃহত	O
অংশত	O
বিস্তৃত	O
হৈছিল	O
যাৰ	O
ফলস্বৰূপ	O
ব্ৰহ্মপুত্ৰ	B-LOC
উপত্যকাৰ	O
-	O
ৰ	O
দৈৰ্ঘ্য	O
আৰু	O
উশাহ	O
নিশাহৰ	O
বৌদ্ধধৰ্ম	B-MISC
বিয়পাই	O
পৰিছিল	O
।	O

হাফলঙলৈ	B-LOC
পোনপটিয়াভাৱে	O
আকাশীযানৰ	O
ব্যৱস্থা	O
নাই	O
।	O

এই	O
মন্দিৰটো	O
যদিও	O
মদন	B-LOC
-	I-LOC
কাম	I-LOC
-	I-LOC
দেৱ	I-LOC
নামেৰে	O
জনাজাত	O
,	O
প্ৰকৃততে	O
এই	O
দেৱালয়ত	O
উমা	B-PER
আৰু	O
মহেশ্বৰৰহে	B-PER
মূৰ্তি	O
বিদ্যামান	O
।	O

সেই	O
অনুযায়ী	O
নাইজেৰিয়ালৈ	B-LOC
যাবলৈ	O
বুলি	O
২০	B-DATE
অক্টোবৰত	I-DATE
মুম্বাই	B-FAC
বিমানবন্দৰত	I-FAC
উপস্থিত	O
হৈছিলোঁ	O
।	O

ঢেকীয়াখোৱা	B-LOC
বৰনামঘৰৰ	I-LOC
লগত	O
কেইবাটাও	O
কাহিনী	O
জড়িত	O
আছে	O
।	O

ই	O
লাওখোৱা	B-LOC
-	I-LOC
বুঢ়াচাপৰি	I-LOC
পৰিস্থিতি	O
তন্ত্ৰৰ	O
অন্তৰ্গত	O
।	O

কোৱা	O
হয়	O
যে	O
দৈত্যগুৰু	O
শুক্ৰাচাৰ্যই	B-PER
মন্দিৰৰ	O
শিৱলিংগটো	O
প্ৰতিষ্ঠা	O
কৰিছিল	O
।	O

ইয়াৰ	O
উপৰিও	O
ইয়াত	O
ডিব্ৰু	B-LOC
নদীত	I-LOC
নৌকাত	O
উঠি	O
শিহু	O
আৰু	O
বিভিন্ন	O
পক্ষী	O
নিৰীক্ষণ	O
কৰাৰ	O
সুবিধা	O
আছে	O
।	O

এই	O
দৰগাহটো	O
ঔৰংজেৱৰ	B-PER
দিনত	O
পুনৰ	O
নিৰ্মাণ	O
কৰা	O
হয়	O
।	O

কাজিৰঙা	B-LOC
ৰাষ্ট্ৰীয়	I-LOC
উদ্যানত	I-LOC
তিনিটা	O
ঋতু	O
অনুভূত	O
হয়	O
-	O
গ্ৰীষ্ম	O
,	O
বৰ্ষা	O
আৰু	O
শীত	O
।	O

উদ্যানখনত	O
থকা	O
শৈল	O
ভাস্কৰ্যসমূহ	O
কোনো	O
কোনোৱে	O
বাণ	B-PER
ৰজাৰ	O
দিনৰ	O
বুলি	O
অনুমান	O
কৰে	O
।	O

দিহিং	B-LOC
পাটকাইৰ	I-LOC
প্ৰাণীকুলৰ	O
বৈচিত্ৰ্যও	O
অন্য	O
এক	O
লক্ষণীয়া	O
দিশ	O
।	O

প্ৰাকৃতিক	O
সৌন্দৰ্য্যৰে	O
ভৰপূৰ	O
জিলাখনত	O
অসমৰ	B-LOC
একমাত্ৰ	O
পাৰ্বত্য	O
-	O
চহৰ	O
হাফলং	B-LOC
অৱস্থিত	O
।	O

এই	O
গেট	O
বা	O
তোৰণ	O
নিৰ্মাণ	O
কৰা	O
হৈছিল	O
শুক্ৰেশ্বৰ	B-LOC
ঘাটত	O
য'ত	O
ভাইছৰয়	O
গৰাকীয়ে	O
অসম	B-LOC
ভ্ৰমণৰ	O
সময়ত	O
প্ৰথম	O
পদাৰ্পণ	O
কৰিছিল	O
।	O

নাটক	O
তথা	O
বিভিন্ন	O
সাংস্কৃতিক	O
অনুষ্ঠান	O
অনুষ্ঠিত	O
কৰাৰ	O
উদ্দেশ্যে	O
১৮৯৬	B-DATE
চনত	I-DATE
যোৰহাটৰ	B-LOC
কেইজনমান	O
বিশিষ্ট	O
ব্যক্তিৰ	O
তত্ত্বাৱধানত	O
যোৰহাট	B-ORG
থিয়েটাৰৰ	I-ORG
জন্ম	O
হয়	O
।	O

পাণ্ডৱসকলে	B-MISC
অজ্ঞাতবাসৰ	O
কালচোৱাত	O
ধৌম্য	B-PER
মুণিক	I-PER
লগ	O
পায়	O
আৰু	O
তেওঁলোকৰ	O
পুৰোহিত	O
হিচাপে	O
লগত	O
লৈ	O
যায়	O
।	O

হিন্দুসকলৰ	B-MISC
বাবে	O
অশ্বক্ৰান্তৰ	B-LOC
মাহাত্ম্য	O
অসীম	O
।	O

২০১১	B-DATE
চনৰ	I-DATE
১১	B-DATE
জানুৱাৰীত	I-DATE
অসমৰ	B-LOC
মুখ্যমন্ত্ৰী	O
তৰুণ	B-PER
গগৈয়ে	I-PER
উদ্বোধন	O
কৰে	O
।	O

শিমলুগুৰিৰ	B-LOC
পৰা	O
এটা	O
শাখা	O
ৰেলপথ	O
ডিব্ৰুগড়লৈ	B-LOC
সম্প্ৰসাৰণ	O
ঘটোৱাৰ	O
পাছত	O
দেশৰ	O
অন্যান্য	O
অংশৰ	O
সৈতে	O
শিৱসাগৰ	B-LOC
আৰু	O
মৰাণ	B-LOC
নগৰ	O
ৰেলৰ	O
দ্বাৰা	O
সংযোজিত	O
হৈছে	O
।	O

শিৱসাগৰ	B-LOC
নগৰৰ	O
পৰা	O
দুই	O
কি:মি:	O
দক্ষিণে	O
পুৰনি	O
ৰংপুৰ	B-LOC
নগৰৰ	O
অস্তিত্ব	O
বিৰাজমান	O
।	O

আমেৰিকাৰ	B-LOC
শাসনযন্ত্ৰৰ	O
সৰ্বোচ্চ	O
কেন্দ্ৰ	O
কেপিটল	B-LOC
হিললৈ	I-LOC
গৈ	O
আছো	O
।	O

এই	O
তাম্ৰপত্ৰত	O
ভাস্কৰ	B-PER
বৰ্মণৰ	I-PER
পূৰ্বপুৰুষ	O
সকলৰ	O
নাম	O
তথা	O
ৰাণী	O
কেইগৰাকীমানৰ	O
নামো	O
উল্লেখ	O
আছে	O
।	O

স্বৰ্গদেৱ	O
ৰাজেশ্বৰ	B-PER
সিংহই	I-PER
এবাৰ	O
চন্দ্ৰগ্ৰহণৰ	O
সময়ত	O
অশ্বক্ৰান্ত	B-LOC
মন্দিৰত	I-LOC
সোণ	O
দান	O
কৰা	O
আৰু	O
ব্ৰাহ্মণ	O
,	O
সাধু	O
-	O
সন্তক	O
মাটি	O
দান	O
কৰাৰ	O
কথা	O
বুৰঞ্জীত	O
উল্লেখ	O
আছে	O
।	O

পবিতৰা	B-LOC
অভয়াৰণ্য	I-LOC
বা	O
পবিতৰা	B-LOC
,	O
অসমৰ	B-LOC
পৰ্যটন	O
স্থল	O
সমূহৰ	O
ভিতৰত	O
এখন	O
উল্লেখযোগ্য	O
স্থান	O
।	O

লুইতৰ	B-LOC
পাৰত	O
বংশী	B-PER
গোপালদেৱে	I-PER
স্থাপন	O
কৰা	O
কুৰুহাবীহী	B-LOC
সত্ৰখন	I-LOC
১৫৬৬	B-DATE
চনত	I-DATE
প্ৰতাপ	B-PER
সিংহই	I-PER
ভাঙি	O
পেলায়	O
যদিও	O
স্বৰ্গদেউ	O
চুৰমফা	B-PER
বা	O
ভগা	B-PER
ৰজাই	I-PER
ইয়াক	O
পুনৰ	O
নিৰ্মাণ	O
কৰে	O
।	O

বৰ্তমানৰ	O
কেইবামহলীয়া	O
তলাতল	B-LOC
ঘৰটো	I-LOC
স্বৰ্গদেউ	O
ৰাজেশ্বৰ	B-PER
সিংহৰ	I-PER
শাসনকালত	O
১৭৫১	B-DATE
-	I-DATE
১৭৬৯	I-DATE
চনৰ	I-DATE
ভিতৰত	O
সাজি	O
উলিওৱা	O
হৈছিল	O
।	O

অৰ্কিডৰ	O
বৈচিত্ৰ্যৰ	O
বাবে	O
দিহিং	B-LOC
পাটকাইৰ	I-LOC
বনাঞ্চল	O
অতি	O
প্ৰখ্যাত	O
।	O

উদ্যানখনৰ	O
সীমাত	O
পাচনৈ	B-LOC
,	O
বেলশিৰি	B-LOC
নৈ	I-LOC
আৰু	O
ধনশিৰিনৈ	B-LOC
অৱস্থিত	O
।	O

দ্বিতীয়	O
উচ্চতম	O
শৃংগ	O
হেম্পুপেট	B-LOC
গৰমপানীৰ	B-LOC
ওচৰৰ	O
ডিটকচেৰা	B-LOC
পৰ্বতমালাৰ	I-LOC
কিছূ	O
অংশও	O
ডিমা	B-LOC
-	I-LOC
হাছাও	I-LOC
জিলাৰ	O
ভিতৰত	O
পৰে	O
।	O

পেৰুৰ	B-LOC
জনস্বাস্থ্য	O
গৃহযুদ্ধৰ	O
ফলত	O
কেনেকৈ	O
বিধসত	O
হৈছিল	O
আৰু	O
ফিউচাৰ	B-ORG
জেনেৰেচন	I-ORG
ৰ	O
সহায়ত	O
কেনেকৈ	O
জীপাল	O
হৈ	O
উঠিল	O
তেখেতে	O
আদিৰে	O
পৰা	O
বৰ্ণালে	O
।	O

ব্ৰহ্মপুত্ৰৰ	B-LOC
বুকুৰ	O
এই	O
ক্ষুদ্ৰ	O
আৰু	O
মনোমোহা	O
দ্বীপটোত	O
অৱস্থিত	O
মন্দিৰটোলৈ	O
যাবলৈ	O
গুৱাহাটীৰ	B-LOC
কাছাৰী	B-LOC
ঘাটৰ	I-LOC
পৰা	O
আছে	O
অতি	O
সুচল	O
ফেৰীসেৱা	O
।	O

এই	O
ৰক্তাক্ত	O
ৰণত	O
মটকসকল	O
জয়ী	O
হৈ	O
বুদবাৰী	B-LOC
মহন্ত	I-LOC
কলীয়া	I-LOC
গোঁসাই	I-LOC
সত্ৰলৈ	I-LOC
আহিছিল	O
।	O

মহাপুৰুষ	O
শ্ৰীমন্ত	O
শংকৰদেৱৰ	B-PER
জন্মস্থান	O
বটদ্ৰৱা	B-LOC
(	O
বৰদোৱা	B-LOC
)	O
নে	O
আলিপুখুৰী	B-LOC
পাটকিবৰী	I-LOC
এই	O
লৈ	O
ভিন্নমত	O
প্ৰকাশ	O
হৈ	O
থকা	O
পৰিলক্ষিত	O
হৈছে	O
।	O

এই	O
চাৰিভাগী	B-LOC
আৰু	O
লাউমুৰী	B-LOC
নামে	O
ঠাইত	O
এই	O
দুখন	O
সত্ৰ	O
দামোদৰ	B-PER
ঠাকুৰে	I-PER
প্ৰতিষ্ঠা	O
কৰাৰ	O
বাবে	O
নৰোৱাসত্ৰ	B-LOC
নামেৰে	O
প্ৰসিদ্ধ	O
হ'ল	O
।	O

দিহিং	B-LOC
পাটকাই	I-LOC
অভয়াৰণ্যৰ	I-LOC
বনাঞ্চল	O
হৈছে	O
অসম	B-LOC
উপত্যকাৰ	O
ক্ৰান্তীয়	O
সিক্ত	O
চিৰসেউজ	O
বনাঞ্চল	O
।	O

এই	O
নিদৰ্শনটোক	O
অসমৰ	B-LOC
আটাইতকৈ	O
প্ৰাচীন	O
তথা	O
দেশৰ	O
আপুৰুগীয়া	O
বুলি	O
ভাৰতৰ	B-LOC
পুৰাতাত্ত্বিক	O
জৰীপৰ	O
বাৰ্ষিক	O
প্ৰতিবেদন	O
,	O
১৯২৪	B-DATE
-	I-DATE
২৫	I-DATE
আৰু	O
১৯২৫	B-DATE
-	I-DATE
২৬	I-DATE
ত	O
তেখেতে	O
প্ৰতিবেদন	O
দাখিল	O
কৰে	O
।	O

যমুনাৰ	B-PER
মূৰ্তিটোৰ	O
সোঁ	O
-	O
হাতে	O
তলত	O
দুটা	O
নাৰীমূৰ্তি	O
আছে	O
।	O

ইয়াৰ	O
পিছত	O
,	O
জাতিংগাত	B-LOC
পক্ষীসমূহৰ	O
হত্যা	O
প্ৰায়	O
৪০%	O
হ্ৰাস	O
পায়	O
।	O

সেই	O
দিনেই	O
হ'ল	O
অশোক	B-PER
মুনিৰ	I-PER
নামেৰে	O
অশোকাষ্টমী	B-MISC
।	O

কূৰ্মজনাৰ্দন	B-LOC
বৰ্তমান	O
মন্দিৰটো	O
দৰঙৰ	O
ৰজাই	O
সজাই	O
দিছিল	O
।	O

যুগ্ম	O
শিৱ	B-PER
-	O
পাৰ্ৱতী	B-PER
শৈৱ	O
আৰু	O
শাক্তৰ	O
সমন্বিত	O
ৰূপ	O
।	O

আন	O
এটা	O
প্ৰবাদ	O
মতে	O
,	O
শ্ৰীমন্ত	B-PER
শংকৰদেৱে	I-PER
কাজি	B-PER
আৰু	O
ৰঙাই	B-PER
নামে	O
এহাল	O
অপুত্ৰক	O
দম্পতীক	O
সন্তান	O
লাভৰ	O
বাবে	O
সেই	O
ঠাইত	O
এটা	O
বৃহৎ	O
পুখুৰী	O
খন্দাবলৈ	O
কৈছিল	O
।	O

গোলাঘাট	B-LOC
জিলাৰ	O
অন্তৰ্গত	O
নামবৰ	B-LOC
-	I-LOC
নৈগ্ৰাং	I-LOC
সংৰক্ষিত	I-LOC
বনাঞ্চল	I-LOC
অসমৰ	O
অনুপম	O
পৰ্যটন	O
ক্ষেত্ৰ	O
।	O

সেয়েহে	O
,	O
১৯২৬	B-DATE
চনতে	I-DATE
ৰাধাকান্ত	B-PER
সন্দিকৈয়ে	I-PER
অসম	B-ORG
সাহিত্য	I-ORG
সভাক	I-ORG
এই	O
ভৱনটো	O
দান	O
দিছিল	O
।	O

পদুমণি	B-LOC
থান	I-LOC
লখিমপুৰ	B-LOC
জিলাৰ	O
উত্তৰ	O
দিশত	O
লখিমপুৰ	B-LOC
চহৰ	O
পৰা	O
২৫	O
কিলোমিটাৰ	O
নিলগত	O
অৱস্থিত	O
।	O

দেৱী	B-LOC
দৌল	I-LOC
গৌৰীসাগৰ	B-LOC
পুখুৰীৰ	I-LOC
উত্তৰ	O
তীৰৰ	O
পূৱ	O
সীমান্তত	O
অৱস্থিত	O
এটা	O
দৌল	O
বা	O
মন্দিৰ	O
।	O

জনশ্ৰুতি	O
অনুসৰি	O
১৫২৮	B-DATE
চনত	I-DATE
মহাপুৰুষ	B-PER
মাধৱদেৱে	I-PER
এই	O
নামঘৰ	O
প্ৰতিষ্ঠা	O
কৰিছিল	O
।	O

কোৱা	O
হয়	O
যে	O
নৰকাসুৰক	B-PER
বধ	O
কৰিবলৈ	O
আহোতে	O
শ্ৰীকৃষ্ণ	B-PER
কামৰূপলৈ	B-LOC
এই	O
ঠাইত	O
তেওঁৰ	O
ঘোঁৰাটো	O
ভাগৰি	O
পৰিছিল	O
।	O

নৰকৰ	B-PER
অত্যাচাৰ	O
ইমানে	O
বাঢ়িল	O
যে	O
অৱশেষত	O
কৃষ্ণই	B-PER
কিৰাটৰাজক	B-PER
বধ	O
কৰি	O
তেওঁৰ	O
পুত্ৰ	O
ভগদত্তক	B-PER
প্ৰাগজ্যোতিষৰ	B-LOC
সিংহাসন	O
অৰ্পণ	O
কৰিলে	O
।	O

ইয়ো	O
আমেৰিকা	B-LOC
ভ্ৰমণৰ	O
এটা	O
অভিজ্ঞতা	O
হ'ব	O
।	O

ই	O
গুৱাহাটীৰ	B-LOC
উত্তৰ	O
-	O
পূবে	O
প্ৰায়	O
৩৬০	O
কিলোমিটাৰ	O
দূৰৈত	O
অৱস্থিত	O
।	O

পাহাৰৰ	O
শিখৰত	O
এখন	O
প্ৰাচীন	O
শিলেৰে	O
অৰ্ধনিৰ্মিত	O
বা	O
১৮৯৭	B-DATE
চনৰ	I-DATE
ভূমিকম্পত	O
ধ্বংসপ্ৰাপ্ত	O
মন্দিৰ	O
আছে	O
।	O

উত্তৰ	B-LOC
ভাৰতৰ	I-LOC
আটাইতকৈ	O
ডাঙৰ	O
আৰু	O
আটকধুনীয়া	O
পৰিসৰৰ	O
মন্দিৰটোৱেই	O
হৈছে	O
ৰঘুনাথ	B-LOC
মন্দিৰ	I-LOC
।	O

সাধাৰণতে	O
আমাৰ	O
মাজুলীতকৈ	B-LOC
ক্ষুদ্ৰ	O
ছিংগাপুৰৰ	B-LOC
এই	O
দ্বীপপুঞ্জ	O
।	O

শীতকালত	O
অসমলৈ	B-LOC
দুটা	O
প্ৰজাতিৰ	O
বালিমাহীৰ	O
আগমন	O
ঘটে	O
।	O

গুৱাহাটী	B-LOC
নামটো	O
অসমীয়া	B-MISC
ভাষাৰ	O
দুটা	O
শব্দ	O
গুৱা	O
আৰু	O
হাট	O
ৰ	O
পৰা	O
উদ্ভৱ	O
হৈছে	O
।	O

১৯৬৪	B-DATE
চনত	I-DATE
এই	O
গাঁওখন	O
ডাঠ	O
হাবি	O
আৰু	O
ডাঙৰ	O
ওখ	O
শিলেৰে	O
ভৰা	O
আছিল	O
।	O

তেওঁলোকে	O
সপেনীয়	B-MISC
ভাষাত	O
কথা	O
কৈছে	O
,	O
বুজি	O
নাপাওঁ	O
।	O

আমাৰ	O
সোঁহাতে	O
আটলাণ্টিক	B-LOC
সাগৰৰ	I-LOC
পাহাৰৰ	O
মাজে	O
মাজে	O
ভিতৰলৈ	O
সোমাই	O
অহা	O
দেখিবলৈ	O
পাইছিলোঁ	O
।	O

এই	O
মহলটো	O
আহোম	B-MISC
স্থাপত্যকলাৰ	O
এক	O
উল্লেখযোগ্য	O
নিদৰ্শন	O
।	O

আজিকালিৰ	O
শ্ৰীলংকাৰ	B-LOC
গাড়ীৰ	O
নাম্বাৰ	O
প্লেট	O
এখন	O
প্ৰথমে	O
সৰুকৈ	O
লিখা	O
থাকে	O
প্ৰদেশখনৰ	O
দুটা	O
বৰ্ণ	O
,	O
তাৰপাছত	O
এডাল	O
ডেছ	O
আৰু	O
তলত	O
গাড়ীৰ	O
নম্বৰ	O
।	O

আন্দালুছিয়াৰ	B-LOC
ৰাজধানী	O
মহানগৰ	O
ছেভিল্লা	B-LOC
স্পেইনৰ	B-LOC
দক্ষিণাংশৰ	O
মহানগৰ	O
।	O

১৬৬০	B-DATE
শকত	I-DATE
স্বৰ্গদেৱ	O
শিৱ	B-PER
সিংহই	I-PER
তামৰ	O
ফলিত	O
লিখি	O
সুন্দৰীদিয়া	B-LOC
সত্ৰক	I-LOC
২০	O
পুৰা	O
মাটি	O
দান	O
কৰে	O
।	O

প্ৰথমদিনা	O
ফুৰিবলৈ	O
ওলাই	O
আইৰিছ	B-LOC
সাগৰত	I-LOC
মাছ	O
ধৰা	O
চালোঁ	O
।	O

যি	O
বিশোৰীয়ে	B-PER
মোক	O
পিঠিত	O
বান্ধি	O
লৈ	O
ফুৰিছিল	O
তাই	O
হয়তো	O
খেলি	O
ফুৰিছিল	O
ঘিলা	O
অথবা	O
হেতালি	O
,	O
দৌৰি	O
ফুৰিছিল	O
হাবি	O
-	O
বননি	O
,	O
চিলুম	O
অথবা	O
জেতুকা	O
পকা	O
খাই	O
খাই	O
পেতাং	O
(	O
চৰাই	O
)	O
ধৰিবলৈ	O
পাতি	O
ফুৰিথিল	O
ফান্দ	O
অথবা	O
নিগনিৰ	O
গাঁতত	O
দিছিল	O
জাক	O
আৰু	O
তাই	O
নজনাকৈয়ে	O
মই	O
কথা	O
পাতিছিলো	O
সূৰুষৰ	O
স'তে	O
।	O

তাৰপিছ্ত	O
তেজপুৰ	B-ORG
পৌৰসভাই	I-ORG
মাটিটুকুৰা	O
পাঁচশ	O
টকাত	O
কিনি	O
লৈ	O
তাত	O
উদ্ধাৰ	O
হোৱা	O
শৈলভাস্কৰ্য্যসমূহ	O
স্থাপন	O
কৰি	O
উদ্যানৰূপে	O
গঢ়ি	O
তোলে	O
।	O

নলবাৰী	B-LOC
চহৰৰ	O
পৰা	O
প্ৰায়	O
১৪	O
কিলোমিটাৰ	O
পশ্চিমৰ	O
বেলশৰত	B-LOC
শ্ৰী	B-LOC
শ্ৰী	I-LOC
বিল্বেশ্বৰ	I-LOC
দেৱালয়	I-LOC
অৱস্থিত	O
।	O

ৰংঘৰৰ	B-LOC
চাল	O
অৰ্দ্ধ	O
-	O
বৃত্তাকৃতিৰ	O
,	O
এটা	O
ওভতাই	O
থোৱা	O
দীঘলীয়া	O
আকৃতিৰ	O
বাতিৰ	O
দৰে	O
।	O

১৮৭৬	B-DATE
চনত	I-DATE
চেকনীধৰা	B-LOC
গাঁৱত	O
সেই	O
সময়ৰ	O
যোৰহাট	B-ORG
টি	I-ORG
কম্পেনীৰ	I-ORG
অধীক্ষক	O
জে.	B-PER
হাটমেনে	I-PER
এই	O
ক্লাবটোৰ	O
বাবে	O
এটা	O
ঘৰ	O
নিৰ্মাণ	O
কৰে	O
।	O

বৰ্তমান	O
ই	O
বিটিএডিৰ	B-ORG
অন্তৰ্গত	O
বাক্সা	B-LOC
জিলা	O
আৰু	O
ওদালগুৰি	B-LOC
জিলাত	O
অন্তৰ্ভুক্ত	O
হৈছে	O
।	O

মিচিং	B-MISC
জনগোষ্ঠীৰ	O
সংখ্যাগৰিষ্ঠতা	O
থাকিলেও	O
যথেষ্ট	O
সাধাৰণ	O
শ্ৰেণী	O
,	O
অনুসূচীত	O
জাতি	O
,	O
সোণোৱাল	B-MISC
কছাৰী	I-MISC
আৰু	O
দেউৰী	B-MISC
সম্প্ৰদায়ৰ	O
লগতে	O
আৰু	O
কিছুসংখ্যক	O
বঙালী	B-MISC
হিন্দু	I-MISC
আৰু	O
নেপালী	B-MISC
সম্প্ৰদায়ৰ	O
লোকে	O
বাস	O
কৰে	O
।	O

চক্ৰশীলা	B-LOC
অভয়াৰণ্যৰ	I-LOC
প্ৰধান	O
আকৰ্ষণ	O
হৈছে	O
সোণালী	O
বান্দৰ	O
।	O

২০০৬	B-DATE
চনত	I-DATE
কাজিৰঙাক	B-LOC
বাঘ	O
সংৰক্ষণ	O
ক্ষেত্ৰ	O
হিচাপে	O
ঘোযণা	O
কৰা	O
হয়	O
।	O

পৰিহৰেশ্বৰ	B-LOC
দেৱালয়ৰ	I-LOC
চৌহদৰ	O
একেবাৰে	O
পশ্চিম	O
ফালে	O
এডাল	O
অতি	O
পুৰণি	O
তালগছ	O
আছে	O
।	O

বালিচাপৰীৰ	B-LOC
পৰা	O
ধূনাগুৰি	B-FAC
ঘাট	I-FAC
পাৰ	O
হৈ	O
লখিমপুৰ	B-LOC
জিলালৈ	O
নিয়মীয়া	O
ভাবে	O
যান	O
বাহনৰ	O
অহা	O
যোৱা	O
হয়	O
।	O

পৃথিৱীৰ	O
কোনখন	O
দেশে	O
কি	O
কৰিব	O
যৰ	O
পৰা	O
নিদ্দেৰ্শিত	O
হয়	O
সেইখন	O
ৱাছিংটন	B-LOC
।	O

ঢাক	B-ORG
মেডিকেল	I-ORG
কলেজ	I-ORG
,	O
সংস্কৃত	B-ORG
কলেজ	I-ORG
,	O
সাধনা	B-ORG
ঔষধালয়	I-ORG
এই	O
সকলোবোৰ	O
প্ৰখ্যাত	O
আৰু	O
বিখ্যাত	O
প্ৰতিষ্ঠান	O
আছিল	O
বাংলাদেশত	B-LOC
আগৰ	O
পূৰ্ব	B-LOC
বঙ্গত	I-LOC
।	O

প্ৰবাদ	O
মতে	O
উমাৰ	B-PER
আনন্দৰ	O
কাৰণে	O
শিৱ	B-PER
এই	O
স্থানত	O
বিৰাজমান	O
,	O
সেই	O
বাবেই	O
ইয়াৰ	O
নাম	O
উমানন্দ	B-LOC
আৰু	O
কোৱা	O
হয়	O
যে	O
মহাদেৱে	B-PER
এই	O
ঠাইতে	O
কামদেৱক	B-PER
ভষ্ম	O
কৰিছিল	O
সেই	O
বাবে	O
ইয়াৰ	O
নাম	O
ভষ্মাচল	B-LOC
বুলিও	O
কোৱা	O
হয়	O
।	O

ই	O
পৌৰাণিক	O
কামপীঠৰ	B-LOC
অন্তৰ্গত	O
আছিল	O
।	O

পাছত	O
১৯০৭	B-DATE
চনত	I-DATE
দূৰ্গাপূজাৰ	B-MISC
সপ্তমীৰ	O
নিশা	O
পদ্মনাথ	B-PER
গোহাঞি	I-PER
বৰুৱাই	I-PER
ৰচনা	O
কৰা	O
বাণৰজা	B-MISC
নাটকৰে	I-MISC
বাণ	B-ORG
থিয়েটাৰৰ	I-ORG
নাট	O
নিবেদন	O
প্ৰক্ৰিয়া	O
আৰম্ভ	O
হৈছিল	O
।	O

আৰু	O
এই	O
ষ্টেচনৰ	O
পৰাই	O
সংযোগ	O
হয়	O
দিল্লী	B-LOC
,	O
চেন্নাই	B-LOC
,	O
কলকাতা	B-LOC
,	O
হায়দৰাবাদলৈ	B-LOC
।	O

আটাইতকৈ	O
ওচৰৰ	O
নগৰ	O
বোকাখাটলৈ	B-LOC
দূৰত্ব	O
২৩	O
কি.	O
মি.	O
।	O

বিদেঘ্	O
মাধৱে	B-PER
আহি	O
পূৱদেশৰ	O
চীন	B-LOC
বা	O
বৰপানী	B-LOC
নদীৰ	I-LOC
পাৰত	O
যিটো	O
পাহাৰত	O
আশ্ৰম	O
পাতি	O
আৰ্য্যধৰ্ম	O
প্ৰসাৰত	O
মনোনিবেশ	O
কৰিছিল	O
সেই	O
ঠায়েই	O
পিছলৈ	O
মাধৱ	B-LOC
পাৰা	I-LOC
নামে	O
জনাজাত	O
হয়	O
।	O

চোৰংচিকাৰৰ	O
বাবে	O
১৯৯১	B-DATE
চনত	I-DATE
এশিঙীয়া	O
গঁড়	O
৯৭	O
টাৰ	O
পৰা	O
৪৮	O
লৈ	O
কমি	O
যায়	O
।	O

অসম	B-ORG
ৰাজ্যিক	I-ORG
সংগ্ৰহালয়	I-ORG
হৈছে	O
ৰায়	B-PER
বাহাদুৰ	I-PER
কনকলাল	I-PER
বৰুৱাৰ	I-PER
মানস	O
সন্তান	O
।	O

পৰশুৰামকুণ্ডৰ	B-LOC
এনে	O
বহু	O
ঠাই	O
আছে	O
যিবোৰে	O
সহজে	O
ভ্ৰমণকাৰীক	O
মুগ্ধ	O
আৰু	O
আকৰ্ষণ	O
কৰে	O
।	O

অসমৰ	B-LOC
ঐতিহ্য	O
আৰু	O
গৌৰৱক	O
জানিবলৈ	O
বা	O
বুজিবলৈ	O
নেঘেৰীটিং	B-LOC
শিৱদ'ল	I-LOC
দৰ্শন	O
কৰিটো	O
প্ৰয়োজনীয়	O
।	O

আগবেলা	O
জম্মু	B-LOC
চহৰৰ	I-LOC
পৰা	O
কিলোমিটাৰ	O
দূৰত	O
অৱস্থিত	O
অন্য়	O
এক	O
আকৰ্ষণীয	O
আৰু	O
দৰ্শনীয	O
স্থান	O
হল	O
বাহু	B-LOC
ফ'ৰ্ট	I-LOC
।	O

হাফলাও	O
বা	O
হাংখলং	O
শব্দৰ	O
পৰা	O
হাফলং	B-LOC
চহৰৰ	O
নাম	O
উদ্ভৱ	O
হোৱা	O
বুলি	O
অনুমান	O
কৰা	O
হয়	O
।	O

মেচুকাৰ	B-LOC
প্ৰাণ	O
এই	O
য়াৰগাপচ্য়ু	B-LOC
নৈখন	O
।	O

আমি	O
ইয়াৰ	O
পৰা	O
কুচকোলৈ	B-LOC
যোৱা	O
বিমানৰ	O
টিকট	O
মেডাম	O
থাওৰাৰ	B-PER
হাতত	O
।	O

এই	O
থুপবোৰৰ	O
উল্লেখযোগ্য	O
কাৰণ	O
এটা	O
-	O
দুটা	O
পয়েণ্ট	O
প্ৰদৰ্শন	O
কৰে	O
-	O
প্ৰথম	O
,	O
প্ৰাচীন	O
কামৰূপত	B-LOC
বৌদ্ধৰ	B-PER
প্ৰভাৱ	O
আছিল	O
।	O

২০০৫	B-DATE
চনত	I-DATE
উলহ	O
-	O
মালহেৰে	O
কাজিৰঙা	B-LOC
ৰাষ্ট্ৰীয়	I-LOC
উদ্যানৰ	I-LOC
এশ	B-MISC
বছৰীয়া	I-MISC
জয়ন্তী	B-MISC
উদ্‌যাপন	I-MISC
কৰা	O
হয়	O
।	O

লাৰা	B-PER
মহাশয়াক	O
এদিন	O
কৈ	O
সোনকালে	O
ওলোলো	O
।	O

জনশ্ৰুতিমতে	O
,	O
ডুবি	B-LOC
অঞ্চলটো	O
সেই	O
পুষ্পভদ্ৰা	B-LOC
নদীৰে	O
কোনোবা	O
এটুকুৰা	O
দ	O
-	O
ঠাই	O
।	O

ইয়াৰ	O
উপৰিও	O
তিৰুপতিৰ	B-LOC
কেইখনমান	O
উল্লেখযোগ্য	O
ঠাইৰ	O
বিষয়ে	O
কিছু	O
আভাস	O
দিয়াটো	O
সমীচীন	O
বুলি	O
ভাবি	O
তিৰুপতি	B-LOC
ভ্ৰমণত	O
অলপ	O
সহায়	O
কৰিলোঁ	O
।	O

মইনালৈ	B-PER
ফোন	O
কৰিলো	O
।	O

জন	O
বিশ্বাস	O
মতে	O
শিৱয়ে	B-PER
ইয়াত	O
ভয়ানন্দ	O
ৰূপেৰে	O
বিৰাজমান	O
।	O

ক্ৰমাগতভাৱে	O
১৯৯৭	B-DATE
চনত	I-DATE
৩৪০	O
বৰ্গ	O
কি:মি:	O
অঞ্চলক	O
মুখ্য	O
অঞ্চল	O
আৰু	O
ইয়াৰ	O
চৌপাশৰ	O
৪২৫	O
বৰ্গ	O
কি:মি:	O
নিৰপেক্ষ	O
অঞ্চল	O
হিচাবে	O
লৈ	O
৭৬৫	O
বৰ্গ	O
কি:মি:	O
অঞ্চলক	O
ডিব্ৰু	B-LOC
-	I-LOC
ছৈখোৱা	I-LOC
সংৰক্ষিত	I-LOC
জৈৱ	I-LOC
মণ্ডল	I-LOC
হিচাবে	O
ঘোষণা	O
কৰা	O
হৈছিল	O
।	O

অসমৰ	B-LOC
দূৰ	O
-	O
দূৰণিৰ	O
ভক্ত	O
ৰ	O
লগতে	O
নেপাল	B-LOC
ৰ	O
অসংখ্য	O
ভক্তই	O
আহি	O
ইয়াত	O
প্ৰাৰ্থনা	O
কৰা	O
দেখা	O
যায়	O
।	O

মঞ্জু	B-PER
নাথে	I-PER
আমাক	O
এটা	O
ইউনিভাৰচেল	O
পিন	O
আনি	O
দি	O
বৰ	O
সহায়	O
কৰিলে	O
।	O

পৰ্যটকৰ	O
কৈলাশগিৰি	B-LOC
উদ্যান	I-LOC
অৱসৰ	O
বিনোদন	O
তথা	O
নিৰিবিলি	O
পৰিৱেশৰ	O
আমেজ	O
লোৱাৰ	O
বাবে	O
অতিকৈ	O
উত্তম	O
উদ্যান	O
।	O

এই	O
শিলালিপিত	O
স্বৰ্গদেউৰ	O
লগতে	O
তৰুণ	B-PER
দুৱৰা	I-PER
বৰফুকনৰ	I-PER
নাম	O
উল্লেখ	O
আছে	O
লগতে	O
স্বৰ্গদেউৰ	O
আদেশত	O
এই	O
মন্দিৰ	O
নিৰ্মাণ	O
কৰা	O
আৰু	O
দীৰ্ঘেশ্বৰী	B-LOC
দেৱালয়ৰ	I-LOC
নামত	O
ভূমিদানৰ	O
কথাও	O
উল্লেখ	O
আছে	O
।	O

মুছৌৰী	B-LOC
এই	O
অপূৰ্ব	O
পৰ্বত	O
শৃংগটোৰ	O
কুইন	B-LOC
অৱহিল	I-LOC
নামেৰেহে	O
বিখ্যাত	O
।	O

ফলত	O
ছিংগাপুৰৰ	B-LOC
আকাৰ	O
-	O
আকৃতি	O
বাঢ়ি	O
গৈ	O
আছে	O
।	O

২০০৪	B-DATE
চনৰ	I-DATE
২৫	B-DATE
মে'ত	I-DATE
অসম	B-ORG
চৰকাৰে	I-ORG
জাননী	O
নং	O
এফআৰপি	O
৩৭/৯৭/২০	O
ৰ	O
যোগে	O
ইয়াক	O
হোলোঙাপাৰ	B-LOC
গিবন	I-LOC
অভয়াৰণ্য	I-LOC
বুলি	O
পুনৰ্নামকৰণ	O
কৰে	O
।	O

ইয়াত	O
আহোম	O
ড্ৰেগন	B-PER
ঙি	I-PER
ঙাও	I-PER
খামৰ	I-PER
ভাস্কৰ্যও	O
দেখা	O
যায়	O
।	O

গাড়ীখনে	O
মোক	O
নি	O
ইউনিৰ্ভাৰ্ছেল	B-ORG
ষ্টুডিঅ'ৰ	I-ORG
সমুখত	O
নমাই	O
দিলে	O
।	O

গৰমপানী	B-LOC
অভয়াৰণ্য	I-LOC
হৈছে	O
অসমৰ	B-LOC
কাৰ্বি	B-LOC
আংলং	I-LOC
জিলাত	O
অৱস্থিত	O
এখন	O
অভয়াৰণ্য	O
।	O

পিছলৈ	O
তেওঁ	O
আবু	B-PER
ছাইদ	I-PER
তাব্ৰিজী	I-PER
আৰু	O
আজমীৰলৈ	B-LOC
গৈ	O
খাজা	B-PER
মইনুদ্দিন	I-PER
চিস্তীৰ	I-PER
লগত	O
যোগ	O
দিছিল	O
।	O

শিৱসাগৰ	B-LOC
চহৰৰ	O
পৰা	O
মাত্ৰ	O
৩	O
কিলোমিটাৰ	O
মান	O
আঁতৰত	O
এই	O
গৃহটো	O
অৱস্থিত	O
।	O

১৯৯৭	B-DATE
-	I-DATE
১৯৯৮	I-DATE
চনত	I-DATE
বিশ্ব	O
ঐতিহ্য	O
নিধিৰ	O
নিৰাপত্তা	O
প্ৰবলনৰ	O
বাবে	O
কাৰিকৰী	O
সহযোগিতা	O
আঁচনিৰ	O
অধীনত	O
১০০	O
,	O
০০০	O
আমেৰিকান	O
ডলাৰৰ	O
অনুদান	O
আগবঢ়োৱা	O
হৈছিল	O
।	O

তেজপুৰৰ	B-LOC
দ	B-LOC
-	I-LOC
পৰ্বতীয়াৰ	I-LOC
শৈল	I-LOC
দ্বাৰ	I-LOC
,	O
অগ্নিগড়	B-LOC
,	O
চিত্ৰলেখা	B-LOC
উদ্যান	I-LOC
,	O
জ্যোতি	B-LOC
ভাৰতী	I-LOC
আদি	O
ঐতিহাসিক	O
স্মৃতিচিহ্নৰ	O
কাৰণেও	O
বিখ্যাত	O
।	O

খৰাঙত	O
মানুহৰ	O
বিলাই	O
-	O
বিপত্তিৰ	O
সীমা	O
নোহোৱাত	O
মহাপুৰুষ	O
শ্ৰীমন্ত	B-PER
শংকৰদেৱে	I-PER
ইয়াৰ	O
পৰা	O
পৰিত্ৰাণ	O
পাবলৈ	O
এজোপা	O
বটবৃক্ষৰ	O
তলত	O
ৰাতি	O
নাম	O
-	O
কীৰ্তনৰ	O
আয়োজন	O
কৰিছিল	O
।	O

টিলিঙা	B-LOC
মন্দিৰ	I-LOC
তিনিচুকীয়া	B-LOC
জিলাৰ	O
বৰডুবি	B-LOC
নামৰ	O
ঠাইত	O
অৱস্থিত	O
।	O

আহোম	B-MISC
ৰাজত্বৰ	O
সময়ৰ	O
বিখ্যাত	O
স্থপত্যবিদ	O
ঘনশ্যাম	B-PER
খনিকৰে	I-PER
এই	O
মন্দিৰটো	O
নিৰ্মাণ	O
কৰিছিল	O
বুলি	O
জানিব	O
পৰা	O
যায়	O
।	O

টাই	O
-	O
আহোম	O
বুৰঞ্জী	O
মতে	O
স্বৰ্গদেউ	O
গৌৰীনাথ	B-PER
সিংহৰ	I-PER
ৰাজত্বকালত	O
১৭৮৭	B-DATE
খ্ৰীষ্টাব্দত	I-DATE
ডিবৰুমুখৰ	B-LOC
অমৰা	B-LOC
তলিত	I-LOC
আহোম	O
আৰু	O
মটকৰ	O
মাজত	O
এখন	O
ৰণ	O
হৈছিল	O
।	O

সিদিনা	O
আছিল	O
৩	B-DATE
মে'	I-DATE
।	O

এই	O
নিৰ্বাচনত	O
বুচটামেণ্টে	B-PER
ৰেভেৰো	I-PER
ৰাষ্ট্ৰপতি	O
নিৰ্বাচিত	O
হয়	O
।	O

প্ৰচণ্ড	O
ক্ৰোধত	O
নৰকে	B-PER
খেদি	O
খেদি	O
গৈ	O
বৰ্তমানৰ	O
কুকুৰাকটা	B-LOC
নামৰ	O
ঠাই	O
টুকুৰাত	O
মায়াৱী	O
কুকুৰাটো	O
দুচেওকৈ	O
কাটিলে	O
।	O

স্থাপত্য	O
আৰু	O
ভাস্কৰ্যৰ	O
প্ৰচুৰ্যৰ	O
বিচাৰেৰে	O
মদন	B-LOC
-	I-LOC
কামদেৱৰ	I-LOC
ঐতিহাসিক	O
গুৰুত্ব	O
অসীম	O
হোৱা	O
সত্ত্বেও	O
এই	O
ঐতিহ্যৰ	O
পৃষ্ঠাপোষকৰ	O
বিষয়ে	O
কোনো	O
প্ৰত্যক্ষ	O
প্ৰমাণ	O
এতিয়ালৈকে	O
আবিষ্কাৰ	O
হোৱা	O
নাই	O
।	O

ইয়াৰ	O
উপৰিও	O
চাংৰুং	B-MISC
ফুকন	I-MISC
পুথি	I-MISC
সমূহত	O
পাইকৰ	O
সংখ্যা	O
,	O
কামৰ	O
সময়সীমা	O
,	O
কামৰ	O
বাবে	O
প্ৰদান	O
কৰা	O
বেতন	O
আৰু	O
মৈদাম	O
দিওঁতে	O
কৰা	O
পৰম্পৰাগত	O
আচাৰ	O
-	O
অনুষ্ঠানৰ	O
বিষয়েও	O
বিতংকৈ	O
লিখা	O
আছে	O
।	O

দক্ষিণপাট	B-LOC
সত্ৰ	I-LOC
অসমৰ	B-LOC
চাৰিখন	O
ৰাজ	O
সত্ৰৰ	O
ভিতৰত	O
দ্বিতীয়	O
শাৰীৰ	O
সত্ৰ	O
।	O

পবিতৰা	B-LOC
অভয়াৰণ্যৰ	I-LOC
অক্ষাংশ	O
২৬.২৪৩	O
-	O
ৰপৰা	O
২৬.২২০	O
-	O
লৈ	O
আৰু	O
দ্ৰাঘিমাংশ	O
৯২.০৩৯	O
-	O
ৰপৰা	O
৯২.০৬৯	O
-	O
লৈ	O
বিস্তৃত	O
।	O

ঘৰত	O
খীৰাবলৈ	O
নিদিয়া	O
গাইজনীয়ে	O
সদায়	O
গৈ	O
পুষ্পভদ্ৰা	B-LOC
নদীৰ	O
পাৰত	O
নল	O
-	O
খাগৰী	O
বিৰিণাৰে	O
ভৰি	O
থকা	O
নিৰ্দিষ্ট	O
জাৰণি	O
এডৰাত	O
গাখীৰ	O
দিয়েগৈ	O
।	O

তামিলনাডুৰ	B-LOC
অন্যতম	O
পৰ্যটন	O
ক্ষেত্ৰ	O
তথা	O
বিশ্বৰ	O
ঐতিহ্যক্ষেত্ৰৰ	O
১৬	O
তম	O
স্থানত	O
থকা	O
শৈল	O
নগৰী	O
মহাবলীপুৰমত	B-LOC
ভৰি	O
থৈ	O
সেইদিনা	O
যথাৰ্থতে	O
অনুভৱ	O
কৰিছিলো	O
কোনোবা	O
অতিথি	O
পৰ্যটকে	O
ক'ৰবাত	O
লিখি	O
থৈ	O
যোৱা	O
এই	O
বাক্যশাৰী	O
।	O

গুৱাহাটীৰ	B-LOC
মাজমজিয়াৰ	O
পৰা	O
৯	O
কিলোমিটাৰ	O
আঁতৰত	O
অৱস্থিত	O
এই	O
মন্দিৰৰ	O
অন্যতম	O
দৰ্শনীয়	O
বস্তু	O
হ'ল	O
মন্দিৰৰ	O
গাত	O
অংকিত	O
শিল্প	O
-	O
ভাস্কৰ্যসমূহ	O
।	O

লক্ষণীয়	O
যে	O
৫১৩১১৫	O
বৰ্গমিটাৰ	O
মাটিকালিৰে	O
থাইলেণ্ডত	B-LOC
৩৫	O
হেজাৰতকৈ	O
অধিক	O
বৌদ্ধ	B-MISC
মঠ	O
আছে	O
।	O

মে	B-MISC
ডাম	I-MISC
মে	I-MISC
ফি	I-MISC
হ'ল	O
টাই	B-MISC
আহোমসকলৰ	I-MISC
ফুৰালুং	B-MISC
ধৰ্মৰ	I-MISC
নিয়ম	O
অনুসৰি	O
পালন	O
কৰা	O
সামাজিক	O
পৰম্পৰাগত	O
উৎসৱ	O
।	O

দেউতাই	O
আমাৰ	O
তিনিও	O
ভাই	O
-	O
ভনীক	O
লৈ	O
বৰপেটাৰ	B-LOC
পৰা	O
বাছেৰে	O
টিহুলৈ	B-LOC
আহি	O
তাৰ	O
পৰা	O
আমাৰ	O
ৰে'ল	O
ভ্ৰমণ	O
আৰু	O
শৰাইঘাটৰ	B-LOC
দলংখন	I-LOC
চোৱাৰ	O
সুযোগ	O
কৰি	O
দিছিল	O
।	O

আহোম	B-MISC
ৰাজত্ব	O
কালত	O
নিমাৰ্ণ	O
কৰা	O
বিভিন্ন	O
কীৰ্তিচিহ্ন	O
নগৰ	O
তথা	O
সমগ্ৰ	O
শিৱসাগৰ	B-LOC
জিলাতে	O
আছে	O
।	O

পাল	B-MISC
বংশৰ	I-MISC
শাসনকালত	O
ই	O
১০ম	O
-	O
১১শ	O
শতিকালৈকে	O
অসমৰ	B-LOC
ৰাজধানী	O
আছিল	O
।	O

টেক্সিচালকজনে	O
পৰম্পৰাত	O
ওমানী	B-MISC
সাজপাৰ	O
পৰিধান	O
কৰাটোৱে	O
মোৰ	O
দৃষ্টি	O
আকৰ্ষণ	O
কৰিছিল	O
।	O

সেয়েহে	O
মাজুলীক	B-LOC
সত্ৰ	O
নগৰী	O
বুলিও	O
কোৱা	O
হয়	O
।	O

সেইবোৰৰ	O
ভিতৰত	O
ৰঘুনাথ	B-LOC
মন্দিৰ	I-LOC
অন্যতম	O
।	O

পূৰ্বতে	O
ইয়াক	O
গৌৰীপুৰৰ	B-LOC
ৰজাই	O
চিকাৰ	O
স্থলী	O
হিচাপে	O
ব্যৱহাৰ	O
কৰাৰ	O
কথা	O
জনা	O
যায়	O
।	O

চৰাইদেউ	B-LOC
জিলা	O
অসমৰ	B-LOC
এখন	O
ন	O
-	O
কৈ	O
গঠন	O
কৰা	O
জিলা	O
যি	O
প্ৰাচীন	O
আহোম	B-MISC
ৰাজধানী	O
চহৰ	O
চৰাইদেউ	B-LOC
আৰু	O
কিছু	O
অঞ্চলক	O
সামৰি	O
গঠিত	O
।	O

নামেৰি	B-LOC
ৰাষ্ট্ৰীয়	I-LOC
উদ্যানত	I-LOC
ছশৰো	O
অধিক	O
বিভিন্ন	O
প্ৰজাতিৰ	O
উদ্ভিদ	O
আছে	O
বুলি	O
জনা	O
যায়	O
।	O

এইবোৰৰ	O
সলনি	O
স্থানীয়	O
ভাৰতীয়	B-MISC
গঁড়কে	O
ধৰি	O
অন্য	O
জন্তু	O
বিদেশলৈ	O
পঠিওৱা	O
হৈছিল	O
।	O

চেশমা	B-LOC
শ্বাহীৰ	I-LOC
পাছত	O
আমি	O
পাৰী	B-LOC
মহল	I-LOC
চাই	O
ব'টানিকেল	O
গাৰ্ডেন	O
পালোহি	O
।	O

এই	O
আদি	O
ভিঠিৰ	O
পৰাই	O
মাধবদেৱে	B-PER
ভক্তিপ্ৰাণ	O
মহিলাসকলক	O
আইসকল	O
বুলি	O
সম্বোধন	O
কৰিছিল	O
আৰু	O
তেতিয়াৰ	O
পৰাই	O
মহাপুৰুষীয়া	O
সত্ৰসমূহত	O
মহিলাসকলক	O
আইসকল	O
বোলা	O
পৰম্পৰাত	O
পৰিণত	O
হয়	O
।	O

তাৰ	O
পৰাই	O
ইয়াৰ	O
নাম	O
গৰমপানী	B-LOC
হ'ল	O
।	O

লিমা	B-LOC
নগৰখন	O
ভালকৈ	O
চোৱাই	O
হোৱাই	O
নাই	O
।	O

গোৱাৰ	B-LOC
সমুদ্ৰতীৰৰ	O
অপৰূপ	O
সৌন্দৰ্যই	O
প্ৰতিমুহূৰ্ততে	O
পৰ্যটকক	O
হাত	O
বাউলি	O
মাতে	O
।	O

ডিব্ৰু	B-LOC
-	I-LOC
ছৈখোৱা	I-LOC
ৰাষ্ট্ৰীয়	I-LOC
উদ্যানখনৰ	I-LOC
মাটিকালি	O
হৈছে	O
৩৪০	O
বৰ্গ	O
কি:মি:	O
।	O

অৰ্থাৎ	O
২৯	B-DATE
মাৰ্চ	I-DATE
তাৰিখে	O
পুৱা	O
ভাৰতীয়	B-MISC
সময়মতে	O
১১	O
বজাত	O
ৰোমৰ	B-LOC
বিমানবন্দৰত	O
নামিলোঁহি	O
।	O

লোকবিশ্বাস	O
মতে	O
ইয়াত	O
ভগৱান	O
শিৱৰ	B-PER
পত্নী	O
দেৱী	O
সতীৰ	B-PER
নাভি	O
পৰিছিল	O
।	O

অসমৰ	B-LOC
প্ৰথমটো	O
আধুনিক	O
ৰংগ	O
মঞ্চ	O
বাণ	O
ৰঙ্গমঞ্চ	O
১৯০৬	B-DATE
চনত	I-DATE
আৰু	O
অসমৰ	B-LOC
প্ৰথমখন	O
সংগীত	O
বিদ্যালয়	O
জ্যোতিকলা	B-ORG
কেন্দ্ৰ	I-ORG
১৯৪০	B-DATE
চনত	I-DATE
ইয়াতেই	O
স্থাপিত	O
হয়	O
।	O

ইয়াৰ	O
কাৰণ	O
হৈছে	O
দিখৌ	B-LOC
নৈৰ	O
পলস	O
পৰি	O
সেই	O
অংশবিশেষ	O
পোত	O
খাই	O
গৈছে	O
।	O

কিন্তু	O
,	O
১৯৯২	B-DATE
চনত	I-DATE
ইয়াক	O
ৰাজীৱ	B-LOC
গান্ধী	I-LOC
অভয়াৰণ্য	I-LOC
হিচাপে	O
নামকৰণ	O
কৰা	O
হয়	O
।	O

প্ৰকাণ্ড	O
প্ৰকাণ্ড	O
ঢৌ	O
আৰু	O
বহুতো	O
মানুহৰ	O
সমাগম	O
দেখা	O
পাই	O
১৯৯১	B-DATE
চনৰ	I-DATE
পুৰীৰ	B-LOC
বঙ্গোপসাগৰৰ	B-LOC
স্মৃতি	O
চকুৰ	O
আগত	O
ভাঁহি	O
উঠিল	O
।	O

১৯	B-DATE
মাৰ্চৰ	I-DATE
পুৱাই	O
আমি	O
ওলালোঁ	O
মাতাদি	B-LOC
বৈষ্ণোদেৱীৰ	I-LOC
দৰ্শনৰ	O
উদ্দেশ্যে	O
।	O

নগৰখনৰ	O
দক্ষিণ	O
অংশত	O
ইয়াৰ	O
ওচৰতে	O
গণেশগুৰিৰ	B-LOC
ৰূপত	O
যোৱা	O
কেইদশকমান	O
ধৰি	O
এটা	O
উপ	O
-	O
কেন্দ্ৰ	O
গঢ়ি	O
উঠিছে	O
।	O

দিহিং	B-LOC
পাটকাই	I-LOC
ৰাষ্ট্ৰীয়	I-LOC
উদ্যান	I-LOC
অসমৰ	B-LOC
ডিব্ৰুগড়	B-LOC
আৰু	O
তিনিচুকীয়া	B-LOC
জিলাত	O
অৱস্থিত	O
এখন	O
ৰাষ্ট্ৰীয়	O
উদ্যান	O
।	O

ললিত	O
কণ্ঠ	O
,	O
ধুনীয়া	O
আৰু	O
আকৰ্ষণীয়	O
আৰু	O
তেওঁক	O
তাম্ৰেশ্বৰী	B-PER
বোলা	O
হয়	O
।	O

তেতিয়া	O
মুনিয়ে	O
দয়াপৰবশ	O
হৈ	O
ব্ৰহ্মপুত্ৰক	B-LOC
ক'লে	O
,	O
তোৰ	O
দক্ষিণ	O
পাৰ	O
কাকবিষ্ঠা	O
হৈয়ে	O
থাকিব	O
আৰু	O
উত্তৰ	O
পাৰ	O
পৱিত্ৰ	O
হব	O
।	O

গুৱাহাটীৰ	B-LOC
নিকটৱৰ্তী	O
ছয়গাঁৱত	B-LOC
আছে	O
চান্দৰ	B-PER
মেৰঘৰৰ	O
ভগ্নাৱশেষ	O
।	O

আজিৰ	O
তাৰিখত	O
অন্ধ্ৰপ্ৰদেশৰ	B-LOC
প্ৰতিটো	O
ঊষৰ	O
আন্তৰেই	O
খেতিৰে	O
সেউজীয়া	O
হৈছে	O
কেৱল	O
চন্দ্ৰবাবু	B-PER
নাইডুৱে	I-PER
সেই	O
সময়ত	O
দিয়া	O
গুৰুত্বৰ	O
বাবেই	O
।	O

এই	O
প্ৰতিযোগিতাৰ	O
বিজয়ীক	O
গ'ভাৰ্ণৰছ	B-MISC
কাপ	I-MISC
প্ৰদান	O
কৰা	O
হয়	O
।	O

সৰু	O
কামলৈকে	O
কুণ্ঠাবোধ	O
নকৰা	O
ভিয়েটনামত	B-LOC
নাই	O
কোনো	O
নিবনুৱা	O
সমস্যা	O
,	O
নাই	O
কোনো	O
গাড়ীৰ	O
পয়োভৰ	O
।	O

২০০১	B-DATE
চনৰ	I-DATE
পিয়ল	O
অনুযায়ী	O
দ্বিতীয়	O
বৃহৎ	O
জনজাতি	O
নগা	B-MISC
,	O
আৰু	O
তৃত্বীয়	O
বৃহৎ	O
জনজাতি	O
হৈছে	O
কুকি	B-MISC
।	O

দ্বীপৰাষ্ট্ৰখনৰ	O
প্ৰধান	O
দ্বীপটোক	O
ছিংগাপুৰ	B-LOC
দ্বীপ	O
হিচাপে	O
জনা	O
যায়	O
।	O

উৰুবাম্বা	B-LOC
নদীৰ	I-LOC
পাৰত	O
এক	O
সুন্দৰ	O
প্ৰকাণ্ড	O
হোটেল	O
।	O

কেইজনমান	O
উল্লেখযোগ্য	O
ব্যক্তি	O
হ'ল	O
সাহিত্যাচাৰ্য	O
লক্ষ্মীৰাম	B-PER
বৰুৱা	I-PER
,	O
জ্যোতিপ্ৰসাদ	B-PER
আগৰৱালা	I-PER
,	O
কলাগুৰু	O
বিষ্ণুপ্ৰসাদ	B-PER
ৰাভা	I-PER
,	O
নটসূৰ্য্য	O
ফণী	B-PER
শৰ্মা	I-PER
,	O
ড°	O
ভূপেন	B-PER
হাজৰিকা	I-PER
,	O
পদ্মনাথ	B-PER
গোহাঞিবৰুৱা	I-PER
,	O
নকুল	B-PER
চন্দ্ৰ	I-PER
ভূঞা	I-PER
প্ৰমূখ্যে	O
অনেক	O
মহান	O
শিল্পীয়ে	O
এই	O
মঞ্চতেই	O
সাংস্কৃতিক	O
সাধনা	O
কৰিছিল	O
।	O

গুৱাহাটী	B-ORG
তাৰকাগৃহ	I-ORG
গুৱাহাটী	B-LOC
চহৰৰ	O
মাজ	O
-	O
মজিয়াৰ	O
মহাত্মা	B-LOC
গান্ধী	I-LOC
পথত	I-LOC
অৱস্থিত	O
।	O

তেওঁ	O
দেখিলে	O
,	O
তাৱি	B-LOC
নদীৰ	I-LOC
এটা	O
ঘাটত	O
বনৰীয়া	O
বাঘ	O
আৰু	O
এটা	O
বনৰীয়া	O
ছাগলীয়ে	O
একেলগে	O
পানী	O
খাই	O
আছে	O
অথচ	O
বাঘটোৱে	O
ছাগলীটোক	O
আক্ৰমণ	O
কৰা	O
নাই	O
।	O

কেন্দ্ৰবোৰৰ	O
মাজত	O
এখন	O
শ্ৰী	B-LOC
সূৰ্য	I-LOC
পাহাৰ	I-LOC
হিচাপে	O
চিহ্নিত	O
কৰা	O
হৈছে	O
যিটো	O
সংস্কৃতিৰ	O
আইকনো'গ্ৰাফীক	O
তাৎপৰ্যও	O
বহন	O
কৰে	O
।	O

কালিকা	O
পুৰাণৰ	O
মতে	O
এবাৰ	O
ব্ৰহ্মাৰ	B-PER
পুত্ৰ	O
বশিষ্ঠ	B-PER
মুনি	I-PER
নিমি	B-PER
ৰজাৰ	O
শাপত	O
দেহহীন	O
হয়	O
।	O

হাতীগড়	B-LOC
শিৱ	I-LOC
দেৱালয়	I-LOC
বা	O
দ'ল	O
যোৰহাট	B-LOC
নগৰৰপৰা	O
প্ৰায়	O
পাঁচ	O
মাইল	O
দূৰত	O
ট্ৰাংক	B-LOC
ৰ'ডৰ	I-LOC
দাঁতিত	O
অৱস্থিত	O
এখন	O
দেৱালয়	O
।	O

জনশ্ৰুতি	O
অনুসৰি	O
ৰাভাসকলৰ	O
আদি	O
ৰজা	O
দ'দান	B-PER
।	O

কমলাবাৰী	B-LOC
সত্ৰ	I-LOC
প্ৰতিষ্ঠা	O
কৰিছিল	O
বদুলা	B-PER
পদ্ম	I-PER
আতাই	I-PER
।	O

তেওঁলোকৰ	O
নামৰপৰাই	O
ঠাইখনৰ	O
নাম	O
হ'ল	O
কাজিৰঙা	B-LOC
।	O

নেঘেৰিটিং	B-LOC
শিৱদৌল	I-LOC
অসমৰ	B-LOC
গোলাঘাট	B-LOC
জিলাৰ	O
অন্তৰ্গত	O
দেৰগাঁও	B-LOC
নগৰৰ	O
পৰা	O
পূৱফালে	O
ছয়	O
কি:মি:	O
মান	O
আঁতৰত	O
সুন্দৰ	O
প্ৰাকৃতিক	O
পৰিবেশৰ	O
মাজত	O
অৱস্থিত	O
।	O

তদুপৰি	O
কলকতাক	B-LOC
আছাম	B-LOC
হাউচৰ	I-LOC
পৰা	O
ভিক্টোৰিয়া	B-LOC
মেম'ৰিয়েল	I-LOC
হৈ	O
ময়দানৰ	O
বৃহৎ	O
ফিল্ডখন	O
,	O
দিল্লীৰ	B-LOC
চানক্যপুৰী	B-LOC
বা	O
নয়দাৰ	B-LOC
গৌতম	B-LOC
বুদ্ধ	I-LOC
পাৰ্কখন	I-LOC
,	O
পুৰীৰ	B-LOC
বৃহৎ	O
বীচ্চৰ	O
পাৰে	O
পাৰে	O
আদি	O
ঠাইসমূহত	O
পুৱা	O
খোজকাঢ়ি	O
অতি	O
ভাল	O
লাগে	O
।	O

ভিয়েটনামীসকলে	B-MISC
ইংৰাজী	B-MISC
ভালকৈ	O
ক'ব	O
বা	O
বুজি	O
নাপায়	O
।	O

আছিফ	B-PER
জাহ	I-PER
হায়দৰাবদ	B-LOC
ৰাজ্যৰ	O
ৰাজ্যপাল	O
নিযুক্ত	O
হোৱাৰ	O
পিছৰেপৰা	O
আৰম্ভ	O
হয়	O
এই	O
চহৰৰ	O
আধুনিক	O
যুগ	O
।	O

এই	O
বনাঞ্চলখনৰ	O
উত্তৰ	O
-	O
পশ্চিম	O
দিশত	O
ব্ৰহ্মপুত্ৰ	B-LOC
নদী	I-LOC
আৰু	O
দক্ষিণে	O
দিচাং	B-LOC
নৈ	I-LOC
বৈ	O
গৈছে	O
।	O

এইক্ষেত্ৰত	O
উচ্চতম	B-ORG
ন্যায়ালয়ৰ	I-ORG
বাধা	O
নিষেধো	O
এটা	O
কৰক	O
।	O

এই	O
তাম্ৰপত্ৰখন	O
আহোম	O
ৰজা	O
শিৱসিংহই	B-PER
দান	O
দিছিল	O
।	O

ছিংগাপুৰ	B-LOC
আৰু	O
মাজুলীৰ	B-LOC
ক্ষেত্ৰত	O
এটা	O
পাৰ্থক্য	O
বৰ্তমান	O
চলি	O
আছে	O
।	O

যোৰহাট	B-LOC
অসমৰ	B-LOC
এখন	O
গুৰুত্বপূৰ্ণ	O
চহৰ	O
আৰু	O
যোৰহাট	B-LOC
জিলাৰ	O
সদৰ	O
।	O

ৰেল	O
চিটিৰ	O
পৰা	O
ওলাই	O
আমি	O
জুৰিখৰ	B-LOC
হ্ৰদৰ	O
পাৰে	O
পাৰে	O
ফুৰিলোঁ	O
।	O

কেণ্ডি	B-LOC
নামৰ	O
ঐতিহ্য	O
চহৰখনলৈ	O
যোৱাৰ	O
পথত	O
এঠাইত	O
দেখা	O
পাইছিলোঁ	O
এখন	O
কৌতুহলী	O
-	O
দ্দীপক	O
হ'ৰ্ডিং	O
।	O

বত্তৰ্মানৰ	O
হোৱাইট	B-LOC
হাউচৰ	I-LOC
ঠাই	O
টুকুৰা	O
জৰ্জ	B-PER
ৱাছিংটনে	I-PER
হেনো	O
পচণ্ড	O
কৰিছিল	O
।	O

১৮৮০	B-DATE
চনৰ	I-DATE
পৰা	O
১৯২০	B-DATE
চনমানলৈকে	I-DATE
চাহ	O
বাগিছাবোৰ	O
স্থাপন	O
হোৱাৰ	O
ফলত	O
আৰু	O
মাজুলী	B-LOC
তথা	O
ইয়াৰ	O
দাঁতিকাষৰীয়া	O
এলেকাৰ	O
বানত	O
সৰ্বস্বান্ত	O
হোৱা	O
ৰাইজক	O
পুনৰ্সংস্থাপন	O
দিয়াৰ	O
ফলত	O
অৰণ্যখন	O
খণ্ড	O
-	O
বিখণ্ড	O
হৈ	O
পৰে	O
।	O

নিউইয়ৰ্কৰ	B-LOC
পৰা	O
আহি	O
লিমাত	B-LOC
বিমান	O
বন্দৰত	O
নামোতে	O
এৱেই	O
আমাক	O
আদৰিবলৈ	O
গৈছিল	O
।	O

গোলাঘাটত	B-LOC
ইনছপেকচন	O
বাংলো	O
এটাও	O
আছে	O
।	O

লণ্ডনৰ	B-LOC
হুইপ্‌ছনেইড	B-ORG
চিৰিয়াখানাৰ	I-ORG
আৰ্হিত	O
ইয়াৰ	O
জীৱ	O
-	O
জন্তুবোৰক	O
প্ৰাকৃতিক	O
পৰিবেশত	O
ৰখা	O
হৈছে	O
।	O

২০০১	B-DATE
চনৰ	I-DATE
লোকপিয়ল	O
অনুসৰি	O
গোৱালপাৰা	B-LOC
নগৰৰ	O
জনসংখ্যা	O
৪৮৯১১	O
জন	O
।	O

আদ্য়কুমাৰী	B-LOC
পাৰ	O
হৈ	O
আমি	O
ওপৰলৈ	O
উঠিবলৈ	O
ধৰিলোঁ	O
।	O

শিক্ষা	O
,	O
বাণিজ্য	O
আৰু	O
পৰ্যটন	O
কেন্দ্ৰ	O
হিচাপেও	O
মুছৌৰী	B-LOC
এতিয়া	O
সৰ্বখ্যাত	O
।	O

নন্দিকেশ্বৰ	B-LOC
শিৱমন্দিৰৰ	I-LOC
ওচৰত	O
বুঢ়ী	B-LOC
গোঁসানীৰ	I-LOC
থান	I-LOC
।	O

যুগ	O
যুগ	O
ধৰি	O
এই	O
চহৰত	O
সমিলমিলেৰে	O
বসবাস	O
কৰি	O
আছে	O
হিন্দু	B-MISC
আৰু	O
মুছলমানে	B-MISC
।	O

গাড়ীখনৰ	O
চলকজলে	O
ক'লে	O
,	O
এইখন	O
জাপানী	B-MISC
মটৰ	O
পাৰ্টছৰ	O
দোকান	O
।	O

গৰমকালি	O
মাজুলীৰ	B-LOC
তাপমাত্ৰা	O
২২°	O
ৰ	O
পৰা	O
৩৪°	O
চেলচিয়াছ	O
হোৱাৰ	O
লগতে	O
শীতকালত	O
১০°	O
ৰ	O
পৰা	O
১২°	O
চেলিচয়াছ	O
হয়	O
।	O

ঢেকীয়াখোৱা	B-LOC
বৰ	I-LOC
নামঘৰ	I-LOC
প্ৰতিষ্ঠা	O
কৰাৰ	O
সময়ত	O
মহাপুৰুষ	B-PER
মাধৱদেৱে	I-PER
এই	O
স্থানতে	O
এগছি	O
বন্তি	O
জ্বলাইছিল	O
।	O

চিনাতলীয়া	O
নটৰ	O
জীয়ৰী	O
ফুলমতী	B-PER
দেৰগাঁৱৰ	B-LOC
নটী	O
আছিল	O
।	O

পূজাৰীসকলৰ	O
মতে	O
মূৰ্তিজনা	O
দেৱী	O
দুৰ্গাৰ	B-PER
।	O

ৰজা	O
গোপাদিত্যই	B-PER
খ্ৰীষ্টপূৰ্ব	O
৩৭১ত	O
এই	O
মন্দিৰটো	O
সজাইছিল	O
বুলি	O
বিশ্বাস	O
কৰে	O
।	O

১৯৮৫	B-DATE
চনৰ	I-DATE
১৮	B-DATE
ছেপ্টেম্বৰত	I-DATE
ন	B-LOC
-	I-LOC
দুৱাৰ	I-LOC
সংৰক্ষিত	I-LOC
বনাঞ্চলৰ	I-LOC
অংশ	O
হিচাপে	O
১৩৭	O
বৰ্গ	O
কিলোমিটাৰ	O
এলেকাৰ	O
সৈতে	O
ইয়াক	O
নামেৰী	B-LOC
অভয়াৰণ্য	O
হিচাপে	O
স্থাপন	O
কৰা	O
হৈছিল	O
।	O

জয়দৌলৰ	B-LOC
আন	O
এটা	O
নাম	O
শ্ৰীকেশৱৰায়	B-LOC
বিষ্ণু	I-LOC
দৌল	I-LOC
।	O

শিৱসাগৰ	B-LOC
জিলাৰ	O
মাজেৰে	O
৩৭	B-LOC
নং	I-LOC
ৰাষ্ট্ৰীয়	I-LOC
ঘাইপথ	I-LOC
পাৰ	O
হৈ	O
গৈছে	O
।	O

মনটো	B-PER
অলপ	O
বেয়া	O
লাগিল	O
।	O

লিমাব	B-LOC
সুন্দৰ	O
পথ	O
।	O

সুন্দৰ	O
পাহাৰী	O
পৰিচ্ছন্ন	O
ৰাস্তা	O
,	O
অপৰূপ	O
নৈসৰ্গ	O
আৰু	O
খাচি	O
গাভৰুৰ	O
সৌন্দৰ্য	O
উপভোগ	O
কৰি	O
মওলিনঙলৈ	B-LOC
যোৱাৰ	O
অভিজ্ঞতা	O
প্ৰতিজন	O
ভ্ৰমণকাৰীৰ	O
বাবে	O
অনন্য	O
অভিজ্ঞতা	O
হ'ব	O
।	O

পূণিৰ্মালৈ	B-PER
আহি	O
ফোন	O
কৰিলো	O
।	O

ক্তিষ্টিৰ	B-PER
মোবাইলত	O
সংযোগ	O
কৰিলে	O
।	O

যোৰহাট	B-LOC
নগৰৰ	O
পৰা	O
ফেৰীৰে	O
মাজুলীলৈ	B-LOC
অহা	O
-	O
যোৱাৰ	O
সুবিধা	O
আছে	O
।	O

বশিষ্ঠাশ্ৰম	B-LOC
দেৱালয়	I-LOC
অসমৰ	B-LOC
গুৱাহাটী	B-LOC
মহানগৰৰ	I-LOC
দক্ষিণ	O
-	O
পূবৰ	O
সন্ধ্যাচল	B-LOC
পাহাৰত	I-LOC
অৱস্থিত	O
এক	O
শিৱ	O
মন্দিৰ	O
।	O

এয়াৰপ'ৰ্টৰ	O
পৰা	O
আনিবলৈ	O
যোৱা	O
চুচিক	B-PER
সোধা	O
প্ৰথম	O
প্ৰশ্নটো	O
আছিল	O
গাড়ীৰ	O
নাম্বাৰ	O
প্লেট	O
।	O

মহাত্মা	B-PER
গান্ধী	I-PER
,	O
মতিলাল	B-PER
নেহৰু	I-PER
,	O
জৱাহৰলাল	B-PER
নেহৰুকে	I-PER
আদি	O
কৰি	O
বহুকেইজন	O
বিশিষ্ট	O
স্বাধীনতা	O
সংগ্ৰামীয়ে	O
জ্যোতি	B-LOC
ভাৰতীত	I-LOC
পদাৰ্পণ	O
কৰিছিল	O
।	O

কিছুমান	O
বুৰঞ্জীত	O
কোৱা	O
হৈছে	O
যে	O
ৰুদ্ৰ	B-PER
সিংহয়ে	I-PER
মাতৃৰ	O
নাম	O
জয়মতীক	B-PER
স্মৰণ	O
কৰি	O
এই	O
সাগৰ	O
সদৃশ	O
পুখুৰীটো	O
নিৰ্মাণ	O
কৰিছিল	O
।	O

কিছুমানৰ	O
মতে	O
এই	O
মন্দিৰ	O
জনজাতীয়	O
লোকদেৱী	O
কেঁচাই	B-PER
খাইতিৰ	I-PER
মূল	O
মন্দিৰ	O
।	O

জন	B-ORG
হপকিন্স	I-ORG
বিশ্ববিদ্যালয়ৰ	I-ORG
পৰা	O
জনস্বাসথ্য	O
বিষয়ত	O
স্নাতকোত্তৰ	O
আৰু	O
ডক্টৰেট	O
ডিগ্ৰীধাৰী	O
।	O

নাগশংকৰ	B-LOC
মন্দিৰত	I-LOC
পূজা	O
-	O
অৰ্চনা	O
কৰিলে	O
অভীষ্ট	O
সিদ্ধি	O
হয়	O
বুলি	O
জনমানসত	O
দৃঢ়	O
বিশ্বাস	O
আছে	O
।	O

শ্ৰীসূৰ্য	B-LOC
পাহাৰৰ	I-LOC
প্ৰাকৃতিক	O
গুহাবোৰৰ	O
অভ্যন্তৰত	O
অকলশৰীয়া	O
উদাহৰণৰ	O
বাহিৰে	O
,	O
এই	O
ঠাইত	O
এতিয়ালৈকে	O
বেলেগ	O
কোনো	O
জৈন	B-MISC
দেহাৱশেষ	O
পোৱা	O
নাই	O
।	O

পিছত	O
এই	O
খেৰৰ	O
থানখন	O
স্থানীয়	O
ৰঘূবী	B-PER
ছেত্ৰী	I-PER
নামৰ	O
এজন	O
নেপালী	O
বৈষ্ণৱ	O
গো	O
-	O
পালকে	O
তেজপুৰৰ	O
পৰা	O
টিনপাত	O
আনি	O
নতুনকৈ	O
নিৰ্মাণ	O
কৰি	O
দিছিল	O
বুলি	O
শুনা	O
যায়	O
।	O

নাতি	O
দূৰৈত	O
অৱস্থিত	O
গৰম	O
পানীৰ	O
উহ	O
গৰমপানী	B-LOC
।	O

ইয়াক	O
আৱৰি	O
থকা	O
নদীৰ	O
বিস্তৃতি	O
বাঢ়ি	O
অহাৰ	O
লগে	O
লগে	O
মাজুলীৰ	B-LOC
ভূমি	O
সংকোচন	O
হৈছে	O
।	O

আমি	O
সেই	O
কেইদিনত	O
প্ৰথম	O
ৰাতি	O
বেণ্ডি	B-LOC
নামৰ	O
এখন	O
নতুন	O
চহৰ	O
আৰু	O
পিছদিনা	O
দুদিনৰ	O
বাবে	O
লেৰিয়া	B-LOC
আলিয়া	I-LOC
নামৰ	O
পাহাৰীয়া	O
চহৰ	O
এখনত	O
আৰু	O
তাৰ	O
পাছত	O
গ'ল্ড	B-LOC
চহৰ	I-LOC
আৰু	O
কলম্বো	B-LOC
চহৰত	O
দুৰাতি	O
তিনি	O
দিন	O
আছিলোঁ	O
।	O

হাজোৰ	B-LOC
গৰুড়াচলত	B-LOC
মছজিদ	O
স্থাপন	O
কৰি	O
দোৱা	O
কৰাৰ	O
সময়ৰে	O
পৰা	O
পোৱামক্কা	B-LOC
হোৱা	O
বুলি	O
মানুহে	O
কয়	O
।	O

বাঞ্চিত	O
ফল	O
লাভৰ	O
হেতু	O
শিলাকুটি	B-PER
ভট্টাচাৰ্য্য	I-PER
দেৱে	I-PER
এই	O
গৰখীয়া	B-LOC
বাবাৰ	I-LOC
মন্দিৰ	I-LOC
প্ৰতিষ্ঠা	O
কৰিছিল	O
বুলি	O
প্ৰবাদ	O
আছে	O
।	O

নামবৰ	B-LOC
অভয়াৰণ্য	I-LOC
অসমৰ	B-LOC
গোলাঘাট	B-LOC
আৰু	O
কাৰ্বি	B-LOC
আংলং	I-LOC
জিলাত	O
অৱস্থিত	O
এটা	O
সংৰক্ষিত	O
অঞ্চল	O
।	O

বাপেক	O
চেমুৱেল	B-PER
হপচকিন	I-PER
আৰু	O
মাক	O
হানাহজেনী	B-PER
দুয়ো	O
ধামিৰ্ক	O
খৃষ্টিয়ান	B-MISC
।	O

তেজপুৰ	B-FAC
চৰকাৰী	I-FAC
বাছ	I-FAC
আস্থানৰ	I-FAC
পৰা	O
অগ্নিগড়লৈ	B-LOC
দুটা	O
পথ	O
আছে	O
।	O

ই	O
ব্ৰহ্মপুত্ৰ	B-LOC
নদৰ	I-LOC
উত্তৰ	O
পাৰৰ	O
ৰুদ্ৰেশ্বৰ	B-LOC
গাঁৱত	O
অৱস্থিত	O
।	O

গুৱাহাটী	B-FAC
ৰেল	I-FAC
ষ্টেচন	I-FAC
উত্তৰ	B-LOC
-	I-LOC
পূবৰ	I-LOC
বৃহত্তম	O
ৰেলৱে	O
ষ্টেচন	O
।	O

কাম	O
চলাবলৈ	O
কেইটামান	O
স্পেনীয়	O
শব্দ	O
আমি	O
শিকি	O
লৈছিলো	O
দিল্লীতে	B-LOC
।	O

এই	O
সপোনৰ	O
পিছত	O
আহোম	B-MISC
সেনাপতিয়ে	O
বুঢ়ী	B-LOC
নৈৰ	I-LOC
কানৰ	O
পৰা	O
দেৱীৰ	O
মূৰ্তি	O
আনি	O
স্বৰ্গদেউক	O
দিয়েহি	O
।	O

ইয়াৰ	O
লগতে	O
মহামায়া	B-PER
পৰ্বতযোৰাৰ	B-LOC
জমিদাৰৰ	O
মুখ্য	O
উপাস্য	O
দেৱী	O
আছিল	O
।	O

এই	O
মন্দিৰ	O
প্ৰমত্ত	B-PER
সিংহয়ে	I-PER
নিৰ্মাণ	O
কৰাৰ	O
বিষয়ে	O
শিলালিপিত	O
খোদিত	O
কৰা	O
আছে	O
।	O

সুন্দৰীদিয়া	B-LOC
সত্ৰত	I-LOC
উদাসীন	O
ভকতৰ	O
বাবে	O
পাঁচখন	O
বাহাৰ	O
ব্যৱস্থা	O
কৰা	O
হৈছিল	O
।	O

ই	O
লোকপ্ৰিয়	B-FAC
গোপীনাথ	I-FAC
বৰদলৈ	I-FAC
আন্তঃৰাষ্ট্ৰীয়	I-FAC
বিমানবন্দৰৰ	I-FAC
পৰা	O
প্ৰায়	O
৫	O
কি:মি:	O
দূৰত	O
অৱস্থিত	O
।	O

উদ্যানৰ	O
পূব	O
আৰু	O
উত্তৰ	O
সীমা	O
ব্ৰহ্মপুত্ৰ	B-LOC
নদীৰে	I-LOC
আগুৰা	O
।	O

কিন্তু	O
মোৰ	O
স্বামী	O
অৰবিন্দ	B-PER
এইক্ষেত্ৰত	O
একেবাৰে	O
নিশ্চিত	O
আছিল	O
।	O

পশ্চিমৰেঞ্জ	O
পানবাৰীত	B-LOC
,	O
কেন্দ্ৰীয়ৰেঞ্জ	O
বৰপেটা	B-LOC
ৰোডৰ	I-LOC
ওচৰৰ	O
বাঁহবাৰীত	B-LOC
আৰু	O
পূবৰ	O
ৰেঞ্জটো	O
পাঠশালাৰ	B-LOC
সমীপৰ	O
ভূঞাপাৰাত	B-LOC
অৱস্থিত	O
।	O

জনশ্ৰুতি	O
মতে	O
কালিকা	B-MISC
পুৰাণ	I-MISC
,	O
দেৱী	B-MISC
পুৰাণ	I-MISC
আদিত	O
উল্লেখ	O
কৰা	O
সতীৰ	B-PER
শৱদেহ	O
খণ্ড	O
-	O
খণ্ড	O
কৰাৰ	O
ফলত	O
এই	O
শৱদেহৰ	O
৫১	O
টা	O
খণ্ড	O
ভাৰতৰ	B-LOC
৫১	O
খন	O
ঠাইত	O
পৰি	O
যিসমূহ	O
শক্তিপীঠৰ	O
সৃষ্টি	O
হৈছিল	O
তাৰে	O
এখন	O
হ'ল	O
ৰামখাপীঠ	B-LOC
।	O

যদিও	O
২০১৬	B-DATE
চনৰ	I-DATE
পৰা	O
মাজুলী	B-LOC
এখন	O
সুকীয়া	O
জিলা	O
হিচাপে	O
স্বীকৃত	O
হৈছে	O
।	O

হাৰিয়ানাৰ	B-LOC
ভূখণ্ড	O
অতিক্ৰমি	O
পঞ্জাবৰ	B-LOC
ভূখণ্ডৰে	O
আমাৰ	O
গাড়ী	O
আগবাঢ়িছিল	O
তেতিয়া	O
আমি	O
এটা	O
কথা	O
লক্ষ্য	O
কৰি	O
আচৰিত	O
হৈছিলো	O
।	O

গুৱাহাটী	B-LOC
উত্তৰ	B-LOC
-	I-LOC
পূব	I-LOC
ভাৰতৰ	I-LOC
এক	O
প্ৰধান	O
বাণিজ্যিক	O
আৰু	O
শৈক্ষিক	O
কেন্দ্ৰ	O
।	O

এই	O
মাধৱ	B-LOC
পাহাৰৰ	I-LOC
নামনিত	O
আশ্ৰম	O
পাতি	O
ৰামায়ণৰ	B-MISC
অনুবাদ	O
কৰিছিল	O
বুলিও	O
জনশ্ৰুতি	O
আছে	O
।	O

সভাত	O
যোৰহাট	B-LOC
জিলাৰ	O
উপায়ুক্ত	O
তথা	O
যোৰহাট	B-ORG
বিজ্ঞান	I-ORG
কেন্দ্ৰ	I-ORG
আৰু	I-ORG
তাৰকাগৃহৰ	I-ORG
কাৰ্যকৰী	O
সভাপতি	O
চ'লাংকী	B-PER
বিশাল	I-PER
বসন্তই	I-PER
আদৰণী	O
ভাষণ	O
দিয়ে	O
।	O

তদুপৰি	O
ইয়াত	O
ৰামায়ণ	B-MISC
,	O
মহাভাৰত	B-MISC
,	O
ভাগৱত	B-MISC
পুৰাণ	I-MISC
আদিৰ	O
দৃশ্যৰ	O
ভাস্কৰ্য	O
পোৱা	O
গৈছে	O
।	O

ভাৰতৰ	B-LOC
প্ৰত্নতাত্ত্বিক	O
দল	O
১৯৯৩	B-DATE
চনত	I-DATE
শ্ৰী	B-LOC
সূৰ্য	I-LOC
পাহাৰত	I-LOC
খনন	O
কাৰ্য	O
আৰম্ভ	O
কৰে	O
।	O

আবেলি	O
প্ৰায়	O
৪	O
-	O
৩০	O
বজাত	O
আমি	O
হুৱানোকো	B-LOC
পালো	O
।	O

জয়সাগৰত	B-LOC
অৱস্থিত	O
শিৱ	B-LOC
দৌলক	I-LOC
বৈদ্যনাথ	B-LOC
শিৱ	I-LOC
দৌল	I-LOC
বুলিও	O
জনা	O
যায়	O
।	O

কথিত	O
আছে	O
যে	O
মহাপুৰুষ	O
শ্ৰীমন্ত	B-PER
শঙ্কৰদেৱে	I-PER
ইয়াত	O
এবছৰ	O
কাল	O
আছিল	O
।	O

গাঁওখনৰ	O
নাম	O
চাইনি	B-LOC
গাঁওৰ	O
কমিউনিটি	O
হল	O
টো	O
আমাৰ	O
অৰুণাচলৰ	B-LOC
নিচিনা	O
চাংঘৰ	O
।	O

কথিত	O
আছে	O
যে	O
এই	O
মন্দিৰত	O
বাণ	B-PER
ৰজাৰ	O
কন্যা	O
ঊষাই	B-PER
দৈনিক	O
পূজা	O
অৰ্চনা	O
কৰিছিল	O
।	O

এই	O
অভয়াৰণ্য	O
লাওখোৱা	B-LOC
-	O
বুঢ়া	B-LOC
চাপৰি	I-LOC
পৰিস্থিতিতন্ত্ৰৰ	O
অন্তৰ্ভুক্ত	O
।	O

অতি	O
প্ৰাচীন	O
কালৰে	O
পৰা	O
অসমত	B-LOC
শৈৱ	O
ধৰ্মৰ	O
সুঁতিটো	O
নীৰৱিচ্ছিন্ন	O
ভাৱে	O
চলি	O
আহিছে	O
।	O

ভাবিলোঁ	O
ঢকুৱাখানাহৈ	B-LOC
যোৰহাটলৈ	B-LOC
যাম	O
।	O

অসমৰ	B-LOC
কীৰ্ত্তন	O
ঘৰবোৰৰ	O
ভিতৰত	O
বৰপেটা	B-LOC
কীৰ্ত্তন	I-LOC
ঘৰটো	I-LOC
সবাটোকৈ	O
ডাঙৰ	O
।	O

এইবাৰ	O
শক্তিৰ	B-PER
লগত	O
কণমানি	O
কৃৰ্তিকাও	B-PER
আহিল	O
আমাক	O
হোটেলত	O
থৈ	O
যাবলৈ	O
।	O

হাতীমূৰা	B-LOC
মন্দিৰ	I-LOC
নীলাচল	O
স্থাপত্যশৈলীৰে	O
নিৰ্মিত	O
।	O

বিশ্বৰ	O
সকলো	O
পৰ্যটকৰ	O
বাবেই	O
উত্তৰ	B-LOC
গোৱাৰ	I-LOC
এই	O
ঠাইসমূহ	O
অতি	O
আকৰ্ষণীয়	O
পৰ্যটন	O
কেন্দ্ৰ	O
।	O

অনিলৰ	B-PER
কাষত	O
সকলো	O
গোট	O
খোৱাৰ	O
পাছতহে	O
চা	O
-	O
চিনাকিৰ	O
পৰ্বটো	O
আৰম্ভ	O
হ'ল	O
।	O

১৯২৮	B-DATE
চনৰ	I-DATE
১	B-DATE
অক্টোবৰত	I-DATE
মানসক	B-LOC
বন্যপ্ৰাণী	O
অভয়াৰণ্যৰ	O
মৰ্য্যদা	O
দিয়া	O
হয়	O
।	O

বাকী	O
কেইটাত	O
গণেশ	B-PER
,	O
বিষ্ণু	B-PER
,	O
দূৰ্গা	B-PER
আৰু	O
সূৰ্য	B-PER
দেৱতাৰ	O
বিগ্ৰহ	O
আছে	O
।	O

দ'দানে	B-PER
মাৰুক্ষেত্ৰীকে	B-PER
ধৰি	O
স্বজন	O
-	O
সামন্তলৈ	O
তুৰা	B-LOC
-	I-LOC
ফুলবাৰীলৈ	I-LOC
আহি	O
তাতে	O
নিগাজিকৈ	O
ৰাজ্য	O
স্থাপন	O
কৰে	O
।	O

চেপেটা	O
ইটাৰে	O
সজোৱা	O
কৰ্দৈশিৰীয়া	O
নেঘেৰিটিং	B-LOC
শিৱদৌল	I-LOC
আহোম	O
যুগৰ	O
কাৰুকাৰ্য্যৰ	O
এক	O
সুন্দৰ	O
নিৰ্দশন	O
।	O

চিলাপথাৰৰ	B-FAC
ৰেল	I-FAC
ষ্টেচনৰ	I-FAC
ওচৰত	O
অৱস্থিত	O
মালিনী	B-LOC
থান	I-LOC
।	O

শংকৰদেৱৰ	B-PER
সময়ৰ	O
বহুতো	O
সামগ্ৰী	O
ইয়াত	O
সংৰক্ষিত	O
হৈ	O
আছে	O
।	O

গুৱাহাটী	B-LOC
আৰু	O
ইয়াৰ	O
চৌপাশৰ	O
অঞ্চলসমূহ	O
জৈৱ	O
বৈচিত্ৰ্যৰে	O
ভৰপূৰ	O
।	O

হায়দৰাবাদ	B-LOC
সাম্প্ৰদায়িক	O
সম্প্ৰীতিৰ	O
চহৰ	O
।	O

এই	O
গ'ল্ফ	O
ক'ৰ্ছটো	O
হৈছে	O
এছিয়াৰ	B-LOC
আটাইতকৈ	O
পুৰণি	O
গ'ল্ফ	O
ক'ৰ্ছ	O
আৰু	O
বিশ্বৰ	O
ভিতৰত	O
তৃতীয়	O
সৰ্বোচ্চ	O
পুৰণি	O
।	O

মহামায়া	B-LOC
ধাম	I-LOC
নামনি	B-LOC
অসমৰ	I-LOC
গুৰুত্বপূৰ্ণ	O
তীৰ্থস্থান	O
তথা	O
পৰ্যটনস্থলী	O
।	O

স্থানীয়ভাৱে	O
পোৱা	O
এটা	O
শিলৰ	O
মূৰ্তিকে	O
শংকৰদেৱৰ	B-PER
সময়ৰ	O
বুলি	O
ভাবি	O
ৰাইজে	O
ইয়াত	O
সংৰক্ষণ	O
কৰি	O
ৰাখিছে	O
।	O

কোচ	O
মহাৰাজ	O
বিশ্বসিংহই	B-PER
গুৱাহাটীৰ	B-LOC
সমীপৰ	O
নীলাচলত	B-LOC
অৱস্থিত	O
কামাখ্যাপীঠৰ	B-LOC
উদ্ধাৰ	O
সাধন	O
কৰি	O
তাতে	O
কামাখ্যা	B-LOC
মন্দিৰ	I-LOC
নিৰ্মাণ	O
কৰি	O
দিছিল	O
।	O

তদুপৰি	O
পতলৰ	O
গুৰু	O
আসন	O
,	O
বৰচৰিয়া	O
,	O
বৰঠগী	O
,	O
পদশিলা	O
,	O
সহস্ৰগছা	O
,	O
কণ্ঠহাৰ	O
,	O
বংশীগোপালৰ	B-PER
মূৰ্তি	O
আদি	O
সম্পদ	O
সংৰক্ষিত	O
হৈ	O
আছে	O
।	O

এই	O
দেৱালয়	O
আহোম	B-MISC
যুগত	O
স্বৰ্গদেউ	O
ৰুদ্ৰসিংহৰ	B-LOC
তত্ত্বাৱধানত	O
নিৰ্মিত	O
।	O

নন্দিকেশ্বৰ	B-LOC
দেৱালয়ৰ	I-LOC
কিছু	O
ওচৰত	O
থকা	O
গৰখীয়া	B-LOC
মন্দিৰ	I-LOC
নামে	O
এটা	O
মন্দিৰ	O
কেতিয়া	O
প্ৰতিষ্ঠা	O
হৈছিল	O
তাৰ	O
কোনো	O
প্ৰমাণ	O
নাই	O
।	O

চূড়াত	O
নিৰ্মাণ	O
কৰা	O
আহোম	B-MISC
ড্ৰেগন	B-PER
ঙি	I-PER
ঙাও	I-PER
খামে	I-PER
ৰংঘৰৰ	B-LOC
সৌন্দৰ্যক	O
বিশেষ	O
মাত্ৰা	O
প্ৰদান	O
কৰিছে	O
।	O

ইয়াত	O
ঊষাৰ	B-PER
কাৰেং	O
আছিল	O
।	O

১৯৭১	B-DATE
চনৰ	I-DATE
১৮	B-DATE
নবেম্বৰ	I-DATE
তাৰিখে	O
অসম	B-ORG
চৰকাৰে	I-ORG
গেজেট	O
নটিফিকেচন	O
যোগে	O
সীমা	O
নিৰূপণ	O
কৰি	O
পবিতৰাক	B-LOC
সংৰক্ষিত	O
বনাঞ্চল	O
ঘোষণা	O
কৰে	O
।	O

অন্যহাতে	O
জেমি	O
নগাসকলৰ	O
মত	O
অনুসৰি	O
এই	O
নামটো	O
হাফলঙৰ	B-LOC
ঐতিহাসিকভাৱে	O
মালিকীস্বত্ব	O
থকা	O
হামলং	B-PER
নামৰ	O
এজন	O
ব্যক্তিৰ	O
নামেৰে	O
সৃষ্টি	O
হয়	O
।	O

জুলিয়ে	B-PER
আমাৰপৰা	O
বিদায়	O
বিচাৰিলে	O
।	O

তপস্যাত	O
বিষ্ণু	B-PER
সন্তুষ্ট	O
হয়	O
আৰু	O
বশিষ্ঠই	B-PER
সন্ধ্যাম	O
ললিতা	O
আৰু	O
কান্তা	O
-	O
এই	O
ত্ৰিধাৰা	O
প্ৰবাহিত	O
কৰি	O
গংগাক	B-PER
নমাই	O
আনে	O
।	O

পিছৰজনৰ	O
ছালনাত	O
আমি	O
লংগাৰ	B-LOC
পালোগৈ	O
।	O

গৰমপানী	B-LOC
অভয়াৰণ্যত	I-LOC
বিভিন্ন	O
প্ৰজাতিৰ	O
জীৱ	O
-	O
জন্তু	O
পোৱা	O
যায়	O
।	O

বৰদোৱাতে	B-LOC
শংকৰদেৱে	B-PER
প্ৰথম	O
কীৰ্তন	O
ঘৰ	O
সজাইছিল	O
বুলি	O
জনা	O
যায়	O
।	O

জনশ্ৰুতি	O
মতে	O
মক্কাৰ	B-LOC
এপোৱা	O
মাটি	O
আনি	O
পোৱামক্কা	B-LOC
নিৰ্মাণ	O
কৰা	O
হৈছিল	O
।	O

শক্তিৰ	B-PER
কণমানি	O
ছোৱালীজনী	O
কৃৰ্তিকা	B-PER
।	O

দিল্লী	B-LOC
বিমান	O
বন্দৰত	O
তেওঁ	O
সেই	O
দুডাল	O
পেলাই	O
দিব	O
লগা	O
হৈছিল	O
।	O

অসমৰ	B-LOC
প্ৰধান	O
ন	O
খন	O
বিল	O
তথা	O
পৰ্যটন	O
ক্ষেত্ৰ	O
সমূহৰ	O
ভিতৰত	O
চানডুবি	B-LOC
অন্যতম	O
।	O

ইয়াক	O
শুক্ৰেশ্বৰ	B-LOC
ঘাটত	O
নিৰ্মাণ	O
কৰা	O
হৈছিল	O
য'ত	O
ভাইছৰয়	O
গৰাকীয়ে	O
কলিকতাৰ	B-LOC
পৰা	O
অসমলৈ	B-LOC
জাহাজেদি	O
অহোতে	O
প্ৰথম	O
পদাৰ্পণ	O
কৰে	O
।	O

ব্ৰহ্মপুত্ৰ	B-LOC
নদীৰ	I-LOC
দক্ষিণপাৰে	O
,	O
মৰিগাঁও	B-LOC
জিলাৰ	O
মায়ং	B-LOC
মৌজাত	O
এই	O
অভয়াৰণ্য	O
অৱস্থিত	O
।	O

জুলিযে	B-PER
পিচে	O
ইফালে	O
-	O
সিফালে	O
দৌৰাদৌৰি	O
কৰি	O
প্ৰতিবেশীৰ	O
ঘৰৰ	O
পৰা	O
ডাকবাংলাৰ	O
চকীদাৰৰ	O
নাম	O
-	O
ঠিকনা	O
আদি	O
সংগ্ৰহ	O
কৰাত	O
সক্ষম	O
হ'ল	O
।	O

বিষ্ণুই	B-PER
এই	O
প্ৰত্যাহ্বানৰ	O
প্ৰতি	O
সঁহাৰি	O
জনায়	O
আৰু	O
ভিমাসুৰৰ	B-PER
সৈতে	O
যুদ্ধ	O
কৰে	O
।	O

পানী	B-LOC
দিহিং	I-LOC
অভয়াৰণ্য	I-LOC
অসমৰ	B-LOC
শিৱসাগৰ	B-LOC
জিলাত	O
বহ্মপুত্ৰ	B-LOC
নদৰ	O
দক্ষিণে	O
অৱস্থিত	O
এখন	O
বন্যপ্ৰাণী	O
অভয়াৰণ্য	O
।	O

চান	B-LOC
টেম্পলততাৰেই	I-LOC
প্ৰমাণ	O
।	O

ভাদ	O
মাহত	O
ঢেকীয়াখোৱা	B-LOC
বৰনামঘৰ	I-LOC
মৰ্ত্যৰ	O
বৈকুণ্ঠপুৰীলৈ	O
পৰিণত	O
হয়	O
বুলি	O
লোকবিশ্বাস	O
আছে	O
।	O

কাৰ্ল	B-PER
টেইলৰ	I-PER
ইপচকিন	B-ORG
বিশ্ববিদ্যালয়ৰ	I-ORG
আন্তৰ্জাতিক	O
স্বাস্থ্য	O
বিভাগৰ	O
মুৰব্বী	O
।	O

পাছে	O
দুৰ্ভাগ্যবশতঃ	O
সেই	O
সময়ত	O
গুজৰাটৰ	B-LOC
চুৰাটত	B-LOC
প্লেগ	O
গৈ	O
থকা	O
বাবে	O
আমি	O
ভ্ৰমণ	O
কৰিব	O
লগা	O
ইথিঅ'পিয়ান	B-ORG
এয়াৰলাইনছে	I-ORG
সেইদিনাৰ	O
পৰা	O
সাময়িকভাৱে	O
বিমান	O
চলাচল	O
বন্ধ	O
কৰিছে	O
বুলি	O
জনালে	O
।	O

বুষু	B-MISC
ডিমা	I-MISC
হৈছে	O
উত্তৰ	B-LOC
পূব	I-LOC
ভাৰতৰ	I-LOC
অসম	B-LOC
ৰাজ্যৰ	O
ডিমাছা	B-MISC
কছাৰী	B-MISC
জনগোষ্ঠীৰ	O
দ্বাৰা	O
উদযাপিত	O
সৰ্ববৃহৎ	O
আৰু	O
সৰ্বাগ্ৰগণ্য	O
উৎসৱ	O
।	O

এইদৰে	O
যথেষ্ট	O
ধৈৰ্য	O
,	O
আন্তৰিকতা	O
আৰু	O
নিষ্ঠাসহকাৰে	O
চুইচবাসীয়ে	B-MISC
যে	O
কামবোৰ	O
কৰে	O
সেই	O
কথা	O
গম	O
পালো	O
।	O

কাষৰীয়া	O
বিমানকোঠ	O
যোৰহাটৰ	B-LOC
ৰৰৈয়া	B-FAC
বিমানবন্দৰ	I-FAC
।	O

অসম	B-ORG
চৰকাৰে	I-ORG
১৯৯০	B-DATE
চনত	I-DATE
কলাক্ষেত্ৰ	O
আঁচনিখন	O
অসম	O
চুক্তিৰ	O
ক্লজ	O
-	O
৬ৰ	O
অন্তৰ্গত	O
কৰিবলৈ	O
ভাৰত	B-ORG
চৰকাৰৰ	I-ORG
ওচৰ	O
চাপে	O
।	O

শিৱৰাত্ৰিৰ	B-MISC
দিনা	O
হলেশ্বৰ	B-LOC
মন্দিৰত	I-LOC
বিশাল	O
মেলা	O
বহে	O
।	O

মাইবং	B-LOC
অসমৰ	B-LOC
ডিমা	B-LOC
হাছাও	I-LOC
জিলাৰ	O
অন্তৰ্ভুক্ত	O
এখন	O
ঠাই	O
।	O

তাৰ	O
ভিতৰত	O
প্ৰাচীন	O
বটদ্ৰৱা	B-LOC
থানৰ	I-LOC
মুখ্য	O
দ্বাৰ	O
,	O
গুৰু	O
আসনৰ	O
ভগ্নাংশ	O
,	O
ৰাধা	B-PER
,	O
কৃষ্ণৰ	B-PER
কাঠৰ	O
যুগল	O
মূৰ্তি	O
,	O
সেই	O
সময়ৰ	O
কাঠৰ	O
শৰাই	O
,	O
কাঠৰ	O
বাটি	O
,	O
চৰিয়া	O
ইত্যাদি	O
অন্যতম	O
।	O

বৰনদী	B-LOC
অভয়াৰণ্যৰ	I-LOC
জলবায়ু	O
উপ	O
-	O
ক্ৰান্তীয়	O
ধৰণৰ	O
।	O

শীতকালত	O
জয়সাগৰ	B-LOC
পুখুৰী	I-LOC
শ	O
শ	O
পৰিভ্ৰমী	O
চৰাইৰ	O
বাসস্থান	O
হৈ	O
পৰে	O
।	O

ইতিমধ্যে	O
ছিৰিয়ালৈ	B-LOC
যোৱা	O
মোৰ	O
কেইজনমান	O
বন্ধুৰ	O
লগত	O
বিশেষভাৱে	O
আলোচনা	O
কৰিছিলোঁ	O
।	O

তলাতল	B-LOC
ঘৰ	I-LOC
অসমৰ	B-LOC
শিৱসাগৰৰ	B-LOC
ৰংপুৰত	I-LOC
অৱস্থিত	O
আহোম	B-MISC
স্বৰ্গদেউসকলৰ	O
দ্বাৰা	O
নিৰ্মিত	O
এটা	O
ৰাজমহল	O
।	O

সময়ৰ	O
লগে	O
লগে	O
এই	O
পুখুৰীৰ	O
ব্ৰহ্মপুত্ৰৰ	B-LOC
সৈতে	O
সংযোগ	O
বিছিন্ন	O
হৈ	O
পৰে	O
।	O

যোৰহাট	B-ORG
বিজ্ঞানকেন্দ্ৰ	I-ORG
আৰু	I-ORG
তাৰকাগৃহ	I-ORG
অসমৰ	B-LOC
দ্বিতীয়	O
তাৰকাগৃহ	O
।	O

এই	O
মন্দিৰ	O
তাম্ৰেশ্বৰী	B-PER
বা	O
কেঁচাই	B-PER
খাইতি	I-PER
দেৱীলৈ	O
উছৰ্গিত	O
।	O

ফাকুৱা	B-MISC
উপলক্ষে	O
বৰদোৱাত	B-LOC
এখন	O
মেলাও	O
অনুষ্ঠিত	O
কৰা	O
হয়	O
।	O

১১৯৩	B-DATE
খৃষ্টাব্দত	I-DATE
ইৰাণৰ	B-LOC
তাব্ৰিজত	B-LOC
নগৰত	O
হজৰত	B-PER
শ্বাহ	I-PER
চুলতান	I-PER
গিয়াচুদ্দিন	I-PER
বা	O
শ্বেখ	B-PER
জালালুদ্দিন	I-PER
জন্ম	O
হৈছিল	O
।	O

ৰাইমনাৰ	B-LOC
পশ্চিম	O
অংশক	O
অসম	B-LOC
-	O
বংগ	B-LOC
সীমা	O
সহ	O
সোণকোষ	B-LOC
নদীয়ে	I-LOC
আগুৰি	O
আছে	O
যি	O
নেকি	O
ভাৰত	B-LOC
-	O
ভূটান	B-LOC
সীমাৰে	O
দক্ষিণলৈ	O
আগবাঢ়ি	O
গৈছে	O
আৰু	O
পূবত	O
ভাৰত	B-LOC
,	O
ভূটান	B-LOC
সীমাৰ	O
দক্ষিণ	O
অংশ	O
নোপোৱালৈকে	O
সৰলভগা	B-LOC
নদীয়ে	I-LOC
আগুৰি	O
আছে	O
।	O

৮	O
-	O
৩০	O
বজাত	O
বাল্টিমোৰৰ	B-LOC
পৰা	O
নিয়াৰ্ক	B-FAC
ষ্টেচনলৈ	I-FAC
এমট্ৰেক	B-ORG
কোম্পানীৰ	O
ট্ৰেন	O
।	O

অসমৰ	B-LOC
প্ৰায়	O
সকলো	O
ঠাইৰ	O
লগতে	O
যোৰহাট	B-LOC
জিলালৈ	O
অহা	O
-	O
যোৱা	O
কৰাৰ	O
সু	O
-	O
ব্যৱস্থা	O
আছে	O
।	O

ডিব্ৰু	B-LOC
-	I-LOC
ছৈখোৱা	I-LOC
ৰাষ্ট্ৰীয়	I-LOC
উদ্যান	I-LOC
অসমৰ	B-LOC
পৰ্য্যটন	O
স্থান	O
সমূহৰ	O
ভিতৰত	O
এখন	O
উল্লেখযোগ্য	O
স্থান	O
।	O

বাঘেশ্বৰী	B-LOC
পাহাৰৰ	I-LOC
আঁতৰত	O
ব্ৰঘ্ৰবাহিনী	O
বাঘেশ্বৰী	B-LOC
দেৱালয়	I-LOC
প্ৰতিষ্ঠিত	O
।	O

মাজুলীৰ	B-LOC
বৰ্তমান	O
জনসংখ্যা	O
১৪০০০০	O
।	O

কাজিৰঙাৰ	B-LOC
বাৰ্ষিক	O
বৰষুণৰ	O
বুজন	O
অংশ	O
এই	O
কালতে	O
হয়	O
।	O

লাডেনে	B-PER
ইমানবোৰ	O
বৃহৎ	O
অট্টালিকাৰ	O
মাজৰ	O
পৰা	O
কেৱল	O
বিশ্ব	B-LOC
বানিজ্য	I-LOC
কেন্দ্ৰটো	I-LOC
বাচি	O
লৈ	O
কেনেকৈ	O
ইমান	O
নিখুট	O
ভাৱে	O
ধ্বংস	O
কৰিলে	O
সচাই	O
ভাবিব	O
লগীয়া	O
।	O

দক্ষিণপাট	B-LOC
সত্ৰত	I-LOC
উদয়াস্ত	B-MISC
পালনাম	I-MISC
,	O
গড়মূৰ	B-LOC
সত্ৰত	I-LOC
সম্পূৰ্ণ	O
নামঘোষাৰ	O
এহেজাৰ	O
ঘোষা	O
পাঠেৰে	O
এদিনীয়াকৈ	O
,	O
কমলাবাৰী	B-LOC
সত্ৰত	I-LOC
উদয়াস্ত	B-MISC
এদিনীয়া	I-MISC
পালনাম	I-MISC
,	O
আউনীআটী	B-LOC
সত্ৰত	I-LOC
পাঁচদিনীয়াকৈ	O
আৰু	O
কুৰুৱাবাহী	B-LOC
সত্ৰত	I-LOC
উদয়াস্ত	B-MISC
পালনাম	I-MISC
অনুষ্ঠিত	O
কৰা	O
হয়	O
।	O

নিমাতীঘাটৰ	B-LOC
পৰা	O
মাজুলীৰ	B-LOC
বিভিন্ন	O
স্থানলৈ	O
থকা	O
ফেৰীঘাটসমূহ	O
হ'ল	O
-	O
কমলাবাৰী	B-LOC
,	O
অফলামুখ	B-LOC
,	O
শালমৰা	B-LOC
,	O
ফুলনি	B-LOC
,	O
দক্ষিণপাট	B-LOC
,	O
চুমৈবাৰী	B-LOC
আদি	O
।	B-LOC

চক্ৰশীলাৰ	B-LOC
অৰণ্যৰাজি	I-LOC
মূলতঃ	O
অৰ্ধ	O
চিৰসেউজ	O
বননি	O
,	O
সেমেকা	O
পৰ্ণপাতী	O
অৰণ্য	O
,	O
শালগছৰ	O
অৰণ্যৰ	O
উপৰি	O
ঘাঁহনি	O
আৰু	O
জোপোহা	O
গছৰ	O
অৰণ্য	O
দেখিবলৈ	O
পোৱা	O
যায়	O
।	O

১৯২৪	B-DATE
চনত	I-DATE
অৰণ্যখনৰ	O
বিকাশৰ	O
বাবে	O
বৃক্ষৰোপণ	O
আৰম্ভ	O
কৰা	O
হয়	O
।	O

সকলোতে	O
পঞ্জাবী	B-MISC
ভাষা	O
ব্যৱহাৰ	O
কৰা	O
ছাইনব'ৰ্ড	O
।	O

মাজুলীৰ	B-LOC
অন্যতম	O
আকৰ্ষণীয়	O
সত্ৰ	O
গড়মূৰ	B-LOC
সত্ৰ	I-LOC
প্ৰতিষ্ঠা	O
কৰিছিল	O
লক্ষ্মীকান্ত	B-PER
দেৱে	I-PER
।	O

লোকেল	O
এনাসেথচিয়াৰ	O
আৱিষ্কাৰৰো	O
হলষ্টেদৰ	B-PER
কষ্টৰ	O
ফল	O
।	O

তলাতল	B-LOC
ঘৰৰ	O
পৰা	O
কিছুদূৰত	O
দক্ষিণে	O
আছে	O
ৰংগনাথ	B-LOC
দ'ল	I-LOC
।	O

বিষ্ণুপূজাৰ	B-MISC
বাবে	O
নিৰামিষ	O
আৰু	O
শিৱপূজা	B-MISC
আৰু	O
দুৰ্গাপূজাৰ	B-MISC
বাবে	O
আমিষ	O
ভোগ	O
দিয়াৰ	O
ব্যৱস্থা	O
আছে	O
।	O

আন	O
এটা	O
ঐতিহাসিক	O
আলি	O
নাহৰ	B-LOC
আলি	I-LOC
সোণাৰি	B-LOC
নগৰত	O
ধোদৰ	B-LOC
আলিৰ	I-LOC
সৈতে	O
সংযুক্ত	O
হৈছে	O
।	O

জনবিশ্বাস	O
মতে	O
কৃষ্ণা	B-PER
দেৱী	I-PER
দেখাত	O
কৃষ্ণ	B-PER
বৰ্ণৰ	O
আছিল	O
।	O

স্বৰ্গদেউ	O
কমলেশ্বৰ	B-PER
সিংহ	I-PER
ৰাজত্বকালত	O
ৰাজ্যলৈ	O
শান্তি	O
ঘূৰি	O
অহাত	O
উক্ত	O
সত্ৰখন	O
উত্তৰাধিকাৰী	O
সত্ৰাধিকাৰ	O
সুদৰ্শনে	B-PER
পুনৰ	O
প্ৰতিষ্ঠা	O
কৰে	O
।	O

এই	O
ঘটনাৰ	O
পাছত	O
দেৱকুলৰ	O
সৈতে	O
নৰকৰ	B-PER
সংঘাত	O
আৰম্ভ	O
হল	O
।	O

দৰং	B-LOC
জিলাত	O
২৬.২২	O
বৰ্গ	O
কি:মি:	O
মাটিৰে	O
বৰনদী	B-LOC
অভয়াৰণ্যত	I-LOC
বিশেষকৈ	O
হাতী	O
,	O
পেংগোলিন	O
,	O
বিভিন্ন	O
প্ৰজাতিৰ	O
চৰাই	O
আদি	O
পোৱা	O
যায়	O
।	O

তলাতল	B-LOC
ঘৰ	I-LOC
আহোম	O
ৰাজ্যৰ	O
স্মৃতিচিহ্নসমূহৰ	O
ভিতৰত	O
আকাৰত	O
আটাইতকৈ	O
ডাঙৰ	O
।	O

বদন	B-PER
বৰফুকন	I-PER
আহোম	O
ৰাজ্যৰ	O
এজন	O
বিষয়া	O
আছিল	O
।	O

ইয়াত	O
পোৱা	O
যায়	O
জৈন	B-MISC
চিত্ৰবোৰৰ	O
আইকনো'গ্ৰাফী	O
তেওঁলোকৰ	O
হাতৰ	O
ওচৰৰ	O
পৰা	O
অলপ	O
পৃথক	O
,	O
কিন্তু	O
জৈনৰ	B-MISC
ঐতিহ্যবাহী	O
আইকনো'গ্ৰাফী	O
অনুযায়ী	O
উলঙ্গ	O
অৱস্থাত	O
পোৱা	O
যায়	O
।	O

মন্দিৰভাগৰ	O
ভূমি	O
ৰবিদাস	B-PER
বনসপতি	I-PER
নামৰ	O
এজন	O
পুৰোহিতক	O
দান	O
কৰা	O
হৈছিল	O
।	O

মহো	B-MISC
-	I-MISC
হো	I-MISC
বা	O
মহ	B-MISC
খেদা	I-MISC
উৎসৱ	O
সাধাৰণতে	O
নামনি	B-LOC
অসমত	I-LOC
উদ্‌যাপন	O
কৰা	O
এটা	O
উৎসৱ	O
।	O

বব	B-PER
এলীচে	I-PER
আমাৰ	O
কথাবোৰ	O
লগে	O
লগে	O
স্পেনীচলৈ	B-MISC
অনুবাদ	O
কৰিছিল	O
।	O

আওঁ	O
-	O
ডাই	O
ভিয়েটনামী	B-MISC
মহিলাৰ	O
পৰম্পৰাগত	O
সাজ	O
।	O

তৰুণ	B-PER
গগৈয়ে	I-PER
লগতে	O
কয়	O
যে	O
,	O
ৰাধাকান্ত	B-PER
সন্দিকৈয়ে	I-PER
সেই	O
সময়তে	O
অসমীয়া	B-MISC
সংস্কৃতি	O
আৰু	O
সাহিত্যৰ	O
প্ৰয়োজনীয়তাৰ	O
কথা	O
বুজিছিল	O
।	O

১৬৯৪	B-DATE
চনত	I-DATE
গদাধৰ	B-PER
সিংহৰ	I-PER
দিনত	O
গড়গঞা	B-PER
ফুকনে	I-PER
এই	O
মন্দিৰ	O
সাজিছিল	O
।	O

আমি	O
মাচু	B-LOC
-	I-LOC
পিচলৈ	I-LOC
যাম	O
।	O

দেৱদাসী	B-MISC
নৃত্য	I-MISC
পৰিৱেশিত	O
কলাৰ	O
ভিতৰত	O
অন্যতম	O
।	O

পিচফালে	O
টুলেনৰ	B-PER
কাষতে	O
তাইক	O
বহুৱাই	O
ল'লো	O
।	O

পৌৰাণিক	O
শাস্ত্ৰ	O
মতে	O
এয়ে	O
অশ্বগয়া	B-LOC
আৰু	O
ইয়াতে	O
মৃতকৰ	O
আত্মাৰ	O
সদ্গতিৰ	O
অৰ্থে	O
পিণ্ডদান	O
কৰা	O
হয়	O
।	O

কাজিৰঙাৰ	B-LOC
আন	O
এটা	O
উৎস	O
হ'ব	O
পাৰে	O
কাৰ্বি	B-MISC
ভাষাৰ	O
শব্দ	O
কাজি	O
আৰু	O
ৰঙাই	O
,	O
অৰ্থাৎ	O
ৰঙা	O
ছাগলীৰ	O
স্থান	O
।	O

হলীউড	B-LOC
চোৱা	O
।	O

শ্ৰীমন্ত	B-PER
শংকৰদেৱৰ	I-PER
উপৰিপুৰুষ	O
ভূঞাসকলে	O
তাত	O
আলি	O
বান্ধি	O
পুখুৰী	O
খান্দি	O
গাঁও	O
পাতি	O
বাস	O
কৰিছিল	O
।	O

জুলিয়ে	B-PER
ক'লে	O
-	O
এয়াই	O
মেচুকা	B-LOC
ভেলী	O
।	O

গড়চুক	B-LOC
স্থিত	O
আন্তঃৰাজ্যিক	B-FAC
বাছ	I-FAC
আস্থানৰ	I-FAC
পৰা	O
অসম	B-LOC
তথা	O
উত্তৰ	B-LOC
-	I-LOC
পূৰ্বাঞ্চলৰ	I-LOC
বিভিন্ন	O
ঠাইলৈ	O
বাছ	O
সেৱা	O
আছে	O
।	O

অসমৰ	B-LOC
চাৰিওফালৰ	O
বিভিন্ন	O
ঠাইৰ	O
যাত্ৰীৰ	O
দৈনিক	O
এই	O
মন্দিৰ	O
সমাগম	O
হয়	O
।	O

বৰ্তমান	O
অসম	B-ORG
চৰকাৰে	I-ORG
থানখনৰ	O
উন্নয়নৰ	O
বাবে	O
অসম	O
দৰ্শন	O
আঁচনিৰ	O
অধীনত	O
অনুদান	O
আগবঢ়াইছে	O
।	O

নাইনিতালৰ	B-LOC
পৰা	O
দেশৰ	O
সকলো	O
গুৰুতূপূৰ্ণ	O
নগৰ	O
-	O
চহৰলৈ	O
ব্যক্তিগত	O
বাছৰ	O
যোগাযোগ	O
আছে	O
।	O

ডা:	O
প্যাৰী	B-PER
এজন	O
শল্য	O
চিকিৎসক	O
।	O

সেয়ে	O
ইয়াৰ	O
অন্য	O
এক	O
নাম	O
হল	O
ভস্মাঞ্চল	B-LOC
।	O

গুৱাহাটীত	B-LOC
অৱস্থিত	O
লোকপ্ৰিয়	B-FAC
গোপীনাথ	I-FAC
বৰদলৈ	I-FAC
আন্তঃৰাষ্ট্ৰীয়	I-FAC
বিমানবন্দৰ	I-FAC
আটাইতকৈ	O
ওচৰৰ	O
মুখ্য	O
বিমানবন্দৰ	O
।	O

তাৰ	O
লগতে	O
গনেশ	O
মন্দিৰত	O
গনেশ	B-PER
দেৱতাৰ	O
মূৰ্তিৰ	O
লগতে	O
তেওঁৰ	O
পত্নী	O
বুদ্ধি	B-PER
সিদ্ধিৰ	I-PER
মূৰ্তি	O
স্থাপন	O
কৰা	O
হৈছে	O
।	O

মানাহ	B-LOC
ৰাষ্ট্ৰীয়	I-LOC
উদ্যানৰ	I-LOC
মথগুৰিত	B-LOC
থকা	O
আপাৰ	O
-	O
বাংলোৰ	O
পৰা	O
বেঁকী	B-LOC
নৈৰ	I-LOC
দূৰত্ব	O
প্ৰায়	O
এশ	O
মিটাৰহে	O
।	O

অৱশেষত	O
দুৰ্গা	B-PER
দেৱীৰ	O
আৱিৰ্ভাৱ	O
হয়	O
আৰু	O
তেওঁ	O
ঋষি	O
মাৰ্কণ্ডেয়ক	B-PER
বৰদান	O
দিয়ে	O
আৰু	O
তেতিয়াৰে	O
পৰা	O
দীৰ্ঘেশ্বৰী	B-LOC
মন্দিৰ	I-LOC
দেৱী	O
দুৰ্গাৰ	B-PER
পৱিত্ৰ	O
মন্দিৰ	O
হিচাপে	O
পৰিগণিত	O
হয়	O
।	O

শ্ৰীমন্ত	B-PER
শংকৰদেৱে	I-PER
ধৰ্ম	O
তথা	O
সংস্কৃতিৰ	O
প্ৰচাৰৰ	O
বাবে	O
বেলগুৰিত	B-LOC
প্ৰতিষ্ঠা	O
কৰা	O
সত্ৰত	O
১৫২২	B-DATE
চনত	I-DATE
শ্ৰীমন্ত	B-PER
শংকৰদেৱৰ	I-PER
সৈতে	O
মাধৱদেৱৰ	B-PER
প্ৰথম	O
সাক্ষাৎ	O
হৈছিল	O
।	O

অসম	B-ORG
ৰাজ্যিক	I-ORG
সংগ্ৰহালয়	I-ORG
হৈছে	O
উত্তৰ	B-LOC
-	I-LOC
পূব	I-LOC
ভাৰতৰ	I-LOC
মুখ্য	O
সংগ্ৰহালয়	O
।	O

ৰংঘৰৰ	B-LOC
আকৃতি	O
দুই	O
খলপীয়া	O
ইটাবৰণীয়া	O
এটা	O
খেল	O
উপভোগ	O
কৰা	O
ঘৰ	O
।	O

মাচুপিচুৰ	B-LOC
নিচিনা	O
এক	O
সপ্তাচাৰ্য	O
শৈব	O
নগৰী	O
নিৰ্মাণ	O
কৰিছিল	O
।	O

বৰ্তমান	O
সময়ত	O
বিভিন্ন	O
শৃংখল	O
ব্যৱসায়িক	O
বাণিজ্যৰ	O
খুচুৰা	O
বৃহৎ	O
ব্যৱসায়িক	O
প্ৰতিষ্ঠান	O
যেনে	O
-	O
বিশাল	B-LOC
মেগা	I-LOC
মাৰ্ট	I-LOC
,	O
চেণ্ট্ৰেল	B-LOC
মল	I-LOC
,	O
ৰুদ্ৰাক্ষ	B-LOC
মল	I-LOC
,	O
বিগ	B-LOC
বাজাৰ	I-LOC
,	O
পেণ্টালুন্‌চ	B-LOC
,	O
ট্ৰেণ্ড্‌চ	B-LOC
মল	I-LOC
,	O
ৱেষ্টছাইড	B-LOC
,	O
গুৱাহাটী	B-LOC
চেণ্ট্ৰেল	I-LOC
আদি	O
প্ৰতিষ্ঠানেও	O
মহানগৰীখনৰ	O
অৰ্থনীতিত	O
প্ৰভাৱ	O
পেলাইছে	O
।	O

গুঁই	O
সাপ	O
প্ৰজাতিসমূহৰ	O
বেংগল	O
গুঁই	O
আৰু	O
ৱাটাৰ	O
গুঁই	O
কাজিৰঙাত	B-LOC
দেখা	O
যায়	O
।	O

তাতে	O
পৰশুৰামে	B-PER
উমানন্দক	B-LOC
সেৱা	O
কৰি	O
ব্ৰহ্মপুত্ৰক	B-LOC
অপেক্ষা	O
কৰিবলৈ	O
কয়	O
আৰু	O
কামাখ্যা	B-PER
দেৱীক	I-PER
সেৱা	O
কৰিবলৈ	O
যায়	O
।	O

বৈচিত্ৰ্যময়	O
প্ৰাণী	O
আৰু	O
উদ্ভিদেৰে	O
পৰিপূৰ্ণ	O
এই	O
অৰণ্যখন	O
২০০৩	B-DATE
চনত	I-DATE
অসম	B-ORG
চৰকাৰে	I-ORG
সংৰক্ষিত	O
বনাঞ্চল	O
হিচাপে	O
ঘোষণা	O
কৰে	O
।	O

যোৰহাট	B-LOC
ভাৰতীয়	B-ORG
ৰেলসেৱাৰ	I-ORG
উত্তৰ	B-ORG
-	I-ORG
পূব	I-ORG
সীমান্ত	I-ORG
ৰেলসেৱাৰ	I-ORG
অন্তৰ্গত	O
।	O

১৯৮৬	B-DATE
চনত	I-DATE
উত্তৰ	B-LOC
-	I-LOC
পূব	I-LOC
ভাৰতৰ	I-LOC
পৰিৱেশ	O
সংৰক্ষণকাৰী	O
গোষ্ঠী	O
নেচাৰ্ছ	B-ORG
বেকনৰ	I-ORG
সদস্যসকলে	O
এইবিধ	O
প্ৰাণী	O
আৱিষ্কাৰ	O
কৰে	O
।	O

প্ৰবাদমতে	O
শিৱসিংহ	B-PER
ৰজাৰ	O
দিনত	O
প্ৰথমে	O
ইয়াত	O
বলি	O
দিয়া	O
হৈছিল	O
।	O

সাঁতুৰি	O
ভাল	O
পোৱা	O
পৰ্যটকসকলৰ	O
বাবে	O
ৰুচিকন্দ্ৰা	B-LOC
বীচ্চ	I-LOC
অতি	O
উপযুক্ত	O
।	O

পুৰীৰ	B-LOC
জগন্নাথ	B-LOC
মন্দিৰৰ	I-LOC
আৰ্হি	O
হিচাপে	O
ইয়ালৈ	O
দেশ	O
-	O
বিদেশৰ	O
নানা	O
পৰ্যটক	O
আহে	O
।	O

গেজেটাৰ	B-ORG
অফ	I-ORG
বেংগল	I-ORG
এণ্ড	I-ORG
নৰ্থ	I-ORG
ইষ্ট	I-ORG
ইণ্ডিয়া	I-ORG
ৰ	O
তথ্য	O
মতে	O
১৯০১	B-DATE
খ্ৰীষ্টাব্দত	I-DATE
মাজুলীৰ	B-LOC
আয়তন	O
আছিল	O
৪৮৫	O
বৰ্গমাইল	O
।	O

চিকিৎসা	O
শাস্ত্ৰৰ	O
পাতত	O
উল্লেখ	O
থকা	O
জ'ন	B-ORG
হপচকিন	I-ORG
বিশ্ববিদ্যালয়খন	I-ORG
চাই	O
আৰু	O
চুই	O
নয়ন	O
সাৰ্থক	O
কৰিলো	O
।	O

সমুদ্ৰ	O
পৃষ্ঠৰপৰা	O
কাজিৰঙাৰ	B-LOC
উচ্চতা	O
৪০	O
মিটাৰৰপৰা	O
৮০	O
মিটাৰলৈ	O
বিস্তৃত	O
।	O

বৃটিছ	O
সৈন্যৰ	O
সেই	O
আবাসস্থলীয়েই	O
আজিৰ	O
ছেকেন্দ্ৰবাদ	B-LOC
হায়দৰাবাদৰ	B-LOC
ভগ্নী	O
চহৰ	O
এইখনঃ	O
অৱশ্যেই	O
দুয়োখন	O
চহৰৰ	O
সীমা	O
বিচাৰি	O
উলিওৱা	O
এতিয়া	O
কঠিন	O
কাম	O
।	O

এসময়ত	O
টখত	B-LOC
-	I-LOC
ই	I-LOC
-	I-LOC
চুলমান	I-LOC
পৰ্বতত	I-LOC
এটা	O
সুপ্ত	O
জ্বলামুখী	O
আছিল	O
।	O

কেণ্ডি	B-LOC
চহৰৰ	O
পৰা	O
উভতি	O
আহি	O
কিছু	O
দূৰ	O
অহাৰ	O
পথত	O
মাৱামেলা	B-LOC
নামৰ	O
ঠাইৰ	O
সোঁফালে	O
দেখা	O
পালোঁ	O
এখন	O
বৃহৎ	O
দোকান	O
।	O

চেন্নাইৰ	B-LOC
পৰা	O
৫০	O
কিলোমিটাৰ	O
নিলগৰ	O
এইখন	O
মহাবলীপুৰলৈ	B-LOC
গৈছিলো	O
যোৱা	O
জানুৱাৰী	O
মাহত	O
২৮	B-DATE
তাৰিখে	I-DATE
।	O

এসময়ত	O
তেজপুৰত	B-LOC
বাণ	B-PER
নামৰ	O
এজন	O
শিৱভক্ত	O
অসুৰ	O
ৰজাই	O
ৰাজত্ব	O
কৰিছিল	O
।	O

আন	O
এটা	O
কোঠাত	O
মহাৰাজ	O
ৰণবীৰ	B-PER
আৰু	O
মহাৰাণীৰ	O
প্ৰতিমূৰ্তিও	O
দেখা	O
য়ায	O
।	O

সেই	O
মঠটো	O
শিৱসাগৰৰ	B-LOC
শিৱদ'লৰ	B-LOC
আৰ্হিত	O
সজোৱা	O
।	O

আমি	O
ট্ৰিনিটি	B-ORG
স্কুল	I-ORG
আৰু	I-ORG
কলেজ	I-ORG
দেখিলোঁ	O
।	O

নিৰ্বাচনত	O
বিজয়ী	O
হোৱাৰ	O
বাবে	O
তেওঁ	O
চিকাগোৰ	B-LOC
পৰা	O
ৱাশ্বিংটন	B-LOC
ডি	I-LOC
চিলৈ	I-LOC
তেওঁৰ	O
পত্নী	O
মিছেল	B-PER
অ'বামাৰ	I-PER
লগত	O
দুই	O
কন্যাৰ	O
সৈতে	O
আহিবলগীয়া	O
হৈছিল	O
ৰাষ্ট্ৰপতিৰূপে	O
চিকাগোৰ	B-LOC
পৰা	O
ৱাশ্বিংটন	B-LOC
ডি	I-LOC
চিৰ	I-LOC
কোনো	O
শিক্ষানুষ্ঠানত	O
নামভৰ্তি	O
কৰাবলগীয়া	O
হৈছিল	O
।	O

লোক	O
-	O
সংস্কৃতিৰ	O
দিশৰ	O
পৰা	O
মাজুলী	B-LOC
অতিকে	O
চহকী	O
।	O

ইয়াৰ	O
কেইবাটাও	O
স্তম্ভ	O
আৰু	O
ভাস্কৰ্য	O
চিত্ৰলেখা	B-LOC
উদ্যানলৈ	I-LOC
তুলি	O
নিয়া	O
হৈছে	O
।	O

থাইলেণ্ডৰ	B-LOC
বৰ্তমান	O
বীচ্চ	O
নিৰ্ভৰ	O
পৰ্যটন	O
ব্যৱস্থা	O
গঢ়ি	O
তোলাত	O
সহায়	O
কৰাৰ	O
কাৰণে	O
বহুসংখ্যক	O
যুৱকে	O
লিংগ	O
পৰিৱৰ্তন	O
কৰিছে	O
।	O

ৰামখা	B-LOC
দেওশালখন	I-LOC
আহোমসকল	O
অসমলৈ	B-LOC
অহাৰ	O
আগৰেপৰা	O
আছে	O
।	O

নীলাচল	B-LOC
পাহাৰত	I-LOC
অৱস্থিত	O
শক্তিপীঠ	O
কামাখ্যা	B-LOC
মন্দিৰ	I-LOC
,	O
চিত্ৰাচল	B-LOC
পাহাৰত	I-LOC
অৱস্থিত	O
প্ৰাচীন	O
জ্যোতিষচৰ্চাৰ	O
মন্দিৰ	O
নৱগ্ৰহ	B-LOC
,	O
বশিষ্ঠৰ	B-LOC
পুৰাতাত্বিক	O
সম্পদ	O
আৰু	O
আন	O
আন	O
ঠায়ে	O
নগৰখনৰ	O
কিংবদন্তীমূলক	O
ইতিহাসৰ	O
কথাকে	O
সমৰ্থন	O
কৰিছে	O
।	O

ই	O
ডিফু	B-FAC
ৰেলৱে	I-FAC
ষ্টেচনৰ	I-FAC
পৰা	O
মাথোঁ	O
৮	O
কিমি	O
দুৰত্বত	O
অৱস্থিত	O
।	O

পৰ্যটকক	O
উদ্যানৰ	O
বিষয়ে	O
অধিক	O
জনাবলৈ	O
বাগৰিত	B-LOC
এটা	O
বিশ্লেষণ	O
কেন্দ্ৰ	O
অৱস্থিত	O
।	O

যুদ্ধত	O
কুম্ভকৰ্ণৰ	B-PER
মৃত্যুৰ	O
পিছত	O
কাৰ্কতীয়ে	B-PER
কুম্ভকৰ্ণৰ	B-PER
পুত্ৰক	O
জন্ম	O
দিয়ে	O
আৰু	O
এই	O
পুত্ৰই	O
ভিমাসুৰ	B-PER
নামেৰে	O
পৰিচয়	O
লাভ	O
কৰে	O
।	O

তপস্যা	O
ভংগ	O
হোৱাত	O
ক্ৰোধিত	O
শিৱয়ে	B-PER
কামদেৱক	B-PER
এই	O
স্থানতে	O
ভস্ম	O
কৰে	O
।	O

অমৰনাথ	B-LOC
,	O
বৈষ্ণুদেৱী	B-LOC
,	O
ৰঘুনাথ	B-LOC
মন্দিৰ	I-LOC
আদিত	O
সামৰিক	O
বাহিনীৰ	O
বেষ্টনীৰ	O
মাজেৰে	O
প্ৰৱেশ	O
কৰিব	O
পৰা	O
যায়	O
।	O

এই	O
শিলৰ	O
ওচৰতে	O
নাৱৰ	O
আকৃতিৰ	O
অন্য	O
এক	O
ডাঙৰ	O
শিল	O
আৰু	O
শিৱৰ	B-PER
ভাং	O
খুন্দা	O
খুবলি	O
বুলি	O
কথিত	O
আন	O
এটি	O
শিল	O
আছে	O
।	O

ৱানচোৱা	B-MISC
তিৱা	B-MISC
জনগোষ্ঠীৰ	O
এটা	O
উল্লেখযোগ্য	O
কৃষিভিত্তিক	O
লোক	O
-	O
উৎসৱ	O
।	O

আহোম	B-MISC
ৰাজ্যৰ	O
পতনৰ	O
পিছত	O
অসমত	B-LOC
ব্ৰিটিছ	B-MISC
শাসন	O
আৰম্ভ	O
হয়	O
।	O

দুয়ো	O
মন্দিৰৰ	O
পিছফালে	O
যোৰপুখুৰী	B-LOC
অৱস্থিত	O
।	O

কুৱালালামপুৰৰ	B-LOC
পৰা	O
বাছেৰে	O
ছিংগাপুৰলৈ	B-LOC
যোৱা	O
এই	O
যাত্ৰা	O
মোৰ	O
মানসপটত	O
সদায়ে	O
সজীৱ	O
হৈ	O
ৰ'ব	O
।	O

আমি	O
উভতি	O
যাম	O
ভাৰতবৰ্ষলৈ	B-LOC
,	O
গেলা	O
-	O
পচা	O
,	O
দুৰ্গন্ধ	O
,	O
বন্ধপানী	O
,	O
মহ	O
-	O
মাখি	O
,	O
জাত	O
-	O
পাত	O
সংঘৰ্ষ	O
জৰ্জৰিত	O
ভাৰতবৰ্ষলৈ	B-LOC
,	O
কিন্তু	O
তথাপি	O
ভাৰতবৰ্ষ	B-LOC
মোৰ	O
জন্মভূমি	O
,	O
মোৰ	O
পূণ্যভূমি	O
,	O
যত	O
যুগ	O
যুগ	O
ধৰি	O
শ	O
শ	O
ঋষি	O
,	O
মুনি	O
,	O
যোগী	O
,	O
ত্যাগী	O
,	O
মহাপুৰুষ	O
আৰু	O
প্ৰচাৰকৰ	O
জন্ম	O
হৈছে	O
আৰু	O
বিশ্বক	O
শাতিন্ৰ	O
বানী	O
বিলাইছে	O
।	O

এইটো	O
সম্ভৱত	O
ৰাসভনাথৰ	B-PER
অনুসৰণকাৰী	O
আছিল	O
যাৰ	O
ভৰিৰ	O
পতাৰ	O
ছাপবোৰ	O
এতিয়াও	O
শ্ৰীসূৰ্য	B-LOC
পাহাৰত	I-LOC
আছে	O
।	O

ধেমাজি	B-LOC
জিলাৰ	O
জোনাইত	B-LOC
স্থিত	O
পোভা	B-LOC
বা	O
মিলৰোয়	B-LOC
অভয়াৰণ্যৰ	I-LOC
মাটিকালি	O
৪৯	O
বৰ্গ	O
কি:মি:	O
।	O

এই	O
পুখুৰীটোৱে	O
হ'ল	O
শিৱসাগৰ	B-LOC
পুখুৰী	I-LOC
।	O

খ্ৰীষ্টপূৰ্ব	O
তৃতীয়	O
শতিকাত	O
শ্ৰীলংকাৰ	B-LOC
পৰা	O
থাইলেণ্ডৰ	B-LOC
পৰা	O
বৌদ্ধধৰ্ম	B-MISC
বিয়পি	O
পৰিছিল	O
।	O

বেঙেনাআটি	B-LOC
প্ৰতিষ্ঠাতা	O
শংকৰদেৱৰ	B-PER
সম্পৰ্কীয়	O
ভাতৃ	O
মুৰাৰী	B-PER
দেৱ	I-PER
।	O

এই	O
তাম্ৰপত্ৰত	O
আৰম্ভণিতে	O
শিৱক	B-PER
প্ৰণাম	O
কৰা	O
হৈছে	O
।	O

তিনিচুকীয়া	B-LOC
চহৰৰপৰা	O
নিয়মিতভাৱে	O
বাছ	O
,	O
টেক্সী	O
আৰু	O
অট'ৰিক্সা	O
ইয়ালৈ	O
চলাচল	O
কৰে	O
।	O

আমাৰ	O
অসমত	B-LOC
আকৌ	O
ইংৰাজীৰ	B-MISC
বেনাৰ	O
,	O
ছাইনব'ৰ্ডৰ	O
প্ৰকোপত	O
অসমীয়া	B-MISC
ভাষাৰ	O
মৃত্যুঘণ্টা	O
বাজিছে	O
।	O

এই	O
মন্দিৰত	O
হিন্দুসকলৰ	O
আৰাধ্য	O
দেৱতা	O
শিৱক	B-PER
নিতৌ	O
পূজা	O
অৰ্চনা	O
কৰা	O
হয়	O
।	O

তদুপৰি	O
চিত্ৰাচল	B-LOC
পাহাৰৰ	I-LOC
শীৰ্ষৰ	O
পৰা	O
গুৱাহাটী	B-LOC
দৰ্শন	O
কৰিটোৱেই	O
হ'ব	O
অনন্য	O
অভিজ্ঞতা	O
।	O

দামোদৰ	B-PER
ঠাকুৰে	I-PER
আই	O
কনকলতাৰ	B-PER
সৈতে	O
আহি	O
বৰদোৱা	B-LOC
থান	I-LOC
পুনৰুদ্ধাৰ	O
কৰি	O
নতুনকৈ	O
এখনি	O
সত্ৰ	O
প্ৰতিষ্ঠা	O
কৰে	O
আৰু	O
নতুনকৈ	O
প্ৰতিষ্ঠা	O
কৰাৰ	O
নিমিত্তে	O
সত্ৰখনিক	O
নৰোৱা	B-LOC
সত্ৰ	I-LOC
বোলা	O
হ'ল	O
।	O

ইতিমধ্যে	O
আৱিষ্কৃত	O
হোৱা	O
বিভিন্ন	O
তাম্ৰলিপিৰ	O
পৰা	O
জনা	O
গৈছে	O
যে	O
শালস্তম্ভ	O
আৰু	O
পাল	O
বংশ	O
শিৱৰ	B-PER
যুগ্ম	O
ৰূপৰ	O
উপাসক	O
আছিল	O
।	O

পৰশুৰামে	B-PER
খুন্দা	O
এই	O
কুণ্ডটো	O
বৰ্তমান	O
অৰুণাচলৰ	B-LOC
লোহিত	B-LOC
জিলাত	O
আছে	O
।	O

বৰ্তমানৰ	O
পূজাৰীসকল	O
সেই	O
সনাতনৰেই	B-PER
সতি	O
-	O
সন্ততি	O
।	O

গীতে	O
-	O
মাতেও	O
টিলিঙা	B-LOC
মন্দিৰৰ	I-LOC
বিষয়ে	O
উল্লেখ	O
পোৱা	O
যায়	O
।	O

প্ৰশান্ত	B-LOC
মহাসাগৰৰ	I-LOC
তীৰলৈ	O
আমি	O
নামি	O
গ'লো	O
।	O

এই	O
মেলাত	O
ৰাভা	B-MISC
জনগোষ্ঠীৰ	O
বিভিন্ন	O
নৃত্য	O
-	O
গীত	O
অনুষ্ঠিত	O
হোৱাৰ	O
লগতে	O
চাৰ্কাছ	B-MISC
,	O
চিনেমা	B-MISC
,	O
মিনাবজাৰ	B-MISC
দৰে	O
অনুষ্ঠানো	O
অনুষ্ঠিত	O
হয়	O
।	O

২০১১	B-DATE
চনৰ	I-DATE
পৰিসংখ্যা	O
অনুসৰি	O
এই	O
এলেকাত	O
২০৪টা	O
হাতী	O
আছে	O
।	O

এই	O
মন্দিৰ	O
মহিষাসুৰমৰ্দিনী	O
দেৱী	O
দুৰ্গাৰ	B-PER
প্ৰতি	O
সমৰ্পিত	O
।	O

সেইদৰে	O
নামচাইৰ	B-LOC
বৌদ্ধবিহাৰবোৰে	O
এক	O
শান্তিময়	O
পৰিৱেশ	O
যেন	O
সৃষ্টি	O
কৰিছিল	O
।	O

পাহাৰৰ	O
নামনি	O
অংশত	O
অৱস্থিত	O
মন্দিৰটোৰ	O
কাষতে	O
অশ্বক্ৰান্ত	B-LOC
নামৰ	O
এটা	O
কুণ্ডও	O
আছিল	O
।	O

তেতিয়াৰ	O
পৰা	O
কামৰূপত	B-LOC
সকলো	O
বৈদিক	O
সাধনা	O
ত্যাগ	O
কৰে	O
হয়	O
আৰু	O
দেৱী	O
উগ্ৰতাৰা	B-PER
বামাচাৰী	O
সাধনাৰ	O
দেৱীত	O
পৰিণত	O
হয়	O
।	O

আদিতে	O
সুন্দৰীদিয়া	B-LOC
সত্ৰত	I-LOC
গুৰু	O
আসন	O
এখন	O
আছিল	O
যদিও	O
পৰৱৰ্তীকালত	O
গুৰু	O
আসন	O
তিনিখন	O
হয়	O
।	O

দিল্লীৰ	B-LOC
ৰাজপথৰ	O
মহাত্মা	B-PER
গান্ধীৰ	I-PER
সমাধিস্থলত	O
থিয়	O
হ'লে	O
মনত	O
শিহৰণ	O
জগাৰ	O
দৰে	O
হানয়	B-LOC
নগৰৰ	I-LOC
বা	O
দিন	B-LOC
স্কোৱেৰ	I-LOC
হো	I-LOC
চি	I-LOC
মিন	I-LOC
মছেলিয়ামত	I-LOC
উপস্থিত	O
হৈ	O
ঠিক	O
একে	O
ধৰণৰ	O
অনুভূতি	O
জাগে	O
।	O

ওচমানিয়া	B-ORG
বিশ্ববিদ্যালয়ৰ	I-ORG
পুথিভঁৰাল	O
ভৱন	O
প্ৰথম	O
মহলাত	O
এই	O
সভাকক্ষটো	O
।	O

আহাতে	O
,	O
মেচুকাত	B-LOC
গৈ	O
ক'ত	O
থাকিম	O
তাৰ	O
কোনো	O
নিশ্চয়তা	O
নাই	O
।	O

কাজিৰঙা	B-LOC
ৰাষ্ট্ৰীয়	I-LOC
উদ্যান	I-LOC
অসমৰ	B-LOC
নগাঁও	B-LOC
আৰু	O
গোলাঘাট	B-LOC
জিলাত	O
অৱস্থিত	O
এখন	O
ৰাষ্ট্ৰীয়	O
উদ্যান	O
।	O

নাইনিতাললৈ	B-LOC
যোৱাৰ	O
আটাইতকৈ	O
উপযুক্ত	O
সময়	O
হ'ল	O
মাৰ্চৰ	O
পৰা	O
জুন	O
মাহলৈ	O
।	O

প্ৰতি	O
বছৰে	O
চ'ত	O
মাহৰ	O
সংক্ৰান্তিৰ	O
দিনা	O
মহামায়া	B-LOC
মন্দিৰৰ	I-LOC
প্ৰতিষ্ঠা	O
দিৱস	O
পালন	O
কৰা	O
হয়	O
।	O

ইয়াৰ	O
লগতে	O
ক্ষমা	O
বিচাৰি	O
ক'লে	O
যে	O
এই	O
আগতীয়া	O
বুকিঙৰ	O
কাৰণে	O
তেওঁলোকে	O
অ'বামাৰ	B-PER
অনুৰোধ	O
ৰক্ষা	O
কৰিব	O
নোৱাৰিব	O
।	O

কলিকতাৰ	B-LOC
চৌৰঙ্গী	B-LOC
,	O
নাইবা	O
দিল্লীৰ	B-LOC
সৰোজিনী	B-LOC
বজাৰৰ	O
পৰা	O
বেগ	O
কিনিলে	O
আমাৰ	O
নিচিনা	O
ৰচীৰে	O
বান্ধিব	O
লগা	O
হব	O
।	O

আমি	O
লণ্ডনৰ	B-LOC
সময়	O
মতে	O
৫	O
ঘণ্টা	O
পিছুৱাই	O
২	O
বাজি	O
৩০	O
মিনিট	O
হিচাপে	O
নিজৰ	O
ঘড়ী	O
মিলাই	O
ল'লোঁ	O
।	O

দৌলৰ	O
দেৱালত	O
স্বৰ্গীয়	O
গন্ধৰ্ব	B-PER
আৰু	O
অপ্সৰাৰ	B-PER
প্ৰতিচ্ছবি	O
আৰু	O
সেই	O
সময়ৰ	O
সামাজিক	O
জীৱনক	O
প্ৰতিনিধিত্ব	O
কৰা	O
ভাস্কৰ্য	O
যেনে	O
পূৰ্বৰ	O
আহোম	B-MISC
স্বৰ্গদেউসকলৰ	O
ক্ৰীড়া	O
আৰু	O
প্ৰিয়	O
খেলা	O
-	O
ধূলা	O
আদিৰে	O
সজাই	O
তোলা	O
হৈছে	O
।	O

মানাসক	B-LOC
ব্ৰাঘ্য	O
প্ৰকল্প	O
বুলিও	O
কোৱা	O
হয়	O
।	O

ৰাষ্ট্ৰীয়	O
উদ্যানখনৰ	O
মাজেৰে	O
ব্ৰহ্মপুত্ৰ	B-LOC
নদী	I-LOC
বৈ	O
যোৱাৰ	O
ফলত	O
কিছুমান	O
সৰু	O
-	O
বৰ	O
জলাশয়	O
সৃষ্টি	O
হৈছে	O
।	O

প্ৰকৃততে	O
ইউৰোপৰ	B-LOC
নিজাববীয়াকৈ	O
স্বতন্ত্ৰ	O
এখন	O
মহাদেশেই	O
নাই	O
।	O

চুফী	O
সাধক	O
শ্বেখ	B-PER
জালালুদ্দিন	I-PER
ওৰফে	O
গিয়াচুদ্দিন	B-PER
আউলীয়াই	I-PER
কেইবাজনো	O
আউলীয়াক	O
লগত	O
লৈ	O
ইয়াত	O
ইছলাম	B-MISC
ধৰ্মৰ	O
বাণী	O
প্ৰচাৰ	O
কৰিছিল	O
।	O

ভিমেশ্বৰ	B-LOC
দ্বাদশ	I-LOC
জ্যোতিৰ্লিংগ	I-LOC
শিৱ	I-LOC
ধাম	I-LOC
হৈছে	O
গুৱাহাটীৰ	B-LOC
পামহীৰ	B-LOC
ওচৰৰ	O
ডাকিনী	B-LOC
পাহাৰ	I-LOC
বা	O
ডাইনী	B-LOC
পাহাৰত	I-LOC
অৱস্থিত	O
এখন	O
জ্যোতিৰ্লিংগ	O
ধাম	O
।	O

এই	O
ঐতিহ্যপূৰ্ণ	O
ৰাজপ্ৰাসাদটো	O
আহোম	B-MISC
ৰজা	O
স্বৰ্গদেউ	O
ৰাজেশ্বৰ	B-PER
সিংহই	I-PER
তেওঁৰ	O
ৰাজত্ব	O
কালত	O
সজাইছিল	O
।	O

ইয়াৰ	O
স্থাপত্যৰ	O
সমসাময়িক	O
মোগলসকলৰ	B-MISC
মিল	O
আছে	O
।	O

শনি	O
মন্দিৰত	O
শনি	B-PER
দেৱতাৰ	O
মূৰ্তিৰ	O
লগতে	O
মন্দিৰৰ	O
চৌদিশৰ	O
বেৰত	O
নৱগ্ৰহৰ	O
মূৰ্তি	O
খোদিত	O
কৰা	O
আছে	O
।	O

যোগিনী	B-MISC
তন্ত্ৰৰ	I-MISC
মতে	O
নন্দিকেশ্বৰ	B-PER
শিৱৰ	B-PER
আন	O
এটা	O
নাম	O
।	O

তাই	O
হাঁহি	O
কলে	O
,	O
ইণ্ডিয়া	B-LOC
।	O

সমগ্ৰ	O
পঞ্চাবত	B-LOC
১২০	O
টা	O
ক্ৰিকেট	O
বেট	O
তৈয়াৰ	O
কৰা	O
ক্ষুদ্ৰ	O
উদ্যোগ	O
আছে	O
।	O

১৮৩৭	B-DATE
শকৰ	I-DATE
বাৰিষা	O
ব্ৰহ্মপুত্ৰই	B-LOC
মহাপুৰুষজনাৰ	O
ঐতিহাসিক	O
বেলগুৰি	B-LOC
সত্ৰ	I-LOC
খহাই	O
নিয়াত	O
পিছত	O
এই	O
সত্ৰখন	O
লখিমপুৰ	B-LOC
কাচিকটালৈ	B-LOC
উঠি	O
যায়	O
।	O

নগৰখন	O
আঠটা	O
ব্লকত	O
বিভক্ত	O
-	O
বালিজানা	B-LOC
,	O
জলেশ্বৰ	B-LOC
,	O
খাৰমোজা	B-LOC
,	O
কৃষ্ণাই	B-LOC
,	O
কুশ্বধোৱা	B-LOC
,	O
লখিপুৰ	B-LOC
,	O
মাটিয়া	B-LOC
,	O
ৰংজুলি	B-LOC
।	O

২০০৫	B-DATE
চনত	I-DATE
কাজিৰঙা	B-MISC
নামেৰে	O
কবিতাটো	O
পুনৰ	O
মুদ্ৰণ	O
হয়	O
ৰ্চ	O
ইন	O
থে	O
মেকিং:	O
থে	O
টাইম	O
-	O
ট্ৰেভেল	O
ষ্টৰিজ	O
অফ	O
ল.	O
স্প্ৰেগ	O
দে	O
কেম্প	O
গ্ৰন্থত	O
।	O

হায়দৰাবাদৰ	B-LOC
পৰা	O
বিশাখাপট্টনমলৈ	B-LOC
দূৰত্ব	O
৬৫০	O
কি:মি:	O
আৰু	O
বিজয়বাদাৰ	B-LOC
পৰা	O
৩৫০	O
কি:মি:	O
।	O

যোৰহাট	B-LOC
চহৰৰ	O
মাজমজিয়াতে	O
ঐতিহাসিক	O
ৰাজমাও	B-LOC
পুখুৰীৰ	I-LOC
পাৰত	O
ই	O
অৱস্থিত	O
।	O

কিন্তু	O
সুন্দৰ	O
চৰাইজনী	O
চাওক	O
বুলি	O
অলকেষ	B-PER
দাসৰ	I-PER
সুখনিদ্ৰা	O
ভাঙি	O
দিলো	O
।	O

তদুপৰি	O
ইয়াৰ	O
চাৰিওকাষে	O
থকা	O
অন্যান্য	O
কেইটামান	O
উল্লেখযোগ্য	O
প্ৰতিষ্ঠান	O
হৈছে	O
অসম	B-ORG
ৰাজ্যিক	I-ORG
সংগ্ৰহালয়	I-ORG
,	O
ৰবীন্দ্ৰ	B-ORG
ভৱন	I-ORG
,	O
ৰাজ্যিক	B-ORG
গ্ৰন্থাগাৰ	I-ORG
,	O
কৰ্মবীৰ	B-ORG
নবীন	I-ORG
চন্দ্ৰ	I-ORG
বৰদলৈ	I-ORG
অধ্যয়ন	I-ORG
কক্ষ	I-ORG
,	O
গুৱাহাটী	B-LOC
ৰাজ্যিক	I-LOC
সংগ্ৰহালয়	I-LOC
।	O

তিনিচুকীয়াৰ	B-LOC
পৰা	O
১০	O
কি:মি:	O
নিলগৰ	O
গুইজানত	B-LOC
ডিব্ৰু	B-LOC
নদীৰ	I-LOC
পাৰত	O
বনশ্ৰী	B-LOC
নামৰ	O
এটা	O
ইক'	O
কেম্প	O
স্থাপন	O
কৰা	O
হৈছে	O
।	O

বৰ্তমান	O
যোৰহাট	B-ORG
জিমখানা	I-ORG
ক্লাবত	I-ORG
ল'ন	O
টেনিছ	O
গ্ৰাছ	O
ক'ৰ্ট	O
,	O
চুইমিং	O
পুল	O
,	O
বিলিয়াৰ্ডছ্‌	O
,	O
প'ল'	O
খেলাৰ	O
সুবিধা	O
আছে	O
।	O

আছাড	B-PER
এজন	O
বিচক্ষণ	O
নিৰ্মম	O
শাসনকৰ্তা	O
আছিল	O
আৰু	O
তেওঁ	O
পঞ্চমবাৰৰ	O
কাৰণে	O
নিৰ্মাচনত	O
৯৯.৯	O
শতাংশ	O
ভোটত	O
জিকিছিল	O
।	O

নন্দিকেশ্বৰ	B-LOC
মন্দিৰটো	I-LOC
১৬৮৭	B-DATE
খৃষ্টাব্দত	I-DATE
শিৱসিংহই	B-PER
পুনৰ	O
নিৰ্মাণ	O
কৰিছিল	O
।	O

ঢেকীয়াখোৱা	B-LOC
বৰনামঘৰৰ	I-LOC
নিকটৱৰ্তী	O
ৰেল	O
ষ্টেছন	O
হৈছে	O
যোৰহাট	B-FAC
ৰেল	I-FAC
ষ্টেছন	I-FAC
।	O

তাৰ	O
পাছত	O
আছে	O
মৌৰ্যসকল	B-MISC
।	O

তাৰ	O
পাছত	O
জলন্ধৰত	B-LOC
সোমালোঁ	O
।	O

শ্ৰীকোদানদাৰ	B-LOC
ৰামাস্বামী	B-LOC
মন্দিৰটো	I-LOC
তিৰুপতিৰ	B-LOC
মধ্যভাগৰ	O
সোঁহাতে	O
অৱস্থিত	O
।	O

ইযাৰ	O
এটা	O
অংশ	O
অৰ্থাৎ	O
১১১.১৯	O
বৰ্গকিলোমিটাৰ	O
অঞ্চল	O
দিহিং	B-LOC
পাটকাই	I-LOC
অভয়াৰণ্য	I-LOC
হিচাপে	O
অসম	B-ORG
চৰকাৰে	I-ORG
ঘোষণা	O
কৰে	O
।	O

কেঁচাই	B-PER
খাইতি	I-PER
দেউৰী	O
জনগোষ্ঠীৰ	O
দেৱী	O
আছিল	O
।	O

মৈদাম	O
প্ৰথাৰ	O
বিষয়ে	O
চাংৰুং	B-MISC
ফুকন	I-MISC
বুৰঞ্জীত	I-MISC
লিখা	O
আছে	O
।	O

তাৱি	B-LOC
নদীৰ	I-LOC
পাৰত	O
উপস্থিত	O
হৈ	O
তেওঁ	O
এটা	O
অভূতপূৰ্ব	O
আৰু	O
অভাৱনীয়	O
ঘটনা	O
দেখিবলৈ	O
পালে	O
।	O

২০০৭	B-DATE
চনৰ	I-DATE
প্ৰথম	O
ভাগত	O
কেইটামান	O
হাতী	O
আৰু	O
দুটা	O
গঁড়	O
মানাহ	B-LOC
ৰাষ্ট্ৰীয়	I-LOC
উদ্যানলৈ	I-LOC
পঠিওৱা	O
হয়	O
।	O

অথচ	O
হাজাৰ	O
হাজাৰ	O
মাইল	O
আঁতৰত	O
দক্ষিণ	B-LOC
আমেৰিকাৰ	I-LOC
হাবিত	O
মোৰ	O
একাউণ্টৰ	O
পৰা	O
পইচা	O
ওলাইছে	O
।	O

ডিফুৰ	B-LOC
পৰা	O
প্ৰায়	O
১০	O
কিলোমিটাৰ	O
নিলগত	O
অৱস্থিত	O
মৰাট	B-LOC
লংৰি	I-LOC
বন্যপ্ৰাণী	I-LOC
অভয়াৰণ্য	I-LOC
প্ৰায়	O
৪৫১	O
বৰ্গ	O
কিলোমিটাৰ	O
এলেকাত	O
বিস্তৃত	O
।	O

যোৱা	O
১৪০	O
বছৰ	O
ধৰি	O
ই	O
গুৱাহাটীৰ	B-LOC
বুৰঞ্জীৰ	O
বিভিন্ন	O
ঘটনাৰ	O
সাক্ষী	O
হৈ	O
লুইতৰ	B-LOC
পাৰত	O
থিয়	O
হৈ	O
আছে	O
।	O

শ্ৰী	B-LOC
সূৰ্য	I-LOC
পাহাৰৰ	I-LOC
আন	O
এটা	O
তাৎপৰ্য	O
হ'ল	O
এইটো	O
হিন্দু	B-MISC
,	O
বৌদ্ধ	B-MISC
তথা	O
জৈন	B-MISC
ধৰ্মাৱলম্বীৰ	O
অসংখ্য	O
ভাস্কৰ্য	O
আৰু	O
অন্যান্য	O
ধ্বংসাৱশেষৰ	O
পৰা	O
স্পষ্টত	O
তিনিটাকৈ	O
ধৰ্মৰ	O
সংমিশ্ৰণ	O
আছিল	O
।	O

ঘূৰি	O
পাকি	O
হ'পস্কিন	B-FAC
লছ	I-FAC
অতিথিশালটোত	O
নামিলো	O
।	O

বাছখনত	O
হাঁহিমুখীয়া	O
মহিলা	O
এগৰাকীয়ে	O
আমাৰ	O
ফালে	O
চাই	O
ক'লে	O
শুভ্ৰ	O
হস্তী	O
,	O
সোণৰ	O
ভূমি	O
থাইলেণ্ডলৈ	B-LOC
আপোনাক	O
স্বাগতম	O
।	O

উল্লিখিত	O
বটবৃক্ষজোপা	O
আকৌ	O
বিষ্ণুৰ	B-PER
গাৰ	O
এডাল	O
নোমৰ	O
পৰা	O
সৃষ্টি	O
হোৱা	O
বুলি	O
কোৱা	O
হয়	O
।	O

কাৰণ	O
গদাধৰ	B-PER
সিংহ	I-PER
ৰজা	O
হোৱাৰ	O
আগলৈকে	O
অৰ্থাৎ	O
১৬৮০	B-DATE
খ্ৰিষ্টাব্দৰ	I-DATE
আগলৈকে	O
অসমৰ	B-LOC
স্থাপত্য	O
-	O
কলাৰ	O
কোনো	O
ধাৰাবাহিক	O
গতি	O
নাছিল	O
আৰু	O
সেয়ে	O
স্থাপত্য	O
-	O
শিল্পীৰ	O
দল	O
এটা	O
জীয়াই	O
থকাৰ	O
পৰিৱেশো	O
নাছিল	O
।	O

বিশ্বৰ	O
পৰ্যটন	O
ক্ষেত্ৰসমূহৰ	O
ভিতৰত	O
গোৱাৰ	B-LOC
সমুদ্ৰতীৰ	O
সকলো	O
পৰ্যটনকাৰীৰ	O
কাৰমে	O
স্বপ্নৰ	O
পৰ্যটনস্থলী	O
।	O

অন্ধ্ৰপ্ৰদেশে	B-LOC
শিক্ষাখণ্ডত	O
কিমান	O
গুৰুত্ব	O
দিছে	O
সেয়া	O
জানিব	O
পৰা	O
যায়	O
ওছমানিয়া	B-ORG
বিশ্ববিদ্যালয়ত	I-ORG
ভৰি	O
থ'লে	O
।	O

তদুপৰি	O
মুস্কাতৰ	B-LOC
উত্তৰ	O
-	O
পশ্চিমৰ	O
ছোহাৰত	B-LOC
থকা	O
হিন্দুসকলৰ	O
শ্মশানস্থলী	O
বাকী	O
ৰৈছিল	O
।	O

তাৰ	O
পিছতে	O
এই	O
মন্দিৰ	O
পুনৰ	O
নিৰ্মাণ	O
কৰে	O
বিশ্বসিংহৰ	B-PER
পুত্ৰ	O
কোচ	O
নৃপতি	O
মহাৰাজ	B-PER
নৰনাৰায়ণ	I-PER
আৰু	O
তেওঁৰ	O
ভাতৃ	O
চিলাৰায়ে	B-PER
।	O

উৰছ	B-MISC
উৎসৱৰ	O
সময়ত	O
পোৱামক্কাত	B-LOC
মেলা	O
বহে	O
।	O

ইয়াৰে	O
বহু	O
প্ৰজাতিৰ	O
পক্ষী	O
আই.	B-ORG
ইউ.	I-ORG
চি.	I-ORG
এন.	I-ORG
ৰেড	O
ডেটা	O
লিষ্টত	O
বিপন্ন	O
প্ৰজাতি	O
ৰূপে	O
অন্তৰ্ভুক্ত	O
হৈছে	O
।	O

গোপেশ্বৰ	B-LOC
দেৱালয়	I-LOC
তলেৰে	O
ব্ৰহ্মপুত্ৰৰ	B-LOC
লগত	O
সংযোগ	O
আছে	O
বুলি	O
এটা	O
বিশ্বাস	O
আছে	O
।	O

তেজপুৰ	B-LOC
চহৰৰ	O
এখন	O
উল্লেখযোগ্য	O
উদ্যান	O
ত্ৰিমূৰ্তি	B-LOC
উদ্যান	I-LOC
।	O

প্ৰায়	O
৩০০	O
বছৰ	O
শোষণ	O
-	O
শাসনৰ	O
অন্তত	O
১৮২১	B-DATE
চনৰ	I-DATE
২৮	B-DATE
জুলাইত	I-DATE
পেৰু	B-LOC
স্বাধীন	O
বুলি	O
ঘোষণা	O
কৰা	O
হয়	O
।	O

ইয়াৰ	O
পশ্চিম	O
সীমান্তইদি	O
বৈ	O
যোৱা	O
বৰনদী	B-LOC
নৈৰ	I-LOC
নামেৰে	O
এই	O
অভয়াৰণ্যৰ	O
নামকৰণ	O
কৰা	O
হৈছে	O
।	O

মহালয়া	B-PER
দেৱী	O
পাৰ্বতী	B-PER
,	O
দুৰ্গা	B-PER
,	O
কালি	B-PER
,	O
কামাখ্যা	B-PER
আদি	O
দেৱীৰে	O
অন্য	O
ৰূপ	O
।	O

সেই	O
যুদ্ধত	O
বিষ্ণুৱে	B-PER
অসুৰ	O
দুজনক	O
পৰাস্ত	O
কৰি	O
প্ৰাণনাশ	O
কৰে	O
।	O

হিন্দু	O
শাস্ত্ৰ	O
মতে	O
উমাৰ	B-PER
আনন্দৰ	O
বাবে	O
ভগৱান	O
শিৱয়ে	B-PER
এই	O
দ্বীপ	O
সৃষ্টি	O
কৰিছিল	O
।	O

পেৰুৰ	B-LOC
ৰাজধানী	O
লিমাৰ	B-LOC
পৰা	O
হুৱানোকোলৈ	B-LOC
৪১০	O
কিঃমি	O
।	O

নাইবা	O
আমনিৰ	B-LOC
নিচিনা	O
লেতেৰা	O
পাইখানাত	O
নাক	O
-	O
কাণ	O
বন্ধ	O
কৰি	O
পেচাব	O
পাইখানা	O
কৰিব	O
নালাগে	O
।	O

লা	B-FAC
মোৰাচ	I-FAC
অন্য	O
এক	O
স্বাস্থ্যকেন্দ্ৰ	O
।	O

আই	O
গোঁসানীৰ	O
গৃহটি	O
মাধব	B-PER
মৰলৰ	I-PER
দিনৰ	O
পৰাই	O
তেওঁলোকৰ	O
বংশধৰসকলে	O
চোৱা	O
-	O
চিতা	O
কৰি	O
আহিছে	O
আৰু	O
১৯৮০	B-DATE
চনত	I-DATE
এই	O
গৃহটি	O
নতুনকৈ	O
নিৰ্মাণ	O
কৰি	O
উলিওৱা	O
হয়	O
।	O

বৰৰজা	O
হৈ	O
অম্বিকাই	B-PER
স্বামী	O
শিৱসিংহৰ	B-PER
নামত	O
এটা	O
পুখুৰী	O
খন্দায়	O
আৰু	O
তাৰ	O
পাৰত	O
দৌল	O
নিৰ্মাণ	O
কৰায়	O
।	O

আমাক	O
পঠোৱা	O
সংসথাটো	O
হ'ল	O
ফিউচাৰ	B-ORG
জেনেৰেচন	I-ORG
ই	O
এটা	O
আন্তৰ্জাতিক	O
স্বেচ্ছাসেৱী	O
অনুষ্ঠান	O
।	O

বটদ্ৰৱা	B-LOC
থান	I-LOC
বা	O
বৰদোৱা	B-LOC
থান	I-LOC
,	O
চমুকৈ	O
বৰদোৱা	B-LOC
অসমৰ	B-LOC
এখন	O
পৱিত্ৰ	O
তীৰ্থস্থান	O
।	O

অন্যান্য	O
প্ৰাণী	O
তথা	O
চৰাই	O
চিৰিকটি	O
সমূহ	O
হ'ল	O
-	O
এশিঙীয়া	O
গঁড়	O
,	O
বনৰীয়া	O
ম'হ	O
,	O
অসমীয়া	B-MISC
বান্দৰ	O
,	O
দল	O
-	O
হৰিণা	O
,	O
নাহৰফুটুকী	O
বাঘ	O
,	O
বন	O
-	O
ৰৌ	O
,	O
শিয়াল	O
,	O
শৰপহু	O
,	O
খটীয়া	O
পহু	O
,	O
সেন্দূৰী	O
বান্দৰ	O
,	O
হলৌ	O
বান্দৰ	O
,	O
বাদুলি	O
,	O
মলুৱা	O
বান্দৰ	O
,	O
লাজুকী	O
বান্দৰ	O
,	O
সুগৰী	O
পহু	O
,	O
হেপা	O
,	O
হাতী	O
,	O
আমৰ'লীয়া	O
হাঁহ	O
,	O
মাছোৰোকা	O
,	O
মৌপিয়া	O
,	O
লক্ষ্মী	O
ফেঁচা	O
,	O
লৰীয়তী	O
,	O
শামুকভঙা	O
,	O
শেন	O
,	O
শৰালি	O
হাঁহ	O
,	O
দেওৰাজ	O
হাঁহ	O
,	O
নীলকণ্ঠ	O
,	O
পাকৈঢোৰা	O
,	O
ফেঁচু	O
,	O
পাটিশগুণ	O
,	O
পানী	O
কাউৰী	O
,	O
বতা	O
চৰাই	O
,	O
বনকুকুৰা	O
,	O
বনচিৰিকা	O
,	O
বামুণ	O
বগলী	O
,	O
বামুণী	O
হাঁহ	O
,	O
খন্তীয়া	O
হাঁহ	O
,	O
গলমণিকা	O
,	O
সখিয়তী	O
,	O
সাতভনী	O
,	O
বৰ	O
বগ	O
,	O
বৰটোকোলা	O
,	O
সোণ	O
বাঢ়ৈটোকা	O
,	O
সৰুমূগী	O
হাঁহ	O
,	O
হয়কলি	O
,	O
হাইঠা	O
,	O
হাড়গিলা	O
,	O
ঘিলা	O
হাঁহ	O
,	O
চাকৈ	O
-	O
চকোৱা	O
,	O
ৰাজ	O
ভাটৌ	O
,	O
ৰামপৰা	O
,	O
কলীমূৰী	O
হাঁহ	O
,	O
কাকলি	O
হাঁহ	O
,	O
কামচৰাই	O
,	O
কুটুম	O
চৰাই	O
ইত্যাদি	O
।	O

তিৰুপতি	B-LOC
বালাজী	I-LOC
মন্দিৰলৈ	I-LOC
বহু	O
পৰ্যটক	O
অহা	O
পৰিলক্ষিত	O
হয়	O
।	O

বিশাখাপট্টনমৰ	B-LOC
এখন	O
লেখত	O
ল'বলগীয়া	O
উদ্যান	O
হ'ল	O
কৈলাশগিৰি	B-LOC
।	O

দিনে	O
দিনে	O
বৰলুইতৰ	B-LOC
বাবে	O
সংকুচিত	O
হৈ	O
অহা	O
মাজুলীৰ	B-LOC
বৰ্তমান	O
মাটিকালি	O
হৈছে	O
৬৫০	O
বৰ্গমিটাৰ	O
।	O

যোৰহাটলৈ	B-LOC
ৰাজধানী	O
অনাৰ	O
পিছত	O
মৰাণ	B-MISC
আৰু	O
মানৰ	B-MISC
উপদ্ৰৱত	O
আহোমসকলে	B-MISC
বুঢ়ী	B-PER
গোসানীৰ	I-PER
দ'ল	O
সজাব	O
নোৱাৰিলে	O
।	O

হেপা	O
,	O
হাতী	O
,	O
অসমীয়া	B-MISC
বান্দৰ	O
,	O
টুপীমূৰীয়া	O
বান্দৰ	O
,	O
দল	O
-	O
হৰিণা	O
,	O
নাহৰফুটুকী	O
বাঘ	O
,	O
বনৰৌ	O
,	O
শিয়াল	O
,	O
শৰপহু	O
,	O
সুগৰী	O
পহু	O
,	O
সেন্দুৰী	O
বান্দৰ	O
,	O
হলৌ	O
বান্দৰ	O
,	O
বাদুলি	O
,	O
মলুৱা	O
বান্দৰ	O
,	O
লাজুকী	O
বান্দৰ	O
,	O
খটীয়া	O
পহু	O
আদি	O
।	O

দৰ্শনাৰ্থী	O
সকলৰ	O
থকা	O
খোৱাৰ	O
বাবে	O
অসম	B-ORG
চৰকাৰৰ	I-ORG
পৰ্যটন	O
বিভাগৰ	O
অধীনৰ	O
৪টা	O
কোঠা	O
যুক্ত	O
মায়ং	B-FAC
অতিথিশালা	I-FAC
আৰু	O
বন	O
বিভাগৰ	O
অধীনৰ	O
দুটা	O
কোঠাৰ	O
মায়ং	B-FAC
পৰিদৰ্শন	I-FAC
বঙলা	I-FAC
আছে	O
।	O

প্ৰবাদ	O
অনুসৰি	O
মহাদেৱে	B-PER
এই	O
অঞ্চলটোত	O
নিজ	O
বেশ	O
ধৰি	O
ৰাতি	O
বিচৰণ	O
কৰি	O
চুৰি	O
আদি	O
অপকাৰ্যৰ	O
পৰা	O
ৰাইজক	O
ৰক্ষা	O
কৰি	O
আহিছিল	O
।	O

আমাৰ	O
দলটোত	O
৩৭জন	O
দিল্লীৰ	B-LOC
পৰা	O
একেলগে	O
আহিছিলোঁ	O
যদিও	O
বিশেষ	O
চা	O
-	O
চিনাকি	O
হোৱা	O
নাছিল	O
।	O

আমাৰ	O
দেশৰ	O
বপিৰীতে	O
পেৰুৰ	B-LOC
জনসংখ্যাৰ	O
শতকৰা	O
৮০	O
ভাগ	O
লোকেই	O
চহৰত	O
বাস	O
কৰে	O
।	O

তাৰ	O
প্ৰায়	O
দুশ	O
বছৰ	O
পিছত	O
১৮৯৭	B-DATE
চনত	I-DATE
পুনৰ	O
এটা	O
মছজিদ	O
নিৰ্মাণ	O
কৰা	O
হয়	O
আৰু	O
সেইটো	O
এতিয়াও	O
আছে	O
।	O

১৭৯২	B-DATE
চনত	I-DATE
বুঢ়াগোহাঁইৰ	B-PER
অনুৰোধত	O
কেপ্টেইন	O
ৱেল্‌ছে	B-PER
ব্ৰিটিছ	B-MISC
সৈন্য	O
আনি	O
বিদ্ৰোহ	O
দমন	O
কৰি	O
গোৰীনাথ	B-PER
সিংহক	I-PER
পুনৰ	O
ৰাজপাটত	O
বহুৱায়	O
।	O

সেয়ে	O
তেওঁৰ	O
সুৰক্ষাৰ	O
কাৰণে	O
দেউতাকে	O
অগ্নিগড়	B-LOC
নামে	O
এটা	O
অগ্নিৰ	O
দ্বাৰা	O
আবৃত	O
দুৰ্ভেদ্য	O
দুৰ্গৰ	O
ভিতৰত	O
কঠোৰ	O
প্ৰহৰাৰ	O
মাজত	O
ৰাখিছিল	O
।	O

একো	O
নাচালেও	O
বিন	B-PER
লাডেনে	I-PER
ধবংশ	O
কৰা	O
ৱল্ড	B-LOC
ট্ৰেড	I-LOC
চেণ্টাৰটো	I-LOC
।	O

তেখেতৰ	O
নেতৃত্বতে	O
সমগ্ৰ	O
উত্তৰ	B-LOC
পূৰ্বাঞ্চলতে	I-LOC
বহুতো	O
পৰিৱেশ	O
কৰ্মীয়ে	O
মাতৃ	O
-	O
ধৰিত্ৰীৰ	O
শুশ্ৰূষাৰ	O
বাবে	O
স্বেচ্ছাই	O
কাম	O
কৰি	O
আছে	O
।	O

দুৰ্গৰ	O
ভিতৰত	O
আছে	O
কালী	B-PER
মাতাৰ	O
মন্দিৰ	O
।	O

ভিজাগ	B-LOC
বা	O
বিশাখাপট্টনমৰ	B-LOC
পৰা	O
মাত্ৰ	O
৮	O
কি:মি:	O
দূৰত্বত	O
ৰুচিকন্দ্ৰা	B-LOC
বীচ্চ	I-LOC
অৱস্থিত	O
।	O

পাৱাৰ	O
পইণ্টৰ	O
শ্লাইদবোৰ	O
আছিল	O
সপেনীচ	B-MISC
ভাষাত	O
লিখা	O
।	O

সেই	O
ৰাষ্ট্ৰপতি	O
নিৰ্বাচনৰ	O
ফলাফল	O
ঘোষণা	O
কৰা	O
হৈছিল	O
২০০৮	B-DATE
চনৰ	I-DATE
৪	B-DATE
ডিচেম্বৰত	I-DATE
।	O

মদনাচল	B-LOC
বা	O
মদন	B-LOC
-	I-LOC
কামদেৱ	I-LOC
বা	O
দিবানগিৰি	B-LOC
পৰ্বতত	I-LOC
এক	O
বৃহৎ	O
বৰ্গক্ষেত্ৰাকাৰে	O
এই	O
মদন	B-LOC
কামদেৱ	I-LOC
দেৱালয়ৰ	I-LOC
ধ্বংসাৱশেষ	O
দেখা	O
পোৱা	O
যায়	O
।	O

তদুপৰি	O
ধোদৰ	B-LOC
আলিয়ে	I-LOC
৩৭	B-LOC
নম্বৰ	I-LOC
ৰাষ্ট্ৰীয়	I-LOC
ঘাইপথকো	I-LOC
সংযোগ	O
কৰিছে	O
।	O

ভাৰতীয়	B-ORG
জাতীয়	I-ORG
কংগ্ৰেছৰ	I-ORG
গোবিন্দ	B-PER
চন্দ্ৰ	I-PER
লাংথাছা	I-PER
বৰ্তমান	O
এই	O
সমষ্টিৰ	O
বিধায়ক	O
।	O

২০০১	B-DATE
চনৰ	I-DATE
লোকপিয়ল	O
অনুসৰি	O
যোৰহাট	B-LOC
পৌৰসভাৰ	O
অন্তৰ্গত	O
অঞ্চলৰ	O
মুঠ	O
জনসংখ্যা	O
আছিল	O
৬৬৪৫০	O
আৰু	O
ঘনবসতি	O
২৮৫১	O
।	O

কেৰালাত	B-LOC
থকা	O
বিভিন্ন	O
মন্দিৰ	O
আৰু	O
সেউজীয়া	O
পৰিৱেশে	O
দেশ	O
-	O
বিদেশৰ	O
পৰ্যটকসকলক	O
আকৰ্ষণ	O
কৰে	O
।	O

ভৈৰৱী	B-LOC
মন্দিৰ	I-LOC
তেজপুৰ	B-LOC
নগৰৰ	O
নতুন	B-LOC
কলিবাৰীত	I-LOC
ব্ৰহ্মপুত্ৰ	B-LOC
নৈৰ	O
নিচেই	O
কাষত	O
এটা	O
টিলাৰ	O
ওপৰত	O
অৱস্থিত	O
।	O

ডিমা	B-LOC
-	I-LOC
হাছাও	I-LOC
জিলাৰ	O
মুঠ	O
জনসংখ্যা	O
অসমৰ	B-LOC
মুঠ	O
জনসংখ্যাৰ	O
০.৬৯%	O
।	O

বৰপেটা	B-LOC
চহৰৰ	O
পৰা	O
কয়াকুছি	B-LOC
-	O
ভবানীপুৰলৈ	B-LOC
যোৱা	O
পথেৰে	O
দুই	O
কিলোমিটাৰ	O
আগুৱাই	O
গ'লেই	O
সত্ৰ	O
পোৱা	O
যায়	O
।	O

বেলতলা	B-LOC
-	O
বশিষ্ঠ	I-LOC
পথেৰে	O
গড়ভঙ্গা	B-LOC
সংৰক্ষিত	I-LOC
বনাঞ্চল	I-LOC
পাৰ	O
হৈ	O
এই	O
আশ্ৰম	O
পোৱা	O
যায়	O
।	O

এই	O
ঠাইখন	O
শিৱসাগৰ	B-LOC
চহৰৰ	O
পশ্চিম	O
অংশত	O
অৱস্থিত	O
।	O

কঠোৰ	O
পৰিশ্ৰমী	O
,	O
সময়	O
সচেতন	O
মানৱ	O
সম্পদ	O
,	O
নিজ	O
দেশ	O
আৰু	O
চুবুৰীয়া	O
দেশত	O
কেঁচামালৰ	O
প্ৰাচুৰ্য	O
,	O
উদাৰনীতি	O
আৰু	O
শান্তিৰ	O
পৰিৱেশৰ	O
বাবে	O
ভিয়েটনামত	B-LOC
স্থাপিত	O
বৃহৎ	O
বৃহৎ	O
কোম্পানিৰ	O
উদ্যোগবোৰে	O
যুৱক	O
-	O
যুৱতীলৈ	O
নিয়োগৰ	O
সুবিধা	O
আগবঢ়াইছে	O
।	O

এয়াই	O
ৰূপৰী	O
মানাহৰ	B-LOC
আকৰ্ষণ	O
।	O

ৰহস্যজনক	O
চৰাইৰ	O
মৃত্যুৰ	O
বাবে	O
চৰ্চিত	O
ঠাই	O
জাতিংগা	B-LOC
এই	O
জিলাতে	O
অৱস্থিত	O
।	O

ইয়াৰোপৰি	O
দৈনিক	O
অগণন	O
ভক্তই	O
আগবঢ়োৱা	O
পূজা	O
আৰু	O
সেইসকলৰ	O
মাজত	O
ভোগৰ	O
প্ৰসাদ	O
বিতৰণ	O
দৌল	B-LOC
গোবিন্দ	I-LOC
মন্দিৰৰ	I-LOC
লক্ষণীয়	O
বৈশিষ্ট্য	O
।	O

স্পেইনৰ	B-LOC
ৰাজধানী	O
মাদ্ৰিদ	B-LOC
দেশখনৰ	O
ভিতৰতেই	O
আটাইতকৈ	O
ডাঙৰ	O
মহানগৰ	O
।	O

ৰেণুকা	B-PER
সময়মতে	O
আশ্ৰমলৈ	O
ঘূৰি	O
নহাত	O
ৰেণুকাৰ	B-PER
স্বামী	O
জমদগ্নিৰ	B-PER
প্ৰাতঃকৰ্মৰ	O
বাবে	O
বহু	O
দেৰি	O
হৈ	O
যায়	O
,	O
তেতিয়া	O
জমদগ্নি	B-PER
খঙতে	O
অগ্নিশৰ্মা	O
হৈ	O
পুতেকহঁতক	O
মাতৃ	O
ৰেণুকাৰ	B-PER
শিৰচ্ছেদ	O
কৰিবলৈ	O
নিৰ্দেশ	O
দিলে	O
।	O

কাজিৰঙা	B-LOC
ওখ	O
ঘাঁহ	O
আৰু	O
ঘন	O
গ্ৰীষ্মপ্ৰধান	O
সেমেকা	O
পৰ্ণপাতী	O
অৰণ্য	O
।	O

ই	O
পল্টনবজাৰ	B-LOC
অঞ্চলত	O
অৱস্থিত	O
।	O

তীৰ্থযাত্ৰীসকলৰ	O
বাবে	O
অতি	O
গুৰুত্বপূৰ্ণ	O
স্থান	O
হ'ল	O
কামাখ্যা	B-LOC
মন্দিৰ	I-LOC
।	O

এই	O
মন্দিৰৰ	O
বৰ	O
গছজোপাত	O
ভক্তই	O
টিলিঙা	O
একে	O
উশাহতে	O
বান্ধিলে	O
ভক্তৰ	O
মনোবাঞ্ছা	O
পূৰ্ণ	O
হয়	O
বুলি	O
লোক	O
-	O
বিশ্বাস	O
আছে	O
;	O
সেয়ে	O
এই	O
মন্দিৰৰ	O
নাম	O
টিলিঙা	B-LOC
মন্দিৰ	I-LOC
নামেৰে	O
জনাজাত	O
।	O

ষষ্ঠদিনা	O
আমি	O
শ্ৰীনগৰলৈ	B-LOC
বুলি	O
ৰাওনা	O
হৈছিলোঁ	O
।	O

অসমৰ	B-LOC
সংগীত	O
জগতৰ	O
অন্যতম	O
প্ৰসিদ্ধ	O
আৰু	O
পুৰোধ্য	O
ব্যক্তি	O
ভূপেন	B-PER
হাজৰিকাদেৱৰ	I-PER
এক	O
সংগ্ৰহালয়ো	O
ইয়াত	O
স্থাপন	O
কৰা	O
হৈছে	O
।	O

২০১১	B-DATE
চনৰ	I-DATE
লোকপিয়ল	O
অনুসৰি	O
,	O
মাইবঙৰ	B-LOC
মুঠ	O
জনসংখ্যা	O
৭৭৩৮	O
জন	O
।	O

ৰামখাপীঠ	B-LOC
দেৱালয়	I-LOC
বা	O
দেওশাল	B-LOC
শিৱসাগৰ	B-LOC
জিলাৰ	O
দিখৌমুখৰ	B-LOC
দেওঘৰীয়াস্থিত	O
এখন	O
প্ৰাচীন	O
ক্ষেত্ৰ	O
।	O

বৰ্তমান	O
তেজপুৰ	B-ORG
পাৰিপাৰ্শ্বিক	I-ORG
সমিতিৰ	I-ORG
তত্বাৱধানত	O
এখন	O
উদ্যান	O
পৰিচালনা	O
কৰি	O
থকা	O
হৈছে	O
।	O

জৈৱবৈচিত্ৰৰে	O
ভৰা	O
অভয়াৰণ্যখনত	O
ভাৰতৰ	B-LOC
একমাত্ৰ	O
এপ্‌	O
হলৌ	O
বান্দৰ	O
,	O
আৰু	O
উত্তৰ	B-LOC
-	I-LOC
পূব	I-LOC
ভাৰতৰ	I-LOC
একমাত্ৰ	O
নিশাচৰ	O
প্ৰাইমেট	O
লাজুকী	O
বান্দৰ	O
পোৱা	O
যায়	O
।	O

এই	O
পৰ্বতলানিয়ে	O
ডিমা	B-LOC
হাছাও	I-LOC
জিলাক	O
উত্তৰ	O
আৰু	O
দক্ষিণ	O
দুই	O
অৱবাহিকাত	O
বিভক্ত	O
কৰিছে	O
।	O

ইয়াৰ	O
পূৰ্বে	O
শিৱসাগৰ	B-LOC
জিলা	O
,	O
উত্তৰে	B-LOC
লখিমপুৰ	I-LOC
জিলা	O
,	O
দক্ষিণে	O
যোৰহাট	B-LOC
চহৰ	O
আৰু	O
দক্ষিণ	O
পশ্চিমাংশত	O
গোলাঘাট	B-LOC
জিলা	O
অবস্থিত	O
।	O

লণ্ডনত	B-LOC
বাছৰ	O
সুবিধা	O
বৰ	O
বেছি	O
।	O

হোমেন	B-PER
বৰগোহাঞিৰ	I-PER
দৰে	O
মোৰ	O
জীৱন	O
এখন	O
যুদ্ধক্ষেত্ৰ	O
লিখিব	O
নোৱাৰিলেও	O
,	O
আমেৰিকাৰ	B-LOC
নৈশ	O
জীৱনৰ	O
কথা	O
কাৰোবাক	O
কেতিয়াবা	O
কব	O
পাৰিম	O
।	O

বিষ্ণুপুৰ	B-LOC
পৰ্যটকৰ	O
দৃষ্টিৰে	O
আকৰ্ষণীয়	O
ঠাই	O
।	O

কামৰূপ	B-LOC
ৰজা	O
ভাস্কৰ	B-PER
বৰ্মাৰ	I-PER
দিনৰ	O
উদ্ধাৰ	O
হোৱা	O
এই	O
ফলিসমূহ	O
ৰজাৰ	O
মোহৰযুক্ত	O
ঘূৰণীয়া	O
হেতা	O
আকৃতিৰ	O
এখন	O
ব্ৰঞ্জৰ	O
পাতৰ	O
লগত	O
এডাল	O
তামৰ	O
তাঁৰেৰে	O
বন্ধা	O
আছিল	O
।	O

ভিয়েটনামত	B-LOC
থকা	O
কালছোৱাত	O
এয়েই	O
পৰিলক্ষিত	O
হ'ল	O
।	O

ইয়াক	O
ফুলবাৰী	B-LOC
দ'ল	I-LOC
নামেৰেও	O
জনা	O
যায়	O
।	O

মন্দিৰৰ	O
দুৱাৰ	O
মুখত	O
আছে	O
নন্দীৰূপী	B-PER
বলধৰ	O
মূৰ্তি	O
।	O

এনে	O
ধৰণৰ	O
প্ৰাণৱস্ত	O
তামিল	B-MISC
কিশোৰী	O
মই	O
কেতিয়াও	O
লগ	O
পোৱা	O
নাছিলোঁ	O
।	O

চাংৰুং	B-MISC
ফুকন	I-MISC
পুথিৰ	I-MISC
মতে	O
মৈদাম	O
নিৰ্মাণত	O
বিভিন্ন	O
আকাৰৰ	O
শিল	O
,	O
ভঙা	O
শিল	O
,	O
ইটা	O
,	O
ভঙা	O
ইটা	O
আদিৰ	O
সহায়ত	O
অধিগাঁথনি	O
নিৰ্মাণ	O
কৰা	O
হৈছিল	O
।	O

এই	O
অঞ্চলটোত	O
আগতে	O
এটা	O
গৰমপানীৰ	O
উঁহ	O
আছিল	O
,	O
যি	O
এতিয়া	O
প্ৰকল্পৰ	O
উমৰং	B-LOC
জলাধাৰৰ	I-LOC
তলত	O
বুৰ	O
গৈছে	O
।	O

উমৰাংছুৰ	B-LOC
ওচৰে	O
পাজৰে	O
পোৱা	O
বৃহৎ	O
চূনশিলৰ	O
ভাণ্ডাৰৰ	O
বাবে	O
ইয়াত	O
কেইবাটাও	O
চিমেণ্ট	O
উদ্যোগ	O
প্ৰতিষ্ঠা	O
হৈছে	O
।	O

ইয়াত	O
পোৱা	O
এক	O
ফাৰ্চী	B-MISC
লিপি	O
মতে	O
মুগোল	B-MISC
সম্ৰাট	O
শ্বাহ	B-PER
জাহানৰ	I-PER
ৰাজত্ব	O
কালত	O
১৬৫৭	B-DATE
চনত	I-DATE
লুৎফুল্লা	B-PER
শ্বিৰাজীয়ে	I-PER
পোৱামক্কা	B-LOC
মছজিদ	I-LOC
নিৰ্মাণ	O
কৰাইছিল	O
।	O

শিৱভক্তসকলে	O
বিশ্বাস	O
কৰে	O
যে	O
,	O
এই	O
মন্দিৰত	O
এটা	O
টিলিঙা	O
বা	O
ঘণ্টা	O
দান	O
কৰি	O
ভগৱান	O
শিৱৰ	B-PER
ওপৰত	O
আস্থা	O
ৰাখি	O
যি	O
কামনা	O
কৰে	O
তাৰ	O
নিশ্চিত	O
ফলপ্ৰাপ্তি	O
ঘটে	O
।	O

পেৰুলৈ	B-LOC
অহাৰ	O
সময়ত	O
মাজু	O
দাদা	O
উমেশে	B-PER
কৈ	O
পঠাইছিল	O
,	O
কেইখনমান	O
গামোচা	O
লৈ	O
যাবি	O
।	O

মইতো	O
সংস্কৃতৰ	B-MISC
স	O
-	O
টোকে	O
নাজানো	O
।	O

নৱগ্ৰহ	B-LOC
মন্দিৰ	I-LOC
অসমৰ	B-LOC
গুৱাহাটী	B-LOC
মহানগৰৰ	O
চিত্ৰাচল	B-LOC
পাহাৰ	I-LOC
ত	O
থকা	O
এক	O
প্ৰাচীন	O
মন্দিৰ	O
।	O

নৰসংহ	B-PER
,	O
পৰশুৰাম	B-PER
,	O
ৰাম	B-PER
আদি	O
দশাৱতাৰৰ	O
ছবি	O
থকা	O
এক	O
ভাস্কৰ্যৰ	O
পৰা	O
অনুমান	O
কৰা	O
হয়	O
যে	O
এই	O
মন্দিৰটো	O
বিষ্ণুৰ	B-PER
উপসনাস্থল	O
আছিল	O
।	O

ইয়াৰ	O
পৰা	O
ডিব্ৰুগড়	B-FAC
ৰেল	I-FAC
ষ্টেচন	I-FAC
প্ৰায়	O
৭	O
কি:মি:	O
আৰু	O
ডিব্ৰুগড়	B-FAC
বিমানবন্দৰ	I-FAC
প্ৰায়	O
১২	O
কি:মি:	O
নিলগত	O
অৱস্থিত	O
।	O

শাওণৰ	O
মুকলি	O
লগা	O
এটা	O
মনোৰম	O
পুৱাত	O
বাছত	O
উঠি	O
গুৱাহাটীৰ	B-LOC
পৰা	O
লখিমপুৰলৈ	B-LOC
বুলি	O
ৰাওনা	O
হৈছোঁ	O
।	O

দ্বিতীয়	O
দিনা	O
আনি	O
দৰ্শন	O
কৰিছিলোঁ	O
শংকৰাচাৰ্য	B-LOC
মন্দিৰ	I-LOC
,	O
চেশমা	B-LOC
-	I-LOC
শ্বাহী	I-LOC
,	O
পৰী	B-LOC
মহল	I-LOC
,	O
ব'টানিকেল	B-LOC
গাৰ্ডেন	I-LOC
,	O
নিশাট	B-LOC
বাগ	I-LOC
,	O
শালিমাৰ	B-LOC
বাগ	I-LOC
আৰু	O
হজৰত	B-LOC
বাল	I-LOC
দৰগাহ	I-LOC
।	O

প্ৰাচীন	O
মণিপুৰৰ	B-LOC
ৰজা	O
এজনে	O
নিৰ্মাণ	O
কৰা	O
গোবিন্দ	B-LOC
শ্ৰী	I-LOC
মন্দিৰ	I-LOC
এটা	O
আকৰ্ষণীয়	O
বৈষ্ণৱ	O
মন্দিৰ	O
।	O

ইয়াৰ	O
পাছত	O
মেজ	B-LOC
পাৰ্ক	I-LOC
চোৱাৰ	O
উদ্দেশ্যে	O
কিমলিয়ং	B-LOC
নামৰ	O
ঠাইলৈ	O
যাত্ৰা	O
আৰম্ভ	O
কৰিলোঁ	O
।	O

১৯৬৫	B-DATE
-	I-DATE
৬৬	I-DATE
চনত	I-DATE
নামবৰক	B-LOC
উত্তৰ	B-LOC
নামবৰ	I-LOC
আৰু	O
দক্ষিণ	B-LOC
নামবৰ	I-LOC
সংৰক্ষিত	O
বনাঞ্চল	O
ৰূপে	O
দুটা	O
ভাগত	O
বিভক্ত	O
কৰা	O
হয়	O
।	O

ভিমেশ্বৰ	B-LOC
ধামলৈ	I-LOC
যাবলৈ	O
গুৱাহাটীৰ	B-LOC
৩৭	B-LOC
নং	I-LOC
ৰাষ্টীয়	I-LOC
ঘাইপথৰ	I-LOC
পৰা	O
পামহীৰ	B-LOC
পিনে	O
যাব	O
লাগে	O
।	O

ৰাতি	O
জকমকীযা	O
লাইটৰ	O
পোহৰৰ	O
প্ৰতিফলনত	O
ৰঘুনাথ	B-LOC
মন্দিৰৰ	I-LOC
পৰিসৰটো	O
নযনাভাৰাম	O
হৈ	O
পৰে	O
।	O

সেয়ে	O
আহোম	O
স্বৰ্গদেউ	O
ৰাজেশ্বৰ	B-PER
সিংহই	I-PER
ইয়াক	O
পুনৰ	O
নিৰ্মাণ	O
কৰায়	O
।	O

মৈদাম	O
আৰু	O
ইয়াৰ	O
কাষৰীয়া	O
বাফাৰ	O
ক্ষেত্ৰসমূহ	O
ভাৰতৰ	B-ORG
প্ৰত্নতাত্ত্বিক	I-ORG
জৰীপ	I-ORG
আৰু	O
ৰাজ্যিক	B-ORG
পুৰাতত্ত্ব	I-ORG
বিভাগে	I-ORG
যৌথভাৱে	O
প্ৰাচীন	O
কীৰ্তিচিহ্ন	O
আৰু	O
স্থান	O
অৱশিষ্ট	O
আইন	O
১৯৫৮	B-DATE
আৰু	O
অসম	O
প্ৰাচীন	O
কীৰ্তিচিহ্ন	O
আৰু	O
অভিলেখ	O
আইন	O
১৯৫৯ৰ	B-DATE
অধীনত	O
সুৰক্ষিত	O
আৰু	O
পৰিচালনা	O
কৰে	O
।	O

জয়সাগৰ	B-LOC
পুখুৰীৰ	I-LOC
উত্তৰ	O
পাৰত	O
অৱস্থিত	O
দৌলসমূহত	O
প্ৰতিদিনে	O
বিভিন্ন	O
প্ৰান্তৰ	O
লোকে	O
পূজা	O
-	O
অৰ্চনাৰ	O
বাবে	O
আহে	O
।	O

লক্ষ্য	O
সকলোৰে	O
এক	O
-	O
মাচু	B-LOC
-	I-LOC
পিচু	I-LOC
।	O

জৈৱ	O
বৈচিত্ৰ	O
,	O
প্ৰাকৃতিক	O
পৰিবেশকে	O
ধৰি	O
আটাইবোৰ	O
দিশৰ	O
পৰাই	O
সমৃদ্ধ	O
মানাহ	B-LOC
ৰাষ্ট্ৰীয়	I-LOC
উদ্যান	I-LOC
।	O

দুহেজাৰ	O
সৰু	O
-	O
বৰ	O
দ্বীপেৰে	O
সপোনপুৰী	O
যেন	O
লগা	O
হালং	B-LOC
বে'ত	I-LOC
নিহিত	O
হৈ	O
আছে	O
বহু	O
পৌৰাণিক	O
আখ্যান	O
।	O

দুৰ্গাপূজাৰ	B-MISC
সময়ত	O
ইয়াত	O
বলি	O
দিয়াৰ	O
প্ৰথাও	O
আছে	O
।	O

ৰাইমনা	B-LOC
২৮৩৭	O
কি:মি:	O
অঞ্চলজোৰা	O
মানস	B-LOC
জৈৱ	I-LOC
বনাঞ্চল	I-LOC
আৰু	O
চিৰাং	B-LOC
-	I-LOC
ৰিপু	I-LOC
হস্তী	I-LOC
বনাঞ্চলৰ	I-LOC
অবিচ্ছেদ্য	O
অংগ	O
।	O

এই	O
সংগ্ৰামৰ	O
পৰিণতিত	O
১৯৪১	B-DATE
চনত	I-DATE
ছিৰিয়াই	B-LOC
স্বাধীনতা	O
লাভ	O
কৰিলে	O
যদিও	O
ফ্ৰান্সে	B-LOC
ছিৰিয়াৰ	B-LOC
আভ্যন্তৰীণ	O
বিষয়ত	O
হেতা	O
-	O
ওপৰা	O
লগাইছিল	O
।	O

পি	B-PER
ডি	I-PER
চৌধুৰীৰ	I-PER
দিনত	O
বিভিন্ন	O
বিভাগৰ	O
গেলেৰী	O
যোগ	O
কৰি	O
সংগ্ৰহালয়টোক	O
বহুমুখী	O
সংগ্ৰহালয়	O
কৰা	O
হয়	O
।	O

ভাৰতৰ	B-LOC
পৰ্বতীয়া	O
পৰ্যটন	O
কেন্দ্ৰবোৰৰ	O
ভিতৰত	O
মুছৌৰী	B-LOC
অন্যতম	O
আকৰ্ষণীয়	O
পৰ্যটন	O
কেন্দ্ৰ	O
।	O

আৰু	O
মাক	O
মাতি	O
চিচিঙৰ	B-PER
লগত	O
চিনাকি	O
কৰি	O
দিলোঁ	O
।	O

এই	O
ফলিসমূহ	O
কামৰূপ	B-LOC
ৰজাসকলৰ	O
উদ্ধাৰ	O
হোৱা	O
তাম্ৰপত্ৰসমূহৰ	O
ভিতৰত	O
প্ৰাচীনতম	O
।	O

এই	O
দেৱালয়	O
শিঙৰী	B-LOC
মন্দিৰ	I-LOC
হিচাপেও	O
জনা	O
যায়	O
,	O
কালিকা	B-MISC
পুৰাণটো	I-MISC
শৃংগটক	O
নামেৰে	O
ইয়াৰ	O
উল্লেখ	O
আছে	O
।	O

গৰমপানী	B-LOC
অভয়াৰণ্যৰ	I-LOC
নিকটৱৰ্তী	O
বিমান	O
বন্দৰ	O
হৈছে	O
নাগালেণ্ডৰ	B-LOC
ডিমাপুৰ	B-FAC
বিমানবন্দৰ	I-FAC
।	O

বিশ্বনাথ	B-LOC
ক্ষেত্ৰত	I-LOC
থকা	O
বিভিন্ন	O
শিলৰ	O
গাঁত	O
বিলাকে	O
প্ৰমান	O
কৰে	O
যে	O
আদিম	O
কালত	O
ই	O
আছিল	O
অষ্ট্ৰিক	O
সকলৰ	O
বাসস্থান	O
।	O

আহোম	B-MISC
ৰাজ্যৰ	O
একালৰ	O
ৰাজধানী	O
আৰু	O
ইতিহাস	O
প্ৰসিদ্ধ	O
তলাতল	B-LOC
ঘৰো	I-LOC
ইয়াতেই	O
আছিল	O
।	O

মই	O
তাত	O
এটা	O
অসমীয়া	B-MISC
পৰিয়াল	O
লগ	O
পাইছিলোঁ	O
।	O

ৰাতিপুৱা	O
আঠ	O
বজাত	O
আমি	O
গুৱাহাটী	B-LOC
আহি	O
পাইছিলোঁ	O
।	O

ডাবলিন	B-LOC
চহৰখনৰ	O
প্ৰাকৃতিক	O
দৃশ্য	O
অতি	O
মনোৰম	O
।	O

হাজোৰ	B-LOC
পোৱামক্কা	B-LOC
দৰগাহেই	I-LOC
হ'ল	O
অসমৰ	B-LOC
সৰ্বপ্ৰথম	O
মছজিদ	O
।	O

অসমৰ	B-LOC
ব্ৰহ্মপুত্ৰ	B-LOC
নদৰ	O
বুকুত	O
অবস্থিত	O
মাজুলী	B-LOC
হ'ল	O
পৃথিৱীৰ	O
বৃহত্তম	O
নদীদ্বীপ	O
।	O

স্পেনীচসকলৰ	O
আক্ৰমণৰ	O
আগলৈ	O
কুজকো	B-LOC
দক্ষিণ	B-LOC
আমেৰিকাত	I-LOC
আটাইতকৈ	O
ডাঙৰ	O
চহৰ	O
আছিল	O
।	O

ছিৰিয়া	B-LOC
আৰু	O
লেবাননত	B-LOC
এতিয়াও	O
ফৰাচী	B-MISC
ভাষা	O
চলে	O
।	O

আগদিনা	O
সেই	O
টেক্সীৱালাটোৱে	O
হেনো	O
সিহঁতক	O
বাল্টিমোৰলৈ	B-LOC
লৈ	O
গৈছিল	O
।	O

ছাহজাহানৰ	B-PER
পুত্ৰ	O
আব্দুল	B-PER
গাজী	I-PER
চুজাউদ্দিনে	I-PER
ইয়াত	O
এটা	O
মছজিদ	O
নিৰ্মাণ	O
কৰিছিল	O
আৰু	O
সেইটো	O
এসময়ত	O
ধ্বংস	O
হয়	O
।	O

শ্ৰী	B-LOC
সূৰ্য	I-LOC
পাহাৰ	I-LOC
নামৰ	O
পৰাই	O
বুজিব	O
পাৰি	O
যে	O
স্থানটো	O
সম্ভৱত	O
সূৰ্য	O
উপাসনাৰ	O
লগত	O
জড়িত	O
আছিল	O
।	O

একেখন	O
অটোই	O
গোলকোণ্ডাৰ	B-LOC
পৰা	O
চাৰমিনাৰলৈ	B-LOC
ভাৰা	O
মাৰিব	O
নোৱাৰে	O
।	O

প্ৰাগজ্যোতিষাধিপতি	O
কিৰাট	O
বংশীয়	O
নৰকাসুৰ	B-PER
আছিল	O
কামাখ্যা	B-PER
দেৱীৰ	I-PER
পৰম	O
ভক্ত	O
।	O

এই	O
ধাম	O
দীপৰ	B-LOC
বিলৰ	I-LOC
দাঁতিৰ	O
পাহাৰীয়া	O
অঞ্চলত	O
অৱস্থিত	O
।	O

আনহাতে	O
গংগাৰ	B-PER
দুয়োফালে	O
তলত	O
দুটা	O
নাৰীমূৰ্তি	O
,	O
বাওঁহাতে	O
নাগী	O
আৰু	O
দুটা	O
উৰন্ত	O
হাঁহ	O
।	O

কিংবদন্তি	O
অনুসৰি	O
নৰকাসুৰক	B-PER
বধ	O
কৰিবৰ	O
অৰ্থে	O
শ্ৰীকৃষ্ণ	B-PER
কামৰূপলৈ	B-LOC
আহোঁতে	O
এই	O
ঠাইডোখৰ	O
অশ্ব	O
বা	O
ঘোঁৰাৰ	O
দ্বাৰা	O
ক্ৰান্ত	O
বা	O
অতিক্ৰান্ত	O
হোৱা	O
বাবে	O
এই	O
অঞ্চলৰ	O
নাম	O
অশ্বক্ৰান্ত	O
হয়	O
।	O

সুন্দৰীদিয়া	B-LOC
সত্ৰৰো	I-LOC
কীৰ্তনঘৰৰ	O
অগ্ৰভাগত	O
বা	O
মূধত	O
দীঘলীয়া	O
ভাঁজঘৰ	O
বা	O
মণিকূট	O
গৃহ	O
অৱস্থিত	O
।	O

প্ৰিয়ধৰ্মন	B-PER
আৰু	O
তেওঁৰ	O
পত্নী	O
শিৱভক্ত	O
আছিল	O
আৰু	O
তেওঁলোকে	O
কাৰাগাৰতো	O
শিৱৰ	B-PER
আৰাধনা	O
কৰিছিল	O
।	O

গড়মূৰ	B-PER
সত্ৰ	I-LOC
অসমৰ	B-LOC
চাৰি	O
ৰাজ	O
সত্ৰৰ	O
তৃতীয়	O
শাৰীৰ	O
সত্ৰ	O
।	O

নকুল	B-PER
চন্দ্ৰ	I-PER
ভূঞাই	I-PER
বাৰ	O
ভূঞাৰ	O
চমু	O
বুৰঞ্জীত	O
স্বৰ্গদউ	O
জয়ধ্বজ	B-PER
সিংহৰ	I-PER
দিনতেই	O
উপদ্বীপ	O
মাজুলীয়ে	B-LOC
নদী	O
দ্বীপৰ	O
আকাৰ	O
লয়	O
বুলি	O
উল্লেখ	O
কৰিছে	O
।	O

জনশ্ৰুতি	O
মতে	O
ইয়াতেই	O
সতীৰ	B-PER
জিভা	O
পৰিছিল	O
।	O

অসম	B-ORG
ৰাজ্যিক	I-ORG
সংগ্ৰহালয়টোৰ	I-ORG
দ্বায়িত্ত্ব	O
১৯৫৩	B-DATE
চনত	I-DATE
অসম	B-ORG
চৰকাৰে	I-ORG
লয়	O
আৰু	O
ইয়াক	O
শৈক্ষিক	O
বিভাগৰ	O
সংগ্ৰহালয়	O
আৰু	O
পুৰাতত্ত্বৰ	O
অধীনত	O
ৰাখে	O
।	O

নন্দিকেশ্বৰ	B-LOC
দেৱালয়ৰ	I-LOC
নিয়মীয়া	O
পূজা	O
অৰ্চনাৰ	O
সময়ত	O
পূজাৰীক	O
সহায়	O
কৰাৰ	O
বাবে	O
বিভিন্ন	O
কামৰ	O
বাবে	O
বিভিন্ন	O
বিষয়	O
নিয়োগ	O
কৰিছিল	O
;	O
যেনে	O
-	O
চৰাচোৱা	O
,	O
বাৰীচোৱা	O
ভৰালী	O
,	O
গায়ন	O
বায়ন	O
বৰা	O
বা	O
আদি	O
।	O

ডিব্ৰুগড়	B-LOC
চৰহৰ	O
পৰা	O
এই	O
থান	O
প্ৰায়	O
১১	O
কি:মি:	O
নিলগত	O
অৱস্থিত	O
।	O

শিৱৰ	B-PER
তপস্যা	O
ভাঙিবলৈ	O
দেৱতা	O
সকলে	O
কামদেৱৰ	B-PER
সহায়	O
ললে	O
।	O

প্ৰতি	O
অমাবস্যা	O
আৰু	O
সোমবাৰে	O
উমানন্দত	B-LOC
দূৰ	O
দূৰণিৰ	O
পৰা	O
ভক্তৰ	O
সমাগম	O
হয়	O
।	O

ডা:	O
সুৰেণ	B-PER
শৰ্মাই	I-PER
মুখ	O
আৰু	O
কন্ঠনলীৰ	O
কেন্সাৰৰ	O
কাৰণ	O
তামোল	O
-	O
পাণ	O
বুলি	O
মৌলিক	O
গৱেষণা	O
পত্ৰ	O
উলিয়াইছিল	O
।	O

গীতিমণি	B-PER
,	O
ঢকুৱাখনা	B-LOC
ইয়াৰ	O
পৰা	O
কিমান	O
দূৰত	O
?	O
ব'ব	B-PER
ক্ৰীচৰ	I-PER
ঘৰ	O
আমেৰিকাৰ	B-LOC
ওৰিগণত	B-LOC
।	O

কাৰণ	O
,	O
গোলকোণ্ডা	B-LOC
দুৰ্গৰ	I-LOC
বাহিৰৰ	O
অটোষ্টেণ্ডৰ	O
চাৰমিনাৰলৈ	B-LOC
যাবলৈ	O
অটোৱালাই	O
বিচাৰিছিল	O
ডেৰশ	O
টকা	O
।	O

ইতিহাসৰ	O
মতে	O
গুৱাহাটী	B-LOC
কেইবাখনো	O
প্ৰাচীন	O
ৰাজ্যৰ	O
ৰাজধানী	O
আছিল	O
।	O

সকলোতকৈ	O
গুৰুত্বপূৰ্ণ	O
পুৰাতাত্বিক	O
স্থান	O
হৈছে	O
দীঘলী	B-LOC
পুখুৰীৰ	I-LOC
ওচৰৰ	O
আমবাৰী	B-LOC
।	O

মূল	O
শিৱ	O
মন্দিৰত	O
এই	O
শৈল	O
ৰূপী	O
শিৱৰে	B-PER
পূজা	O
-	O
অৰ্চনা	O
কৰা	O
হয়	O
।	O

পূৰ্বতে	O
অভয়াৰণ্যখন	O
দৰং	B-LOC
জিলাত	O
আছিল	O
।	O

বৰ্তমান	O
থানৰ	O
বৃহৎ	O
শিলৰ	O
মূৰ্ত্তিখন	O
কুণ্ডিলৰ	B-LOC
চুতীয়া	B-MISC
ৰজাৰ	O
হাতত	O
আছিল	O
আৰু	O
পৰ‌বৰ্তি	O
কালত	O
দামোদৰ	O
দেৱৰ	O
দিনত	O
নৰোৱা	B-LOC
সত্ৰলৈ	I-LOC
স্থানান্তৰ	O
কৰা	O
হৈছিল	O
।	O

ৰংকেৰ	B-MISC
হৈছে	O
অসমৰ	B-LOC
কাৰ্বি	B-MISC
লোকসকলৰ	O
দ্বাৰা	O
উদযাপিত	O
এক	O
শীতকালীন	O
আনন্দোৎসৱ	O
।	O

এই	O
পথটোৱে	O
নামতি	B-LOC
,	O
নাজিৰা	B-LOC
,	O
শিমলুগুৰি	B-LOC
,	O
সোণাৰি	B-LOC
আদি	O
ঠাই	O
চুই	O
গৈছে	O
।	O

আৰু	O
পিছত	O
মৌচাক	B-PER
আৰু	O
মৌচাকমামাৰ	B-PER
খবৰ	O
ল'লোঁ	O
।	O

মই	O
নিৰামিষ	O
ভোজী	O
নহয়	O
যদিও	O
পেৰু	B-LOC
আৰু	O
আমেৰিকাত	B-LOC
নিৰামিষ	O
আহাৰেই	O
খাইছিলো	O
।	O

এইবোৰৰ	O
লগতে	O
পিছলৈ	O
লাচিত	B-LOC
নগৰ	I-LOC
,	O
চান্দমাৰী	B-LOC
,	O
উলুবাৰী	B-LOC
,	O
জু	B-LOC
ৰোড	I-LOC
আদি	O
অঞ্চল	O
সংযোজিত	O
হয়	O
।	O

দুয়োফালৰ	O
খোলা	O
দুখন	O
খিৰিকীৰে	O
সোমাই	O
অহা	O
বেঁকীৰ	B-LOC
শব্দই	O
সুহুৰি	O
এটা	O
যেন	O
আমাক	O
নিমন্ত্ৰণ	O
জনাইছিল	O
কোনো	O
স্বপ্নময়	O
পৃথিৱীলৈ	O
।	O

চামগুৰি	B-LOC
সূত্ৰ	I-LOC
মুখাশিল্পৰ	O
বাবে	O
বিখ্যাত	O
।	O

ৰুদ্ৰপদৰ	B-LOC
ওচৰত	O
যেনেকৈ	O
ভৈৰৱী	B-LOC
,	O
গোঁসানীৰ	B-LOC
থান	I-LOC
,	O
তেনেকৈয়ে	O
ইয়াতো	O
নন্দিকেশ্বৰ	B-LOC
দেৱলয়ৰ	I-LOC
ওচৰতে	O
বুঢ়ী	B-LOC
গোঁসানীৰ	I-LOC
থান	I-LOC
আদি	O
বৰ্মণ	B-MISC
বংশীয়	I-MISC
বা	O
পাল	B-MISC
বংশীয়	I-MISC
ৰজাই	O
প্ৰতিষ্ঠা	O
কৰিছিল	O
।	O

খৰস্ৰোতা	O
বেঁকী	B-LOC
নৈৰ	I-LOC
গৰ্জন	O
আৰু	O
বতাহৰ	O
হো	O
-	O
হোৱনি	O
শুনি	O
শুনি	O
নিশা	O
আমাৰ	O
টোপনী	O
আহিছিল	O
।	O

হোৱাইট	B-LOC
হাউচটো	I-LOC
নোচোৱাকৈ	O
যামনে	O
।	O

শ্ৰী	B-LOC
সূৰ্য	I-LOC
পাহাৰ	I-LOC
গোৱালপাৰা	B-LOC
নগৰৰ	O
পৰা	O
প্ৰায়	O
১২	O
কিলোমিটাৰ	O
দক্ষিণ	O
-	O
পূব	O
আৰু	O
ইয়াৰ	O
ওচৰতে	O
বঙাইগাঁও	B-LOC
জিলা	O
।	O

অদূৰত	O
হোৱাইট	B-LOC
হাউচ	I-LOC
।	O

দেখিলো	O
গেটত	O
টিকট	O
পৰীক্ষা	O
কৰা	O
লোকজনেই	O
চাহ	O
-	O
পানীৰ	O
যোগান	O
ধৰিছে	O
আৰু	O
মাচু	B-LOC
-	I-LOC
পিচৰ	I-LOC
চিহ্ন	O
থকা	O
বিভিন্ন	O
সামগ্ৰী	O
যাত্ৰীবোৰক	O
বিক্ৰী	O
কৰিছে	O
।	O

মুম্বাই	B-LOC
,	O
চেন্নাই	B-LOC
,	O
মহীশূৰ	B-LOC
,	O
পুৰী	B-LOC
,	O
দাৰ্জিলিং	B-LOC
,	O
ভুৱনেশ্বৰলৈও	B-LOC
গৈছোঁ	O
।	O

শৈলীৰ	O
বিচাৰেৰে	O
এই	O
অৱশেষ	O
একাদশ	O
-	O
দ্বাদশ	O
শতিকাৰ	O
হোৱালৈ	O
চাই	O
ই	O
কামৰূপত	B-LOC
দশম	O
শতিকাৰপৰা	O
দ্বাদশ	O
শতিকালৈ	O
ৰাজত্ব	O
কৰা	O
পাল	B-MISC
বংশৰ	I-MISC
অৱদান	O
হ'ব	O
লাগে	O
।	O

দ্বিতীয়বাৰ	O
ইউৰোপ	B-LOC
ভ্ৰমণত	O
ওলালোঁ	O
২০০৭	B-DATE
চনৰ	I-DATE
২৮	B-DATE
মাৰ্চত	I-DATE
।	O

প্ৰবাদ	O
অনুসৰি	O
মধু	B-PER
আৰু	O
কৈতৱ	B-PER
নামৰ	O
দুটা	O
অসুৰে	O
বেদৰ	O
সৃষ্টিৰ	O
সময়ত	O
ব্ৰহ্মাৰ	B-PER
পৰা	O
সেইসমূহ	O
চুৰ	O
কৰি	O
নিয়ে	O
।	O

ধুবুৰী	B-LOC
আৰু	O
কোকৰাঝাৰ	B-LOC
জিলাত	O
৪৫.৫	O
বৰ্গ	O
কি:মি:	O
মাটিকালিৰে	O
চক্ৰশীলা	B-LOC
অভয়াৰণ্যত	I-LOC
সোণালী	O
বান্দৰ	O
,	O
বাঘ	O
,	O
হৰ্ণবিল	O
চৰাই	O
পোৱা	O
যায়	O
।	O

আলি	B-MISC
-	I-MISC
আই	I-MISC
-	I-MISC
লিগাং	I-MISC
অসমৰ	B-LOC
মিছিং	B-MISC
জনজাতীয়	O
লোকে	O
পালন	O
কৰা	O
কৃষিৰ	O
লগত	O
জড়িত	O
উৎসৱ	O
।	O

সেই	O
নিমিত্তে	O
পণ্ডিতসকলে	O
পৰম	O
ব্ৰহ্ম	O
কৃষ্ণক	B-PER
বাসুদেৱ	B-PER
বুলি	O
কৈছে	O
।	O

দীঘলীয়া	O
যাত্ৰাত	O
কাষত	O
ৰুকেয়াক	B-PER
পাই	O
ভাল	O
লাগিল	O
।	O

ৰঘুনাথ	B-LOC
বজাৰৰ	I-LOC
প্ৰধান	O
ব্যস্ত	O
জনপথ	O
।	O

যোৰহাটৰ	B-LOC
সংস্কৃতিপ্ৰেমী	O
ৰাইজৰ	O
নীৰৱচ্ছিন্ন	O
প্ৰচেষ্টাৰ	O
ফলত	O
চহৰখনত	O
এতিয়াও	O
পুৰণি	O
ঐতিহ্যৰ	O
স্বাক্ষৰ	O
দেখিবলৈ	O
পোৱা	O
যায়	O
।	O

অসমৰ	B-LOC
পৰ্বতীয়া	O
অঞ্চলসমূহৰ	O
ভিতৰত	O
হাফলং	B-LOC
অন্যতম	O
।	O

বুনচ	O
ডায়াচ	O
ফেলিক্সে	B-PER
গেট	O
খুলি	O
সম্ভাষণ	O
জনালে	O
।	O

এই	O
স্নানঘাট	O
মূল	O
মন্দিৰৰ	O
পৰা	O
কিছু	O
কিলোমিটাৰ	O
নিলগত	O
টিপকাই	B-LOC
নদীৰ	O
পাৰত	O
অৱস্থিত	O
।	O

১৯৮৫	B-DATE
চনতে	I-DATE
অসম	B-ORG
চৰকাৰে	I-ORG
ইয়াত	O
এটি	O
ক্ষুদ্ৰ	O
সংগ্ৰহালয়	O
স্থাপন	O
কৰিছিল	O
।	O

তাৰ	O
পৰা	O
প্ৰায়	O
৩.৫	O
কি:মি:	O
দূৰত	O
ঢেকীয়াখোৱা	B-LOC
গাঁৱত	O
নামঘৰটো	O
অৱস্থিত	O
।	O

১৯৬২	B-DATE
চনত	I-DATE
এই	O
মঠটো	O
আৰম্ভ	O
কৰা	O
হৈছিল	O
আৰু	O
সম্পূৰ্ণ	O
হৈছিল	O
১৯৮০	B-DATE
চনত	I-DATE
।	O

ৰঙালী	B-MISC
বিহুক	I-MISC
যৌৱনৰ	O
উৎসৱ	O
বুলি	O
কোৱা	O
হয়	O
।	O

বৰ্তমান	O
অসমৰ	B-LOC
মাত্ৰ	O
কেইটামান	O
প্ৰাচীন	O
মন্দিৰতহে	O
পৰম্পৰাগতভাৱে	O
শিৱ	B-PER
-	O
পাৰ্ৱতীৰ	B-PER
যুগ্ম	O
ৰূপৰ	O
উপাসনা	O
চলি	O
আহিছে	O
।	O

এটি	O
প্ৰবাদ	O
মতে	O
এটি	O
শিৱলিঙ্গ	O
পাই	O
শিৱসিংহই	B-PER
কলিয়াবন্ধাৰ	B-LOC
পৰা	O
আনি	O
চিলাবন্ধাৰ	B-LOC
নন্দিকেশ্বৰ	B-LOC
দেৱালয়ৰ	I-LOC
কাষত	O
এঘৰ	O
কেশৰী	B-MISC
ব্ৰাহ্মণ	O
বহাইছিল	O
।	O

পানী	B-LOC
দিহিং	I-LOC
বন্যপ্ৰাণী	I-LOC
অভয়াৰণ্য	I-LOC
শিৱসাগৰ	B-LOC
জিলাৰ	O
প্ৰায়	O
৬০	O
-	O
৭০	O
বৰ্গ	O
কিলোমিটাৰ	O
অঞ্চল	O
জুৰি	O
বিস্তৃত	O
হৈ	O
আছে	O
।	O

কাৰেং	B-LOC
ঘৰটোৰ	I-LOC
চৌদিশে	O
এটা	O
বহল	O
আলি	O
আৰু	O
তাৰ	O
কাষে	O
কাষে	O
তাঁতীৰ	O
গড়	O
আছে	O
।	O

এইবাৰ	O
প্ৰসংগ	O
সলাই	O
ৰুকেয়াই	B-PER
ক'লে	O
এই	O
বাছখনে	O
বাটৰ	O
যাত্ৰী	O
বৰকৈ	O
উঠায়	O
।	O

অন্য	O
চহৰবিলাকৰ	O
দৰে	O
বৰ্তমান	O
গুৱাহাটী	B-LOC
মহানগৰতো	O
মল	O
সংস্কৃতি	O
গঢ়ি	O
উঠিছে	O
।	O

২০২১	B-DATE
চনৰ	I-DATE
০৯	B-DATE
জুন	I-DATE
তাৰিখে	O
পূৰ্বৰ	O
এই	O
সংৰক্ষিত	O
বনাঞ্চলখনক	O
ৰাষ্ট্ৰীয়	O
উদ্যান	O
হিচাপে	O
ঘোষণা	O
কৰা	O
হয়	O
।	O

পৰিহৰেশ্বৰ	B-LOC
দেৱালয়ৰ	I-LOC
বিগ্ৰহৰ	O
ওপৰত	O
এটি	O
ওখ	O
মঠ	O
বা	O
দ'ল	O
আছে	O
।	O

অৰুণাচলৰ	B-LOC
চিলে	B-FAC
নামৰ	O
প্ৰাথমিক	O
স্বাস্থ্যকেন্দ্ৰ	O
এটা	O
এওঁলোকে	O
চলায়	O
।	O

গৰ্গৰাম	B-PER
বৰুৱা	I-PER
সদৰামীনৰ	O
দায়িত্বত	O
থকাৰ	O
সময়ত	O
এটা	O
আচৰিত	O
ঘটনা	O
ঘটিছিল	O
।	O

মন্দিৰৰ	O
সন্মুখতে	O
আছে	O
ৰঘুনাথ	B-LOC
বজাৰ	I-LOC
।	O

তদুপৰি	O
শিৱৰাত্ৰি	B-MISC
উৎসৱ	O
মহা	O
ধুমধামেৰে	O
মন্দিৰ	O
প্ৰাঙ্গনত	O
উদযাপন	O
কৰা	O
হয়	O
।	O

গুৱাহাটী	B-ORG
পৌৰনিগম	I-ORG
নামৰ	O
সংস্থা	O
নগৰখন	O
পৰিচালনা	O
,	O
বিকাশ	O
আৰু	O
ব্যৱস্থাপনাৰ	O
দায়িত্বত	O
আছে	O
।	O

ভাৰতৰ	B-LOC
স্কটলেণ্ড	O
হিচাপে	O
খ্যাত	O
ক'ৰ্গ	B-LOC
সৰু	O
পাহাৰীয়া	O
ঠাইখন	O
প্ৰকৃতিপ্ৰমীৰ	O
কাৰণে	O
ভূ	O
-	O
স্বৰ্গস্বৰূপ	O
।	O

দুৰ্গা	B-MISC
পূজাৰ	I-MISC
মহানৱমীৰ	O
দিনা	O
ম'হ	O
বলি	O
দিয়া	O
হয়	O
।	O

জনপ্ৰিয়	O
বিশ্বাস	O
হ'ল	O
যে	O
৯৯৯৯৯	O
শিৱ	O
লিংগৰে	O
ইয়াত	O
দ্বিতীয়	O
কাশী	B-LOC
গঢ়ি	O
তুলিবৰ	O
বাবে	O
ব্যাস	O
ইয়াত	O
খোদিত	O
কৰিছিল	O
আৰু	O
এইটো	O
এবাৰ	O
এই	O
অঞ্চলৰ	O
অন্যতম	O
পৱিত্ৰ	O
তীৰ্থস্থান	O
আছিল	O
।	O

ৰংপুৰ	B-LOC
আহোম	B-MISC
ৰাজ্যৰ	O
ৰাজধানীৰ	O
উপৰিও	O
কেন্দ্ৰীয়	O
সৈনিক	O
বাহৰ	O
আছিল	O
।	O

প্ৰাচীন	O
টেংকৰ	O
ওচৰৰ	O
মন্দিৰ	O
কমপ্লেক্সৰ	O
পৰা	O
অসাধাৰণ	O
আৱিষ্কাৰবোৰৰ	O
মাজত	O
আছে	O
গণেশ	B-PER
আৰু	O
মহিষাসুৰমৰ্দিনীৰ	B-PER
ভাস্কৰ্য	O
।	O

অন্যান্য	O
ঠাইৰ	O
লগতে	O
লাডাখ	B-LOC
,	O
ইষ্টাৰ্ণ	B-LOC
হিমালয়	I-LOC
,	O
ছাইবেৰিয়াৰ	B-LOC
পক্ষী	O
বেছিকৈ	O
অহাৰ	O
তথ্য	O
পোৱা	O
যায়	O
।	O

মাঘত	O
ভূটীয়া	B-MISC
,	O
তিব্বতী	B-MISC
তীৰ্থযাত্ৰীসকল	O
আহে	O
;	O
বুঢ়া	O
মাধৱক	B-PER
তেওঁলোকে	O
ভগৱান	O
বুদ্ধ	B-PER
বুলিয়ে	O
ভাবে	O
-	O
প্ৰবীণ	B-PER
দাসৰ	I-PER
কিতাপৰ	O
উপৰি	O
দৈৱচন্দ্ৰ	B-PER
তালুকদাৰ	I-PER
,	O
উমেশচন্দ্ৰ	B-PER
তালুকদাৰ	I-PER
আদিয়েও	O
ইংৰাজীত	O
হেনো	O
হাজোতে	B-LOC
বুদ্ধদেৱৰ	B-PER
নিৰ্বান	O
হৈছিল	O
বুলি	O
লিখিছে	O
।	O

যেয়ু	B-LOC
দ্বীপত	I-LOC
বহুতো	O
ডাঙঙৰ	O
ডাঙৰ	O
হোটেল	O
আছে	O
আৰু	O
সেইবিলাকত	O
কেছিন'	O
ৰ	O
ব্যৱস্থা	O
আছে	O
।	O

শিৱসাগৰ	B-LOC
জিলাত	O
আহোম	B-MISC
স্বৰ্গদেউসকলৰ	O
দিনত	O
খন্দা	O
ডাঙৰ	O
ডাঙৰ	O
পুখুৰী	O
আৰু	O
তাৰ	O
কাষত	O
নিৰ্মাণ	O
কৰা	O
দ'ল	O
দেৱালয়ৰে	O
ভৰপূৰ	O
এখন	O
ঐতিহাসিক	O
চহৰ	O
।	O

প্ৰবাদ	O
অনুসৰি	O
বৈষ্ণৱধৰ্ম	B-MISC
প্ৰচাৰ	O
কৰি	O
থকাৰ	O
সময়তে	O
,	O
অবৈষ্ণৱ	O
সকলৰ	O
প্ৰৰোচনাত	O
পৰি	O
ৰজাই	O
মহাপুৰুষ	B-PER
শংকৰদেৱ	I-PER
আৰু	O
মাধৱদেৱক	B-PER
বন্দী	O
কৰিব	O
খোজোত	O
,	O
শংকৰ	B-PER
গুৰুক	I-PER
শিষ্যসকলে	O
আত্মগোপন	O
কৰোৱায়	O
।	O

ভিমাসুৰে	B-PER
তেওঁলোকৰ	O
আৰাধনাত	O
আঘাত	O
জন্মাবলৈ	O
সৈনিক	O
পঠিয়াইছিল	O
;	O
কিন্তু	O
শিৱৰ	B-PER
ক্ৰোধত	O
সকলো	O
ভস্ম	O
হৈছিল	O
।	O

তাম্ৰেশ্বৰী	B-LOC
মন্দিৰত	I-LOC
অতীতত	O
নৰবলি	O
প্ৰথা	O
প্ৰচলিত	O
আছিল	O
।	O

মই	O
ক'লোঁ	O
নিউয়ৰ্কৰ	B-LOC
পৰা	O
আহিছোঁ	O
আৰু	O
মোৰ	O
একমাত্ৰ	O
উদ্দেশ্য	O
আমেৰিকা	B-LOC
চোৱা	O
।	O

আহোম	B-MISC
স্বৰ্গদেও	O
ৰাজেশ্বৰ	B-PER
সিংহই	I-PER
এই	O
মন্দিৰ	O
১৭৫২	B-DATE
শকত	I-DATE
নিৰ্মাণ	O
কৰিছিল	O
।	O

তেজপুৰ	B-ORG
জিলা	I-ORG
সংগ্ৰহালয়	I-ORG
হৈছে	O
তেজপুৰ	B-LOC
চহৰৰ	O
কেন্দ্ৰস্থলত	O
অৱস্থিত	O
অসমৰ	B-LOC
১২টা	O
সংগ্ৰহালয়ৰ	O
এটা	O
।	O

প্ৰাকৃতিক	O
সৌন্দৰ্য্যৰে	O
ভৰপূৰ	O
হাফলং	B-LOC
অসমৰ	B-LOC
একমাত্ৰ	O
পৰ্বতীয়া	O
স্থান	O
।	O

ভগৱান	O
শিৱৰ	B-PER
প্ৰতি	O
উছৰ্গিত	O
সোমবাৰ	O
উমানন্দৰ	B-LOC
বাবে	O
পৱিত্ৰ	O
বাৰ	O
।	O

ইয়াৰ	O
উত্তৰ	O
দিশত	O
লখিমপুৰ	B-LOC
জিলা	O
আৰু	O
ধেমাজি	B-LOC
জিলা	O
,	O
দক্ষিণে	O
যোৰহাট	B-LOC
,	O
পূবে	O
শিৱসাগৰ	B-LOC
জিলা	O
আৰু	O
পশ্চিমে	O
গোলাঘাট	B-LOC
জিলা	O
আৰু	O
শোণিতপুৰ	B-LOC
জিলা	O
।	O

ডুবিৰ	B-LOC
দুৰ্বলা	O
গিৰিত	O
শৱই	B-PER
জিৰাইছিল	O
বাবে	O
পৰিহৰেশ্বৰ	B-LOC
দেৱালয়	I-LOC
গঢ়ি	O
উঠিছিল	O
বুলি	O
জনশ্ৰুতি	O
আছে	O
।	O

ওমানৰ	B-LOC
বৃহৎ	O
এলেকাত	O
জোপোহা	O
ক্ষুদ্ৰ	O
ক্ষুদ্ৰ	O
গছো	O
পোৱা	O
যায়	O
।	O

ম্যাকনামাৰা	B-PER
ম্যানহট্টমৰ	B-LOC
সেই	O
হোটেলখনৰ	O
এজন	O
জনা	O
-	O
শুনা	O
লোক	O
আছিল	O
।	O

দিহিং	B-MISC
পাটকাই	I-MISC
উৎসৱ	I-MISC
হৈছে	O
অসমৰ	B-LOC
তিনিচুকীয়া	B-LOC
জিলাৰ	O
লেখাপানীত	B-LOC
অনুষ্ঠিত	O
হোৱা	O
বাৰ্ষিক	O
উৎসৱ	O
।	O

আহোম	B-MISC
-	O
চুতীয়াৰ	B-MISC
শেষ	O
ৰণত	O
চুতীয়াসকল	B-MISC
পৰাস্ত	O
হোৱাত	O
দেৱালয়ৰ	O
নিৰাপত্তা	O
তথা	O
দেৱী	O
বিগ্ৰহৰ	O
লগতে	O
দেৱালয়ত	O
থকা	O
শিৱ	B-PER
,	O
দূৰ্গা	B-PER
,	O
গঙ্গা	B-PER
,	O
মনসা	B-PER
,	O
গণেশ	B-PER
আদিৰ	O
শিলামূৰ্তি	O
আৰু	O
বলিকটা	O
দা	O
,	O
পূজাৰ	O
বিভিন্ন	O
সামগ্ৰীৰ	O
লগতে	O
দেৱালয়ৰ	O
লগত	O
জড়িত	O
বিভিন্ন	O
বৃত্তিধাৰী	O
মানুহকো	O
লগত	O
লৈ	O
লুইতেদি	B-LOC
ভটিয়াই	O
হাবুং	B-LOC
অঞ্চল	O
পায়	O
আৰু	O
তাতে	O
বিগ্ৰহাদি	O
স্থাপন	O
কৰি	O
নিয়মিত	O
পূজা	O
পাতল	O
কৰিবলৈ	O
লয়	O
।	O

এই	O
দৌলটোত	O
সদায়ে	O
শিৱৰ	B-PER
পূজা	O
অৰ্চনা	O
হয়	O
।	O

গতিকে	O
আজিয়ই	O
কুচকো	B-LOC
নগৰখন	O
চোৱাৰ	O
সিদ্ধান্ত	O
কৰিলো	O
।	O

ঔৰংজেৱৰ	B-PER
মৃত্যুৰ	O
পিছত	O
মোগল	B-MISC
চুবেদাৰ	O
ৰুস্তম	B-PER
দিল	I-PER
খানেও	I-PER
আততায়ীৰ	O
হাতত	O
প্ৰাণ	O
দিব	O
লগা	O
হয়	O
।	O

অন্ধ্ৰ	B-LOC
প্ৰদেশত	I-LOC
অৱস্থিত	O
এই	O
মন্দিৰটোলৈ	O
দেশী	O
-	O
বিদেশী	O
বহু	O
পৰ্যটক	O
আহি	O
ভিৰ	O
কৰা	O
পৰিলক্ষিত	O
হয়	O
।	O

১৯৬৭	B-DATE
চনৰ	I-DATE
ইজৰাইলৰ	B-LOC
বিপক্ষে	O
বিখ্যাত	O
ছদিনৰ	O
যুদ্ধত	O
ছিৰিয়াই	B-LOC
গোলান	B-LOC
উচ্চভূমি	I-LOC
অঞ্চল	I-LOC
হেৰুৱালে	O
আৰু	O
প্ৰতিৰক্ষা	O
উচ্চভূমি	O
অঞ্চল	O
হেৰুৱালে	O
আৰু	O
প্ৰতিৰক্ষা	O
মন্ত্ৰী	O
হাফাজে	B-PER
এল	I-PER
-	I-PER
আছাডে	I-PER
ছিৰিয়াৰ	B-LOC
শাসনভাৰ	O
গ্ৰহণ	O
কৰিলে	O
।	O

মহামায়া	B-LOC
ধামত	I-LOC
প্ৰতি	O
বছৰে	O
উলহ	O
-	O
মালহকৈ	O
দুৰ্গা	B-MISC
পূজা	I-MISC
অনুষ্ঠিত	O
হয়	O
।	O

অসম	B-ORG
ৰাজ্যিক	I-ORG
সংগ্ৰহালয়ত	I-ORG
অসম	B-LOC
আৰু	O
উত্তৰ	B-LOC
পূৱ	I-LOC
ভাৰতৰ	I-LOC
সমাজ	O
সংস্কৃতিৰ	O
লগত	O
জড়িত	O
বহুটো	O
অমূল্যসম্পদ	O
সংগ্ৰহ	O
কৰি	O
থোৱা	O
হৈছে	O
।	O

সেয়ে	O
,	O
১৭৩৯	B-DATE
শকৰ	I-DATE
শাওণ	O
মাহত	O
বদন	B-PER
বৰফুকনে	I-PER
এই	O
পুখুৰীটোত	O
গা	O
ধুবলৈ	O
যাওঁতে	O
ৰূপসিং	B-PER
বঙালে	I-PER
তেওঁক	O
হত্যা	O
কৰিছিল	O
।	O

তেওঁলোকে	O
ইমান	O
ফুৰ্টিত	O
কথা	O
পাতিছিল	O
যদিও	O
আমি	O
আইৰিছ	B-MISC
ভাষা	O
বুজা	O
নাছিলো	O
।	O

কোনো	O
কোনো	O
পণ্ডিতে	O
ইয়াক	O
উমালিংগন	O
মূৰ্তি	O
অৰ্থাৎ	O
উমামহেশ্বৰৰ	B-PER
মূৰ্তি	O
বুলিও	O
আখ্যা	O
দিয়ে	O
।	O

১৭৫২	B-DATE
চনত	I-DATE
কাৰেংঘৰটো	B-LOC
বেয়াকৈ	O
ক্ষতি	O
হয়	O
।	O

১৯৭৭	B-DATE
চনত	I-DATE
অসম	B-ORG
চৰকাৰে	I-ORG
প্ৰত্নতাত্বিক	O
বিভাগৰ	O
সহযোগত	O
প্ৰথমবাৰ	O
আৰু	O
১৯৮২	B-DATE
চনত	I-DATE
দ্বিতীয়বাৰ	O
খনন	O
চলাই	O
অসংখ্য	O
শিলৰ	O
মূৰ্তি	O
আৰু	O
বিশটাতকৈয়ো	O
অধিক	O
গাঁথনি	O
আৱিষ্কাৰ	O
কৰে	O
।	O

ইয়াৰে	O
বৰ্তমান	O
কিছুমান	O
অসম	B-ORG
ৰাজ্যিক	I-ORG
সংগ্ৰহালয়ত	I-ORG
আৰু	O
বাকীখিনি	O
এই	O
মন্দিৰত	O
আছে	O
।	O

এই	O
মূৰ্তিটো	O
গোটেই	O
ভাৰতৰ	B-LOC
ভিতৰতে	O
অদ্বিতীয়	O
পৰ্যায়ৰ	O
।	O

টাই	B-MISC
জাতিৰ	O
লোকসকলে	O
মৃতদেহ	O
জ্বলাই	O
দিয়াৰ	O
সলনি	O
পুতি	O
থয়	O
।	O

মাঘনোৱা	B-LOC
দ'লটোৰ	I-LOC
চাৰিওফালে	O
প্ৰায়	O
৫	O
ফুট	O
ওখ	O
ইটাৰ	O
বেৰ	O
।	O

ইয়াৰ	O
বাহিৰেও	O
অশোকাষ্টমীত	B-MISC
পিতৃপুৰুষৰ	O
তৰ্পণ	O
কৰিলে	O
পিতৃপুৰুষ	O
পৰিতৃপ্ত	O
হয়	O
।	O

নৈখনে	O
অশোক	B-PER
মুনিৰ	I-PER
আশ্ৰম	O
বুৰাই	O
পেলোৱাত	O
মুনিয়ে	O
ব্ৰহ্মপুত্ৰক	B-LOC
অপৱিত্ৰ	O
হওক	O
বুলি	O
অভিশাপ	O
দিবলৈ	O
উদ্যত	O
হয়	O
।	O

তৰপৰা	O
এখন	O
ভানত	O
উঠি	O
বৰদৈবাম	B-LOC
বিলমুখত	B-LOC
প্ৰস্তাৱিত	O
পক্ষী	O
উদ্যানখন	O
চালোঁ	O
।	O

সেইদিনা	O
ব্ৰহ্মপুত্ৰত	B-LOC
স্নান	O
কৰিলে	O
শোক	O
-	O
তাপ	O
হৰণ	O
হোৱাৰ	O
লগতে	O
মৃতকৰ	O
অস্থি	O
বিসৰ্জন	O
দিলে	O
মৃতকৰ	O
স্বৰ্গপ্ৰাপ্তি	O
হয়	O
।	O

অলপ	O
জিৰণি	O
লৈ	O
প্ৰশান্ত	B-LOC
মহাসাগৰ	I-LOC
চাবলৈ	O
ওলাই	O
গলো	O
।	O

বৰ্তমানে	O
প্ৰতিষ্ঠিত	O
শিৱলিংগটো	O
প্ৰকৃত	O
শিৱলিংগ	O
নহয়	O
আৰু	O
ই	O
মন্দিৰৰ	O
স্তম্ভৰে	O
খণ্ডিত	O
অংশ	O
বুলিহে	O
গৱেষক	O
সতীশ	B-PER
চন্দ্ৰ	I-PER
ভট্টাচাৰ্যই	I-PER
উল্লেখ	O
কৰিছে	O
।	O

অভয়াৰণ্যখনত	O
ভাৰতীয়	B-MISC
হাতী	O
,	O
বাঘ	O
,	O
নাহৰফুটুকী	O
বাঘ	O
,	O
বনবোন্দা	O
,	O
বনৰীয়া	O
গাহৰি	O
,	O
তিনিপ্ৰকাৰৰ	O
জহামলা	O
,	O
চাৰিপ্ৰকাৰৰ	O
কেৰ্কেটুৱা	O
আৰু	O
আন	O
কেইবাপ্ৰকাৰৰ	O
স্তন্যপায়ী	O
জন্তু	O
পোৱা	O
যায়	O
।	O

পলুদায়ো	B-PER
একেবোৰ	O
কথাকে	O
ভাবি	O
আছে	O
?	O
এওঁলোক	O
আটাইতকৈ	O
শক্তিশালী	O
আছিল	O
,	O
সেয়েহে	O
তেওঁলোকৰ	O
সাম্ৰাজ্য	O
বিস্তাৰ	O
চীন	B-LOC
,	O
তিব্বত	B-LOC
,	O
আফগানিস্তানলৈকে	B-LOC
বিস্তৃত	O
আছিল	O
।	O

অতি	O
ঘন	O
অৰণ্যঘেৰা	O
আন্দামান	B-LOC
নিকোবৰ	I-LOC
অঞ্চলটো	O
ঘাইকৈ	O
এডভেঞ্চাৰ	O
পৰ্যটনৰ	O
বাবে	O
বিখ্যাত	O
।	O

বৈষ্ণৱ	O
কীৰ্তি	O
চিহ্নৰ	O
উপৰি	O
আহোম	O
ড্ৰেগন	B-PER
ঙি	I-PER
ঙাও	I-PER
খাম	I-PER
বৰদোৱা	B-LOC
থানত	I-LOC
দেখা	O
যায়	O
।	O

জিলাখনত	O
বসবাস	O
কৰা	O
কোচ	B-MISC
জনগোষ্ঠীৰ	O
লোক	O
সকলোৰ	O
সংস্কৃতিও	O
বাৰে	O
বৰণীয়া	O
।	O

২০০২	B-DATE
চনৰ	I-DATE
নৱেম্বৰ	O
মাহত	O
দীপৰ	B-LOC
বিলক	I-LOC
অসমৰ	B-LOC
একমাত্ৰ	O
ৰামচাৰ	O
ক্ষেত্ৰ	O
বুলি	O
ঘোষণা	O
কৰা	O
হয়	O
।	O

পৰ্বতাৰোহণ	O
,	O
ট্ৰেকিং	O
আদি	O
অনেক	O
ৰোমাঞ্চকৰ	O
ক্ৰীড়াৰ	O
সুবিধাই	O
লাডাখলৈ	B-LOC
সহস্ৰজন	O
এডভেঞ্চাৰ	O
প্ৰেমীক	O
অহৰহ	O
আমন্ত্ৰণ	O
জনাই	O
আহিছে	O
।	O

মহাপুৰুষ	O
মাধৱদেৱৰ	B-PER
ঘোষাৰ	O
নামান্বয়	O
অংশৰ	O
ভাঙনি	O
কৰিলেও	O
পোৱা	O
যায়	O
যে	O
,	O
পৰমব্ৰহ্মৰ	O
কৃষ্ণ	B-PER
আৰু	O
বাসুদেৱ	B-PER
এই	O
দুয়োটি	O
নামেৰে	O
ব্যহ্মাৰ	B-PER
একৰূপতাকেই	O
প্ৰকাশ	O
কৰি	O
এটি	O
টীকাৰ	O
দুটি	O
পিঠিৰূপে	O
জগতত	O
বিৰাজ	O
কৰিছে	O
।	O

গৰখীয়া	B-LOC
দৌলৰ	I-LOC
বাস্তুপুৰুষমণ্ডল	O
বাহিৰে	O
-	O
ভিতৰে	O
আঠকোণীয়া	O
।	O

সমগ্ৰ	O
উত্তৰ	B-LOC
-	I-LOC
পূব	I-LOC
ভাৰতৰ	I-LOC
ভিতৰত	O
গুৱাহাটী	B-ORG
তাৰকাগৃহই	I-ORG
প্ৰথম	O
বিশেষ	O
হাইব্ৰীড	O
তাৰকাগৃহ	O
প্ৰজেকশ্বন	O
ব্যৱস্থা	O
লাভ	O
কৰিছিল	O
।	O

এইবোৰক	O
নামাকৰণ	O
কৰা	O
হৈছিল	O
;	O
দক্ষিণৰ	B-LOC
বাহা	I-LOC
,	O
পূবৰ	B-LOC
বাহা	I-LOC
,	O
বৰ	B-LOC
বাহা	I-LOC
,	O
মাজৰ	B-LOC
বাহা	I-LOC
আৰু	O
পশ্চিমৰ	B-LOC
বাহা	I-LOC
।	O

অসমৰ	B-LOC
বিভিন্ন	O
জনগোষ্ঠীৰ	O
ভাষাসমূহৰ	O
উন্নতিৰ	O
কাম	O
-	O
কাজৰ	O
লগত	O
এই	O
ভৱনটো	O
জড়িত	O
হৈ	O
আছে	O
।	O

দক্ষিণাপাত	B-LOC
সত্ৰত	I-LOC
ৰাস	B-MISC
মহোৎসৱ	I-MISC
অতি	O
বিখ্যাত	O
।	O

তিব্বতীয়	O
বৌদ্ধ	O
বিশ্বাস	O
মতে	O
অসমৰ	B-LOC
উগ্ৰতাৰাক	B-LOC
তীক্ষ্ণকণ্ঠ	O
,	O
একজঁটা	O
হিচাপে	O
গণ্য	O
কৰা	O
হয়	O
।	O

কাজিৰঙা	B-LOC
চিকাৰ	O
অভয়াৰণ্য	O
নামটো	O
১৯৩৮	B-DATE
চনলৈ	I-DATE
বাহাল	O
থাকে	O
।	O

সেই	O
জেকেৰীয়া	B-LOC
গাঁৱৰে	O
এজন	O
ব্ৰাহ্মণৰ	O
ঘৰত	O
এজনী	O
কপিলী	O
বৰণৰ	O
গাই	O
আছিল	O
।	O

এই	O
বৰদোৱা	B-LOC
তথা	O
আলিপুখুৰীতে	B-LOC
শ্ৰীমন্ত	B-PER
শংকৰদেৱৰ	I-PER
জন্ম	O
হৈছিল	O
।	O

তেতিয়াৰ	O
পৰা	O
বংশানুক্ৰমিক	O
পৰম্পৰা	O
অনুসৰি	O
নলবাৰীৰ	B-LOC
ওচৰৰ	O
সোণকুৰীয়া	B-LOC
গাঁৱৰ	O
পুৰোহিত	O
সকলে	O
ইয়াত	O
পূজা	O
-	O
অৰ্চনা	O
কৰি	O
আহিছে	O
।	O

অসম	B-ORG
চৰকাৰে	I-ORG
পবিতৰা	B-LOC
পি.	I-LOC
জি	I-LOC
আৰক	I-LOC
সংৰক্ষিত	O
বনাঞ্চল	O
ঘোষণা	O
কৰি	O
হাদুগা	B-LOC
খুটিৰ	O
খুটিয়াল	O
সকলক	O
তাৰপৰা	O
উচ্ছেদ	O
কৰি	O
হাতীগড়	B-LOC
ভি.	I-LOC
জি.	I-LOC
আৰৰ	I-LOC
উত্তৰ	O
ফালে	O
১৫০	O
বিঘা	O
মাটি	O
সংস্থাপনৰ	O
বাবে	O
আবণ্টন	O
কৰিছিল	O
।	O

মাৰাট	B-LOC
লংৰি	I-LOC
অভয়াৰণ্য	I-LOC
অসমৰ	B-LOC
কাৰ্বি	B-ORG
আংলং	I-ORG
স্বায়ত্ত্ব	I-ORG
শাসিত	I-ORG
পৰিষদৰ	I-ORG
অন্তৰ্গত	O
।	O

হালং	B-LOC
বে'ৰ	I-LOC
দ্বীপবোৰত	O
পুৰাতত্ত্ববিদসকলৰ	O
বাবে	O
অমূল্য	O
সম্পদ	O
ঠাহ	O
খাই	O
আছে	O
।	O

মাজুলী	B-LOC
অসমৰ	B-LOC
ব্ৰহ্মপুত্ৰ	B-LOC
নদীৰ	I-LOC
মাজত	O
থকা	O
এটা	O
বৃহৎ	O
নদীদ্বীপ	O
আৰু	O
অসমৰ	B-LOC
এখন	O
জিলা	O
।	O

উমানন্দৰ	B-LOC
উমানন্দ	B-LOC
দেৱালয়ত	I-LOC
প্ৰতি	O
বছৰে	O
ধুমধামেৰে	O
মহাশিৱৰাত্ৰি	B-MISC
পালন	O
কৰা	O
হয়	O
।	O

ডেনিয়ন	B-PER
টেইলৰ	I-PER
এই	O
সংস্থাটোৰ	O
চেয়াৰমেন	O
।	O

মন	O
কৰিবলগীয়া	O
যে	O
ওমানত	B-LOC
গণপতি	B-MISC
পূজাৰ	I-MISC
কাৰণে	O
প্ৰয়োজনীয়	O
সকলো	O
গীত	O
-	O
উপাচাৰেই	O
সহজেই	O
উপলব্ধ	O
।	O

ইতিমধ্যে	O
আমি	O
আহি	O
নিশাট	B-LOC
বাগত	I-LOC
সোমাইছিলোঁ	O
।	O

সেয়ে	O
নন্দিকেশ্বৰ	B-LOC
দেৱালয়খন	I-LOC
বুঢ়া	B-LOC
গোঁসাই	I-LOC
দেৱালয়	I-LOC
বুলিয়েই	O
জনাজাত	O
হৈ	O
আহিছে	O
।	O

হয়গ্ৰীৱ	B-LOC
মাধৱ	I-LOC
এক	O
প্ৰাচীন	O
মন্দিৰ	O
যদিও	O
বৰ্তমানৰ	O
ঘৰটো	O
পিছৰ	O
কালৰ	O
।	O

সেইখন	O
ভাৰতবৰ্ষ	B-LOC
,	O
ত্যাগৰ	O
দেশ	O
।	O

কালিকা	B-MISC
পুৰাণত	I-MISC
আছে	O
যে	O
বশিষ্ঠ	B-PER
মুণিয়ে	I-PER
পাপৰ	O
পৰা	O
মুক্ত	O
হ'বৰ	O
কাৰণে	O
ইয়াতেই	O
বিষ্ণুক	B-PER
আৰাধনা	O
কৰিছিল	O
।	O

অশ্বক্লান্তৰ	B-LOC
বিখ্যাত	O
মন্দিৰটো	O
১৭২০	B-DATE
শকত	I-DATE
শিৱসিংহই	B-PER
নিৰ্মাণ	O
কৰিছিল	O
।	O

স্বৰ্গীয়	O
জয়ধ্বজ	B-PER
সিংহই	I-PER
১৫৭৬	B-DATE
শকৰ	I-DATE
পুহ	O
মাহ	O
ভতিয়া	O
পাৰত	O
পুখুৰী	O
খন্দাই	O
সেই	O
পুখুৰীৰ	O
পানী	O
উলিয়াই	O
উৎসৰ্গা	O
কৰাৰ	O
কাৰণে	O
ভাল	O
মহন্ত	O
ব্ৰাহ্মণ	O
বিচৰাত	O
ভেলাই	B-PER
পাচনি	I-PER
নামে	O
এজন	O
লোকে	O
জনালে	O
যে	O
বেহাৰত	O
অতি	O
সাধক	O
মহন্ত	O
ব্ৰাহ্মণ	O
বনমালী	B-PER
নামে	O
আছে	O
,	O
তেওঁকে	O
অনাই	O
পুখুৰীৰ	O
জল	O
উলিয়াই	O
উৎসৰ্গা	O
কৰা	O
ভদ্ৰ	O
।	O

ফুলেশ্বৰী	O
কুঁৱৰীৰ	O
মৃত্যুৰ	O
পিছত	O
তেওঁৰে	O
ভনীয়েক	O
দ্ৰৌপদীক	B-PER
স্বৰ্গদেৱে	O
বিয়া	O
কৰায়	O
।	O

কথিত	O
আছে	O
যে	O
যি	O
ঠাইত	O
ৰামখা	B-LOC
দেওশালখন	I-LOC
জলগৰ্ভত	O
আছিল	O
সেই	O
ঠাইৰপৰা	O
ৰজাঘৰীয়া	O
নাওবোৰ	O
আগপিচ	O
নোহোৱা	O
হ'ল	O
আৰু	O
নাওবৈচাসকলৰ	O
মাজত	O
হাহাকাৰ	O
লাগিল	O
।	O

এই	O
অনন্তশায়ী	O
মূৰ্তিটো	O
কোনোবা	O
এজনে	O
উজনি	B-LOC
অসমলৈ	I-LOC
নিবলৈ	O
নেপালৰপৰা	B-LOC
আনিছিল	O
বুলিও	O
কথিত	O
আছে	O
।	O

ইয়াৰ	O
পাছত	O
মাজৰাতি	O
শংকৰদেৱে	B-PER
তেওঁৰ	O
দুজন	O
শিষ্য	O
সৰ্বজয়	B-PER
আৰু	O
বলোৰামক	B-PER
লগত	O
লৈ	O
বটবৃক্ষজোপাৰ	O
তললৈ	O
আহি	O
যোগবলেৰে	O
গংগাক	B-PER
আহ্বন	O
কৰিবলৈ	O
ধৰিলে	O
।	O

হপচকিন	B-ORG
বিশ্ববিদ্যালয়ত	I-ORG
অসমীয়া	B-MISC
গামোচা	O
।	O

ই	O
শিৱসাগৰ	B-LOC
চহৰৰ	O
পৰা	O
২২	O
কিলোমিটাৰ	O
দুৰত্বত	O
অৱস্থিত	O
।	O

ইয়ালৈ	O
দৈনিক	O
মুখ্য	O
চহৰসমূহ	O
যেনে	O
গুৱাহাটী	B-LOC
,	O
কলকাতা	B-LOC
,	O
দিল্লী	B-LOC
,	O
মুম্বাই	B-LOC
আদিৰপৰা	O
বিমান	O
চলাচল	O
কৰে	O
।	O

যোৰহাট	B-LOC
জিলা	O
অসমৰ	B-LOC
কেইবাজনো	O
বিখ্যাত	O
মণিষীৰ	O
জন্মস্থান	O
।	O

এই	O
শিৱদৌল	B-LOC
অসমৰ	B-LOC
সকলোবোৰ	O
দৌলতকৈ	O
ওখ	O
দৌল	O
।	O

তাৰপিছত	O
বিশ্বনাথৰ	B-LOC
পৰা	O
উজাই	O
আহি	O
কেইবাঠাইতো	O
ৰৈ	O
অৱশেষত	O
মাজুলীৰ	B-LOC
ধূঁৱাহাট	B-LOC
-	O
বেলগুৰিত	B-LOC
সত্ৰ	O
স্থাপন	O
কৰে	O
।	O

কাজিৰঙাতেই	B-LOC
সংৰক্ষিত	O
বনাঞ্চল	O
সমূহৰ	O
ভিতৰত	O
সৰ্বাধিক	O
ঘনত্বৰে	O
ঢেঁকীয়াপতীয়া	O
বাঘৰ	O
বসতি	O
আছে	O
।	O

মহন্তই	B-PER
কৈছিল	O
-	O
লিমাত	B-LOC
চোৰ	O
আৰু	O
পকেটমাৰ	O
বহুত	O
আছে	O
।	O

অৱশ্যে	O
বাছ	O
সেৱাৰ	O
কোনো	O
ব্যৱস্থা	O
নথকা	O
হেতু	O
মওলিনঙলৈ	B-LOC
ব্যক্তিগত	O
বাহন	O
লৈ	O
যাবলৈহে	O
সুচল	O
হয়	O
।	O

তিব্বতৰ	B-LOC
বৰফাবৃত	O
কোনো	O
সুউচ্চ	O
পৰ্বতৰ	O
পৰা	O
ওলাই	O
মেচুকা	B-LOC
উপত্য়কাৰ	O
বুকুৰে	O
বৈ	O
আহিছে	O
।	O

চৰিত	O
পুথিৰ	O
মতে	O
,	O
ঠাকুৰৰ	B-PER
আগমনৰ	O
দিনা	O
ৰাতি	O
স্বৰ্গদেউ	O
জয়ধ্বজ	B-PER
সিংহই	I-PER
ৰাতি	O
সপোনত	O
চতুৰ্ভূজৰূপী	O
বিষ্ণুৰ	B-PER
অৱতাৰ	O
দৰ্শন	O
কৰি	O
পাছদিনা	O
ঠাকুৰৰ	O
আগত	O
ব্যক্ত	O
কৰে	O
আৰু	O
নিজ	O
ৰাজ্যত	O
সত্ৰাদি	O
পাতিবলৈ	O
কুণ্ডিলৰ	B-LOC
পৰা	O
বাসুদেৱ	B-PER
মূৰ্ত্তি	O
আনিবলৈ	O
ৰাজবিষয়া	O
প্ৰেৰণ	O
কৰে	O
।	O

নামেৰী	B-LOC
ৰাষ্ট্ৰীয়	I-LOC
উদ্যান	I-LOC
আৰু	O
ব্যাঘ্ৰ	O
সংৰক্ষিত	O
বনাঞ্চল	O
ক'ৰ	O
এলেকাৰ	O
প্ৰশাসন	O
অসম	B-ORG
বন	I-ORG
আৰু	I-ORG
পৰিৱেশ	I-ORG
বিভাগৰ	I-ORG
পশ্চিম	B-ORG
অসম	I-ORG
বন্যপ্ৰাণী	I-ORG
সংমণ্ডলৰ	I-ORG
ওপৰত	O
ন্যস্ত	O
।	O

২৫	B-DATE
তাৰিখ	I-DATE
এপ্ৰিল	I-DATE
২০০৫	B-DATE
শুক্ৰবাৰ	O
আমাক	O
হুৱানোকোৰ	B-LOC
প্ৰাদেশিক	O
স্বাস্থ্য	O
সঞ্চালকৰ	O
কাৰ্যায়লৈ	O
লৈ	O
যোৱা	O
হ'ল	O
।	O

আঠ	B-LOC
নং	I-LOC
ৰাষ্ট্ৰীয়	I-LOC
ঘাই	I-LOC
পথেৰে	I-LOC
কালিখৌহ	B-LOC
পাহাৰৰ	I-LOC
কাষেৰে	O
আমাৰ	O
গাড়ী	O
তীব্ৰগতিত	O
আগবাঢ়িছিল	O
।	O

শিমলুগুৰি	B-FAC
জংশ্যন	I-FAC
চৰাইদেউ	B-LOC
জিলাৰ	O
প্ৰধান	O
ৰে'ল	O
জংশ্যন	O
।	O

এই	O
বন্তি	O
গছি	O
এছিয়া	B-ORG
বুক	I-ORG
অফ	I-ORG
ৰেকৰ্ডছ	I-ORG
আৰু	O
ইণ্ডিয়া	B-ORG
বুক	I-ORG
অফ	I-ORG
ৰেকৰ্ডছ	I-ORG
-	O
এ	O
দীৰ্ঘতম	O
সময়ৰ	O
বাবে	O
প্ৰজ্বলিত	O
বন্তি	O
বুলি	O
স্বীকৃতি	O
প্ৰদান	O
কৰিছে	O
।	O

ওৰাং	B-LOC
ৰাষ্ট্ৰীয়	I-LOC
উদ্যান	I-LOC
ওদালগুৰি	B-LOC
আৰু	O
শোণিতপুৰ	B-LOC
জিলাত	O
অৱস্থিত	O
।	O

১৮৮০	B-DATE
চনত	I-DATE
এই	O
অংশক	O
কাছাৰ	B-LOC
জিলাৰ	O
এটা	O
মহকুমা	O
হিচাপে	O
ঘোষণা	O
কৰি	O
গুনজুঙত	B-LOC
মহকুমাৰ	O
সদৰ	O
স্থাপন	O
কৰা	O
হয়	O
।	O

উক্ত	O
তিনি	O
পূজাৰ	O
উপৰিও	O
ডুবি	B-LOC
দেৱালয়ত	I-LOC
দৌলযাত্ৰা	B-MISC
,	O
জন্মাষ্টমী	B-MISC
,	O
পূৰ্ণিমা	O
তিথি	O
,	O
বিহু	B-MISC
উৎসৱ	I-MISC
,	O
লক্ষ্মীপূজা	B-MISC
আদিও	O
পালন	O
কৰা	O
হয়	O
।	O

ক'ৰ্গত	B-LOC
অতি	O
সমীপৱৰ্তী	O
ওমকেশ্বৰ	B-LOC
মন্দিৰ	I-LOC
,	O
তালকাবেৰী	B-LOC
মন্দিৰ	I-LOC
আৰু	O
দূৰলৈকে	O
বৃস্তিত	O
কফী	O
গছবোৰে	O
পৰ্যটকক	O
অনন্য	O
অনুভূতিৰ	O
মুখামুখি	O
কৰাবলৈ	O
সক্ষম	O
।	O

গৰখীয়া	O
টুকুৰাৰ	B-PER
নাম	O
অনুসৰি	O
এই	O
মন্দিৰৰ	O
নাম	O
ৰখা	O
হয়	O
টুক্ৰেশ্বৰী	B-LOC
।	O

প্ৰবাদ	O
অনুসৰি	O
ভগদত্তই	B-PER
জীয়ৰী	O
দীঘলীৰ	B-PER
নামত	O
খন্দাইছিল	O
।	O

খুড়াকৰ	O
দোকানত	O
কাম	O
কৰি	O
থাকোতে	O
জনচ	B-PER
খুডাকৰ	O
ছোৱালী	O
এলিজাবেথৰ	B-PER
প্ৰেমত	O
পৰে	O
।	O

এই	O
দেৱীঘৰটো	O
দেৱী	O
দুৰ্গা	B-MISC
পূজাৰ	I-MISC
বাবে	O
নিৰ্মাণ	O
কৰা	O
হৈছিল	O
।	O

আহিন	O
মাহৰ	O
পৰা	O
পবিতৰালৈ	B-LOC
সুদুৰ	O
চাইবেৰীয়াৰ	B-LOC
অঞ্চলৰ	O
পৰা	O
বহুতো	O
পৰিভ্ৰমী	O
চৰাই	O
আহে	O
।	O

মাৰ্চত	O
মাতাদি	O
বৈষ্ণোদেবীলৈ	B-LOC
বুলি	O
ওলাই	O
আহিলোঁ	O
।	O

এদিন	O
আমি	O
ৱাটাৰ	B-LOC
লু	I-LOC
ব্ৰিজ	I-LOC
চালো	O
।	O

হাফলং	B-LOC
ভাৰতৰ	B-LOC
অসম	B-LOC
ৰাজ্যৰ	O
অন্তৰ্ভুক্ত	O
ডিমা	B-LOC
হাছাও	I-LOC
জিলাৰ	O
সদৰ	O
ঠাই	O
।	O

চৰাইদেউ	B-LOC
নামৰ	O
উৎপত্তি	O
টাই	B-MISC
আহোম	I-MISC
ভাষাৰ	O
শব্দ	O
চে	O
-	O
ৰাই	O
-	O
ডয়	O
পৰা	O
হৈছে	O
।	O

জেমচে	B-PER
ডিজাইন	O
কৰা	O
এই	O
শ্বেতগৃহটোৰ	O
নিৰ্মাণ	O
কাৰ্য	O
আৰম্ভ	O
হয়	O
১৭৭২	B-DATE
চনত	I-DATE
আৰু	O
শেষ	O
হয়	O
১৮০০	B-DATE
চনত	I-DATE
৮	O
বছৰৰ	O
অন্তত	O
।	O

তাৰপিছত	O
আহোম	B-MISC
সেনাপতিক	O
দেৱীয়ে	O
সপোনত	O
দেখা	O
দি	O
কয়	O
যে	O
তেওঁ	O
সেই	O
দেশ	O
এৰি	O
নাযায়	O
আৰু	O
আহোমসকলে	B-MISC
মূৰ্তি	O
নিব	O
খুজিলে	O
বুঢ়ী	B-LOC
নৈৰ	I-LOC
কানত	O
থকা	O
সোসানীৰ	O
মূৰ্তি	O
আৰু	O
যোনি	O
নিব	O
পাৰে	O
।	O

জনপ্ৰিয়	O
ইংৰাজী	O
দৈনিক	O
বাতৰিকাকতসমূহ	O
হ'ল	O
-	O
দ্যা	B-MISC
আছাম	I-MISC
ট্ৰিবিউন	I-MISC
,	O
দ্যা	B-MISC
ছেণ্টিনেল	I-MISC
,	O
দ্যা	B-MISC
টেলিগ্ৰাফ	I-MISC
,	O
দ্যা	B-MISC
টাইমছ্	I-MISC
অব	I-MISC
ইণ্ডিয়া	I-MISC
ইত্যাদি	O
।	O

পঞ্চদশ	O
শতিকাতে	O
মহাপুৰুষ	O
শংকৰদেৱে	B-PER
মাজুলীৰ	B-LOC
ধূঁৱাহাট	B-LOC
-	O
বেলগুৰিত	B-LOC
প্ৰথম	O
সত্ৰ	O
প্ৰতিষ্ঠা	O
কৰি	O
অসমীয়া	B-MISC
সংস্কৃতি	O
তথা	O
ভক্তিধৰ্মক	O
সুকীয়া	O
মাত্ৰা	O
প্ৰদান	O
কৰিছিল	O
।	O

ন	B-LOC
গোঁসাইদ'ল	I-LOC
দক্ষিণফালে	O
অৱস্থিত	O
জয়সাগৰ	B-LOC
পুখুৰী	I-LOC
আৰু	O
জয়দৌল	B-LOC
।	O

অৱশ্যে	O
গোলকোণ্ডা	B-LOC
অঞ্চল	O
সম্পূৰ্ণ	O
মুছলমান	B-MISC
বসতিপ্ৰধান	O
ইয়াৰ	O
মহিলাসকলক	O
বোৰ্খা	O
আৰু	O
পুৰুষক	O
আলখাল্লা	O
পিন্ধিহে	O
বাহিৰত	O
দেখা	O
গৈছিল	O
।	O

কছাৰী	B-MISC
ৰজাৰ	O
শিলেৰে	O
নিৰ্মিত	O
ঘৰ	O
আৰু	O
মন্দিৰৰ	O
ভগ্নাৱশেষ	O
অৱস্থিত	O
।	O

নেপকো	B-ORG
শক্তিখণ্ডত	O
ভাৰত	B-ORG
চৰকাৰৰ	I-ORG
এক	O
উপক্ৰম	O
-	O
উমৰাংছুস্থিত	B-LOC
কপিলী	B-LOC
জলবিদ্যুৎ	I-LOC
সংযন্ত্ৰ	I-LOC
নেপকোৰ	B-ORG
প্ৰথম	O
প্ৰকল্প	O
।	O

স্বৰ্গদেউ	O
প্ৰতাপ	B-PER
সিংহই	I-PER
ৰজা	O
হোৱাৰ	O
পাছত	O
পূৰ্বতে	O
পূজা	O
কৰা	O
শিৱলিংগটি	O
নিজৰ	O
পৰা	O
নিলগাই	O
গড়গাঁও	B-LOC
নগৰৰ	O
বিপৰীতে	O
এই	O
ঠাইত	O
অষ্টকোণীয়া	O
ভেটি	O
-	O
বিন্যাসেৰে	O
দৌল	O
নিৰ্মাণ	O
কৰি	O
থাপনা	O
থাপি	O
নিয়মিত	O
পূজা	O
-	O
সেৱা	O
কৰিছিল	O
।	O

ই	O
উত্তৰ	B-LOC
-	I-LOC
পূব	I-LOC
ভাৰতৰ	I-LOC
বৃহত্তম	O
মেট্ৰ'প'লিটান	O
এলেকা	O
আৰু	O
কলকাতা	B-LOC
,	O
পাটনাৰ	B-LOC
পিছত	O
পূব	B-LOC
ভাৰতৰ	I-LOC
তৃতীয়	O
বৃহৎ	O
নগৰ	O
।	O

ছিংগাপুৰ	B-LOC
৬৩টা	O
সৰু	O
-	O
বৰ	O
দ্বীপেৰে	O
গঠিত	O
।	O

অশ্বক্ৰান্ত	B-LOC
মন্দিৰে	I-LOC
অসমৰ	B-LOC
ধৰ্মীয়	O
আৰু	O
সামাজিক	O
জীৱনত	O
উল্লেখযোগ্য	O
ভূমিকা	O
লৈ	O
আহিছে	O
।	O

ৰাজ্যখনৰ	O
আটাইতকৈ	O
ডাঙৰ	O
চহৰ	O
হৈছে	O
জন্মু	B-LOC
।	O

পাভৈ	B-LOC
অভয়াৰণ্য	I-LOC
লক্ষীমপুৰ	B-LOC
জিলাত	O
অবস্থিত	O
এখন	O
অভয়াৰণ্য	O
।	O

মাজুলীৰ	B-LOC
ৰাস	B-MISC
মহোৎসৱ	I-MISC
দেশী	O
-	O
বিদেশী	O
পৰ্যটক	O
,	O
গবেষক	O
,	O
পণ্ডিত	O
,	O
কলাকাৰসকলৰ	O
আকৰ্ষণৰ	O
কেন্দ্ৰবিন্দু	O
।	O

ভাৰতবৰ্ষৰ	B-LOC
পূব	O
প্ৰান্তৰ	O
এক	O
অনুন্নত	O
অখ্যাত	O
পাচিঘাটত	B-LOC
মোৰ	O
পইচা	O
জমা	O
আছে	O
।	O

বিভিন্ন	O
জনগোষ্ঠীৰ	O
মিলনে	O
মাজুলীক	B-LOC
বাৰে	O
ৰহণীয়া	O
কৰি	O
তুলিছে	O
।	O

এই	O
বন্তি	O
গছা	O
এছিয়া	B-ORG
বুক	I-ORG
অফ	I-ORG
ৰেকৰ্ডছ	I-ORG
আৰু	O
ইণ্ডিয়া	B-ORG
বুক	I-ORG
অফ	I-ORG
ৰেকৰ্ডছ	I-ORG
এ	O
দীৰ্ঘতম	O
সময়ৰ	O
বাবে	O
প্ৰজ্বলিত	O
বন্তি	O
বুলি	O
স্বীকৃতি	O
প্ৰদান	O
কৰিছে	O
।	O

ইপচকিন	B-ORG
বিশ্ববিদ্যালয়ৰ	I-ORG
মুখ্য	O
উদ্দেশ্য	O
হ'ল	O
তিনিটা	O
গবেষণা	O
,	O
শিক্ষা	O
,	O
আৰু	O
প্ৰয়োগ	O
।	O

দেৱালয়ৰ	O
বাবে	O
লেহুবৰ	B-PER
শৰ্মাক	I-PER
ঠাকুৰ	O
আৰু	O
এঘৰ	O
শূদ্ৰ	O
মানুহক	O
পৰিচালক	O
নিয়োগ	O
কৰা	O
হয়	O
।	O

ডেৰাডুনৰ	B-LOC
পৰা	O
মুছৌৰীলৈ	B-LOC
দূৰত্ব	O
৩৪	O
কিলোমিটাৰ	O
।	O

ইমানখিনিৰ	O
পাছতো	O
এচাম	O
লোকে	O
পাটকিবাৰী	B-LOC
তেৰাৰ	O
জন্মস্থান	O
বুলি	O
প্ৰচাৰ	O
কৰাটো	O
অতি	O
আশ্বৰ্যজনক	O
।	O

হজৰত	O
শব্দই	O
হজৰত	B-PER
মহম্মদক	I-PER
আৰু	O
বাল	O
শব্দই	O
চুলিক	O
বুজায়	O
।	O

দীপৰ	B-LOC
বিলৰ	I-LOC
জলাহভূমি	O
৪.১৪	O
বৰ্গ	O
কি:মি:	O
এলেকা	O
বিস্তৃত	O
।	O

অসমৰ	B-LOC
দক্ষিণ	O
অংশত	O
ডিমা	B-LOC
হাছাও	I-LOC
জিলাৰ	O
অৱস্থান	O
।	O

ডা:	O
বাচাৰে	B-PER
আগবাঢ়ি	O
গৈ	O
ক'লে	O
,	O
আমি	O
বাল্টিমোৰলৈ	B-LOC
,	O
তিনিটা	O
টিকট	O
লাগে	O
।	O

বৰনদী	B-LOC
অভয়াৰণ্যৰ	I-LOC
মাটিকালি	O
প্ৰায়	O
২৬.২২	O
বৰ্গকিলোমিটাৰ	O
ইয়াৰ	O
পশ্চিমদিশে	O
বৰনদী	B-LOC
নামৰ	O
নৈ	O
বৈ	O
গৈছে	O
।	O

কোনো	O
গিবনৰ	O
নামেৰে	O
নাম	O
দিয়া	O
এইখন	O
ভাৰতৰ	B-LOC
একমাত্ৰ	O
অভয়াৰণ্য	O
।	O

ডিফু	B-LOC
চহৰৰপৰা	O
৩৫	O
কিলোমিটাৰ	O
দূৰত্বত	O
অৱস্থিত	O
পূব	B-LOC
কাৰ্বি	I-LOC
আংলং	I-LOC
অভয়াৰণ্যই	I-LOC
কাৰ্বি	B-LOC
আংলং	I-LOC
জিলাৰ	O
বোকাজান	B-LOC
মহকুমাৰ	O
প্ৰায়	O
২২	O
,	O
১৮১	O
হেক্টৰ	O
বনাঞ্চল	O
আগুৰি	O
আছে	O
।	O

হাফলঙৰ	B-LOC
পৰা	O
৯	O
কি.	O
মি.	O
দক্ষিণে	O
অৱস্থিত	O
এখন	O
ঠাই	O
।	O

ভাৰতে	B-LOC
স্বাধীনতা	O
লাভ	O
কৰাৰ	O
পাছত	O
মিকিৰ	B-LOC
পাহাৰ	I-LOC
আৰু	O
উত্তৰ	B-LOC
কাছাৰ	I-LOC
সংলগ্ন	O
জিলা	O
গঠন	O
কৰা	O
হয়	O
।	O

ডানিয়ুব	B-LOC
নদী	I-LOC
বৈ	O
গৈছে	O
চাৰিখন	O
ৰাষ্ট্ৰৰ	O
ৰাজধানী	O
চহৰেদী	O
।	O

বৰ্তমানৰ	O
ৰঙিয়া	B-LOC
নগৰৰ	O
সীমাত	O
অৱস্থিত	O
জেকেৰীয়া	B-LOC
নামৰ	O
এখন	O
গাঁৱৰ	O
কাষতে	O
সন্ধ্যাঝাৰ	B-LOC
নামৰ	O
এখন	O
অটব্য	O
অৰণ্য	O
আছিল	O
।	O

অসম	B-ORG
ৰাজ্যিক	I-ORG
চিৰিয়াখানা	I-ORG
আৰু	I-ORG
উদ্ভিদ	I-ORG
উদ্যান	I-ORG
অসমৰ	B-LOC
গুৱাহাটী	B-LOC
মহানগৰৰ	O
ৰাধাগোবিন্দ	B-LOC
পথত	I-LOC
অৱস্থিত	O
।	O

ব্ৰহ্মপুত্ৰৰ	B-LOC
উত্তৰ	B-LOC
গুৱাহাটীত	I-LOC
অৱস্থিত	O
অশ্বক্ৰান্ত	B-LOC
মন্দিৰ	I-LOC
এটা	O
উল্লেখযোগ্য	O
বিষ্ণু	B-PER
মন্দিৰ	O
।	O

এদিন	O
টুকুৰাই	B-PER
গাইজনীৰ	O
এই	O
কাণ্ড	O
ধৰা	O
পেলায়	O
।	O

নাৰায়ণপুৰৰ	B-LOC
বাদুলা	B-LOC
থানত	I-LOC
মাধৱদেৱৰ	B-PER
আজ্ঞাপৰ	O
আচাৰ্য	O
বাদুলা	B-PER
আতাৰ	I-PER
স্মৃতিৰ	O
লগত	O
জড়িত	O
বদুলা	B-PER
আতাৰ	I-PER
থান	O
।	O

সেইবাৰ	O
ভ্ৰমণ	O
আৰম্ভ	O
কৰিছিলোঁ	O
লণ্ডনৰ	B-LOC
পৰা	O
।	O

ইয়াৰ	O
লগতে	O
ইয়াত	O
হনুমান	B-PER
আৰু	O
কালী	B-PER
দেৱীৰ	O
বিশাল	O
মূৰ্তি	O
আছে	O
।	O

তদুপৰি	O
এই	O
উদ্যানখন	O
হৈছে	O
অসমৰ	B-LOC
ৰাজ্যিক	O
চৰাই	O
,	O
আপুৰুগীয়া	O
দেওহাঁহ	O
ৰ	O
আৱাসভূমি	O
।	O

অসমৰ	B-LOC
ৰাজ্যিক	O
চৰাই	O
দেওহাঁহৰ	O
ই	O
এক	O
উল্লেখযোগ্য	O
বাসস্থান	O
।	O

দেশৰ	O
সকলোবোৰ	O
ঘৰুৱা	O
বিমান	O
যেনে	O
-	O
ভিষ্টাৰা	B-ORG
,	O
স্পাইচ	B-ORG
জেট	I-ORG
,	O
ইণ্ডিগ'	B-ORG
,	O
গ'	B-ORG
এয়াৰ	I-ORG
,	O
এয়াৰ	B-ORG
এছিয়া	I-ORG
,	O
এয়াৰ	B-ORG
ইণ্ডিয়া	I-ORG
আদি	O
গুৱাহাটীৰ	B-LOC
বিমান	O
বন্দৰৰ	O
পৰা	O
দৈনিক	O
দেশৰ	O
বিভিন্ন	O
প্ৰান্তলৈ	O
চলাচল	O
কৰে	O
।	O

কথিত	O
আছে	O
যে	O
ৰুদ্ৰসিংহই	B-LOC
তেওঁৰ	O
মাতৃ	O
সতী	B-PER
জয়মতীৰ	I-PER
স্মৃতিত	O
এটা	O
সোণৰ	O
প্ৰতিমা	O
সজাইছিল	O
।	O

তাকে	O
চাব	O
সকলোৱে	O
আগ্ৰহ	O
প্ৰকাশ	O
কৰাত	O
আমি	O
হায়াট	B-LOC
হোটেললৈ	I-LOC
গ'লোঁ	O
।	O

বৰ্তমান	O
সময়ত	O
টাই	B-MISC
-	I-MISC
আহোম	I-MISC
জনগোষ্ঠীৰ	O
ম'	B-MISC
-	I-MISC
হুং	I-MISC
,	O
ম'	B-MISC
-	I-MISC
চাম	I-MISC
,	O
চাওদাং	B-MISC
আৰু	O
ম'	B-MISC
-	I-MISC
প্ল'ঙ	I-MISC
নামৰ	O
চাৰিটা	O
ফৈদৰ	O
মানুহে	O
মৈদাম	O
পৰম্পৰা	O
মানি	O
চলে	O
।	O

চুবুৰীয়া	O
কোম্বোডিয়া	B-LOC
,	O
লাওচ	B-LOC
,	O
ইণ্ডোনেচিয়া	B-LOC
,	O
ফিলিপাইনছ	B-LOC
আদি	O
দেশ	O
ভিয়েটনামত	B-LOC
স্থাপিত	O
বহুজাতিক	O
কোম্পানীবোৰৰ	O
বাণিজ্যিক	O
লক্ষ্য	O
।	O

মাজুলী	B-LOC
নামটোৰ	O
অৰ্থ	O
হ'ল	O
নৈৰ	O
মাজৰ	O
ডাঙৰ	O
চাপৰি	O
বা	O
দ্বীপ	O
,	O
অৰ্থাৎ	O
বৈ	O
যোৱা	O
নদীৰ	O
মাজৰ	O
ভূখণ্ড	O
।	O

কালীৰ	B-PER
দৰে	O
তাৰা	B-PER
ভীষণ	O
উগ্ৰ	O
আৰু	O
ৰুদ্ৰ	O
স্বৰূপ	O
।	O

কাশ্মীৰৰ	B-LOC
মুছলমান	B-MISC
ধৰ্মালম্বীসকলৰ	O
আন	O
এখন	O
প্ৰধান	O
ধৰ্মীয়	O
প্ৰতিষ্ঠান	O
হৈছে	O
হজৰত	B-LOC
বাল	I-LOC
।	O

বৃটিছ	O
শাসনকালত	O
হায়দৰাবাদ	B-LOC
আছিল	O
বৃটিছৰ	B-MISC
বন্ধু	O
স্থানীয়	O
এখন	O
দেশীয়	O
ৰাজ্য	O
।	O

হাতীমূৰা	B-LOC
মন্দিৰ	I-LOC
নগাঁও	B-LOC
জিলাৰ	O
কলিয়াবৰৰ	B-LOC
হাতীমূৰা	B-LOC
পাহাৰত	I-LOC
অৱস্থিত	O
।	O

ইয়াত	O
উদ্ধাৰ	O
হোৱা	O
শিলালিপি	O
অনুসৰি	O
স্বৰ্গদেউ	O
প্ৰমত্ত	B-PER
সিংহৰ	I-PER
আদেশ	O
মৰ্মে	O
তৰুণ	B-PER
দুৱৰা	I-PER
বৰফুকনে	I-PER
এই	O
মন্দিৰৰ	O
নিৰ্মাণ	O
কৰাইছিল	O
।	O

তাৰ	O
পাছতো	O
যি	O
কিছু	O
সম্পদ	O
থাকি	O
গ'ল	O
সেইখিনি	O
মানৰ	B-MISC
আক্ৰমণৰ	O
সময়ত	O
ধ্বংস	O
হ'ল	O
।	O

উদ্যানৰ	O
বিল	O
-	O
গছ	O
-	O
ঘাঁহনিৰ	O
নৈসৰ্গিক	O
দৃশ্যাৱলীক	O
নামনি	O
হিমালয়ৰ	B-LOC
শৃংগসমূহে	O
আৱৰি	O
ৰাখিছে	O
।	O

গুৱাহাটীৰ	B-LOC
চিটী	O
বাছ	O
সেৱা	O
অতি	O
সুবিধাজনক	O
।	O

এই	O
মন্দিৰৰ	O
প্ৰাংগণত	O
থকা	O
এক	O
শিলালিপি	O
অনুসৰি	O
১৭৫২	B-DATE
চনত	I-DATE
আহোম	O
স্বৰ্গদেউ	O
ৰাজেশ্বৰ	B-PER
সিংহই	I-PER
মন্দিৰটো	O
ন	O
-	O
কৈ	O
নিৰ্মাণ	O
কৰোৱাইছিল	O
বুলি	O
জনা	O
যায়	O
।	O

অতি	O
অনুপম	O
স্থাপত্য	O
আৰু	O
ঐশ্বৰ্যময়	O
বৌদ্ধ	B-MISC
সংস্কৃতিৰ	O
স্পৰ্শই	O
এই	O
মঠবোৰক	O
আকৰ্ষণীয়	O
ৰূপ	O
দান	O
কৰিছে	O
।	O

এই	O
বনাঞ্চলখনক	O
অসম	B-ORG
চৰকাৰএ	I-ORG
১৯৯৬	B-DATE
চনত	I-DATE
বন্যপ্ৰাণী	O
অভয়াৰণ্য	O
আৰু	O
১৯৯৯	B-DATE
চনৰ	I-DATE
আগষ্ট	O
মাহত	O
পক্ষী	O
উদ্যান	O
হিচাপে	O
স্বীকৃতি	O
দিয়ে	O
।	O

ৰাজমোহন	B-PER
নাথ	I-PER
,	O
তত্বভূষণৰ	O
গৌৰৱময়	O
অসম'ত	B-LOC
এই	O
কেতেকেশ্বৰ	O
সম্পৰ্কে	O
ফটোৰে	O
সৈতে	O
উল্লেখ	O
আছে	O
এই	O
বুলি	O
-	O
এই	O
দীঘল	O
আৰু	O
পঞ্চমূখী	O
শিৱলিংগটো	O
ভূতি	B-PER
বৰ্ম্মা	I-PER
আদি	O
কামৰূপীয়	O
ৰজা	O
সকলে	O
পূজা	O
কৰা	O
হাটকেশ্বৰ	O
শিৱ	O
লিংগ	O
বুলি	O
অনুমান	O
হয়	O
।	O

১৫১৬	B-DATE
-	I-DATE
১৭	I-DATE
চন	I-DATE
মানত	O
শংকৰদেৱে	B-PER
নিৰাপত্তাজনিত	O
কাৰণত	O
বৰদোৱা	B-LOC
ত্যাগ	O
কৰে	O
।	O

তেওঁ	O
তাব্ৰিজৰ	B-LOC
বাদশ্বাহ	O
আছিল	O
।	O

দেউতাকৰ	O
নাম	O
পাপু	B-PER
য়োৰুং	I-PER
।	O

ৱাছিংটন	B-LOC
জৰ্জ	B-PER
ৱাছিংটনৰ	I-PER
সপোন	O
আৰু	O
সাধনাৰ	O
থল	O
,	O
পৃথিৱীৰ	O
আটাইতকৈ	O
শক্তিশালী	O
দেশখনৰ	O
ৰাজধানী	O
,	O
সমসত	O
ক্ষমতা	O
য'ত	O
স্তুপিকৃত	O
হৈ	O
আছে	O
।	O

ই	O
গুৱাহাটীৰ	B-LOC
পৰা	O
প্ৰায়	O
১৭৬	O
কিলোমিটাৰ	O
নিলগত	O
বাক্সা	B-LOC
জিলাৰ	O
উত্তৰাঞ্চলত	O
,	O
ভূটান	B-LOC
পৰ্বতৰ	I-LOC
পাদদেশত	O
অৱস্থিত	O
।	O

নগাঁও	B-LOC
জিলাত	O
৭০.১৩	O
বৰ্গ	O
কি:মি:	O
মাটিৰে	O
লাওঁখোৱা	B-LOC
অভয়াৰণ্য	I-LOC
অৱস্থিত	O
।	O

নগাঁও	B-LOC
জিলাৰ	O
বৰদোৱা	B-LOC
এখন	O
উল্লেখযোগ্য	O
বৈষ্ণৱ	B-MISC
সত্ৰ	O
।	O

১৭৫৬	B-DATE
খ্ৰীষ্টাব্দত	I-DATE
আহোম	O
স্বৰ্গদেউ	O
ৰাজেশ্বৰ	B-PER
সিংহয়ে	I-PER
তেওঁৰ	O
ৰাজকীয়	O
ভ্ৰমণত	O
দীৰ্ঘেশ্বৰী	B-LOC
দেৱালয়	I-LOC
দৰ্শন	O
কৰিছিল	O
।	O

দুলীয়াজানৰপৰা	B-LOC
এই	O
মন্দিৰলৈ	O
১০	O
কিলোমিটাৰ	O
আৰু	O
তিনিচুকীয়া	B-LOC
নগৰৰপৰা	O
২৫	O
কিলোমিটাৰ	O
দূৰত্ব	O
।	O

আমি	O
যে	O
আমেৰিকালৈ	B-LOC
আহিছো	O
পাহৰিয়ই	O
গলো	O
।	O

পূব	B-LOC
ভাৰতৰ	I-LOC
দৰে	O
অন্যান্য	O
প্ৰান্তৰ	O
দৰে	O
কামাখ্যা	B-LOC
ধামৰো	I-LOC
ব্ৰাহ্মণ	O
বিধৱাসকলে	O
অম্বুবাচী	B-MISC
প্ৰবৃত্তিৰ	O
পৰা	O
নিবৃত্তিৰ	O
পিছতো	O
দেৱীৰ	O
ভোগ	O
শেষ	O
নোহোৱা	O
পৰলৈকে	O
ফলাহাৰ	O
গ্ৰহণ	O
কৰি	O
থাকে	O
।	O

এই	O
ঠাইৰ	O
প্ৰেমৰ	O
পৰী	O
দেশী	O
-	O
বিদেশী	O
পৰ্যটক	O
বিশাখাপট্টনমত	B-LOC
আহি	O
ভিৰ	O
কৰেহি	O
।	O

লাডাখৰ	B-LOC
থিকাছে	B-LOC
মঠ	I-LOC
,	O
হেমিক	B-LOC
মঠ	I-LOC
,	O
লেহ	B-LOC
,	O
পেলেচ	O
আদি	O
পৰ্যটকৰ	O
কাৰণে	O
অতি	O
আকৰ্ষণীয়	O
স্থান	O
।	O

মাৰাঠীৰ	B-MISC
বাবে	O
যিদৰে	O
গণপতি	B-MISC
পূজা	I-MISC
গুৰুত্বপূৰ্ণ	O
,	O
ঠিক	O
সেইদৰে	O
গুজৰাটীৰ	B-MISC
বাবে	O
নৱৰাত্ৰী	B-MISC
হৈছে	O
প্ৰধান	O
উৎসৱ	O
।	O

ৰণবীৰেশ্বৰ	B-LOC
মন্দিৰৰ	I-LOC
পৰা	O
ৰণবীৰেশ্বৰ	B-LOC
মন্দিৰৰ	I-LOC
সচিবালযৰ	O
সন্মুখত	O
অৱস্থিত	O
আন	O
এটা	O
লেখত	O
লৰবলগীযা	O
মন্দিৰ	O
হল	O
ৰণবীৰেশ্বৰ	B-LOC
মন্দিৰ	I-LOC
।	O

ডিব্ৰুগড়	B-LOC
-	O
তিনিচুকীয়া	B-LOC
বাইপাছ	O
পথৰ	O
খনিকৰৰ	O
মহাত্মা	B-LOC
গান্ধী	I-LOC
উদ্যানৰ	I-LOC
ওচৰত	O
অৱস্থিত	O
এই	O
মন্দিৰৰ	O
উচ্চতা	O
৮৫	O
ফুট	O
।	O

বৌদ্ধ	B-MISC
ধৰ্মী	O
টাইফাকেসকলৰ	B-MISC
ধৰ্মীয়	O
উৎসৱ	O
অনুষ্ঠানবোৰো	O
ভ্ৰমণকাৰীৰ	O
কাৰণে	O
আকৰ্ষণৰ	O
অন্যতম	O
উৎসৱ	O
হ'ব	O
পাৰে	O
।	O

বাথৌ	B-MISC
পূজা	I-MISC
অসমৰ	B-LOC
বড়ো	B-MISC
-	O
কছাৰীসকলৰ	B-MISC
এক	O
গুৰুত্বপূৰ্ণ	O
ধৰ্মীয়	O
উৎসৱ	O
।	O

লোকপ্ৰবাদ	O
অনুসৰি	O
,	O
দীঘলীপুখুৰী	B-LOC
প্ৰকৃততে	O
প্ৰাগজ্যোতিষপুৰৰ	B-LOC
ৰজা	O
ভগদত্তই	B-PER
ব্ৰহ্মপুত্ৰৰ	B-LOC
পৰা	O
এটা	O
সুঁতি	O
খান্দি	O
সৃষ্টি	O
কৰিছিল	O
।	O

১৫৪০	B-DATE
চনত	I-DATE
স্বৰ্গদেউ	O
চুক্লেংমুঙে	B-PER
এই	O
ঘৰটোৰ	O
নিৰ্মাণ	O
আৰম্ভ	O
কৰিছিল	O
।	O

স্থল	O
পুৰাণৰ	O
মতে	O
এসময়ত	O
মৃত্যুৰ	O
দেৱতা	O
যমৰাজে	B-PER
ব্ৰহ্মাৰ	B-PER
কাষলৈ	O
অভিযোগ	O
দাখিল	O
কৰে	O
যে	O
কামৰূপ	B-LOC
অঞ্চলৰ	O
পৰা	O
কোনেও	O
নৰকলৈ	O
যোৱা	O
নাই	O
।	O

মানস	B-LOC
ৰাষ্ট্ৰীয়	I-LOC
উদ্যান	I-LOC
বা	O
মানাহ	B-LOC
ৰাষ্ট্ৰীয়	I-LOC
উদ্যান	I-LOC
অসমৰ	B-LOC
এক	O
অন্যতম	O
ৰাষ্ট্ৰীয়	O
উদ্যান	O
,	O
ইউনেস্কোৰ	B-ORG
দ্বাৰা	O
স্বীকৃত	O
প্ৰাকৃতিক	O
বিশ্ব	O
ঐতিহ্যবাহী	O
স্থান	O
,	O
ব্যাঘ্ৰ	O
প্ৰকল্প	O
সংৰক্ষিত	O
বনাঞ্চল	O
,	O
হস্তী	O
সংৰক্ষিত	O
বনাঞ্চল	O
,	O
তথা	O
বায়'ছফিয়েৰ	O
ৰিজাৰ্ভ	O
।	O

১৬৯৭	B-DATE
চনৰ	I-DATE
ডিচেম্বৰ	O
মাহত	O
স্বৰ্গদেউ	O
ৰুদ্ৰ	B-PER
সিংহয়ে	I-PER
৪৫	O
দিনৰ	O
অন্তত	O
ৰংপুৰৰ	B-LOC
ৰাজধানীত	O
জয়সাগৰ	B-LOC
পুখুৰীৰ	I-LOC
খনন	O
সম্পূৰ্ণ	O
কৰিছিল	O
।	O

মোৰ	O
বাবে	O
চৌখামৰ	B-LOC
প্ৰধান	O
আকৰ্ষণ	O
আছিল	O
ইয়াৰ	O
বৌদ্ধ	B-MISC
মঠ	O
।	O

ইয়াৰ	O
দুটা	O
ক'ৰ	O
এলেকা	O
ক্ৰমে	O
নামেৰী	B-LOC
ৰাষ্ট্ৰীয়	I-LOC
উদ্যান	I-LOC
আৰু	O
ছেটেলাইট	O
ক'ৰ	O
সোণাই	B-LOC
-	I-LOC
ৰূপাই	I-LOC
বন্যপ্ৰাণী	I-LOC
অভয়াৰণ্য	I-LOC
নামেৰী	B-LOC
ৱাইল্ডলাইফ	I-LOC
ৰেঞ্জ	I-LOC
আৰু	O
কালামাটি	B-LOC
বন্যপ্ৰাণী	I-LOC
ৰেঞ্জৰ	I-LOC
নিয়ন্ত্ৰণাধীন	O
।	O

উত্তৰে	O
মানহ	B-LOC
নদী	I-LOC
তথা	O
ভূটান	B-LOC
ৰাজ্য	O
,	O
দক্ষিণে	O
বাঁহবাৰী	B-LOC
,	O
পালসিগুৰি	B-LOC
আৰু	O
কাটাঝাৰ	B-LOC
গাঁও	O
,	O
পশ্চিমে	O
সোণকোষ	B-LOC
নদীৰ	I-LOC
পৰা	O
পূৱে	O
ধনশিৰি	B-LOC
নদীলৈকে	I-LOC
এই	O
ৰাষ্ট্ৰীয়	O
উদ্যানখন	O
বিস্তৃত	O
হৈ	O
আছে	O
।	O

এছিয়াৰ	B-LOC
ভিতৰত	O
প্ৰথম	O
আৰু	O
দক্ষিণ	B-LOC
কেৰিয়াৰ	I-LOC
একমাত্ৰ	O
এই	O
প্ৰত্যীকাত্মক	O
পাৰ্কখন	O
প্ৰায়	O
পাঁচ	O
একৰ	O
মাটিত	O
অৱস্থিত	O
।	O

১৫৭০	B-DATE
চনতে	I-DATE
স্থাপিত	O
সুন্দৰীদিয়া	B-LOC
সত্ৰ	I-LOC
বৰপেটা	B-LOC
সত্ৰৰ	I-LOC
উত্তৰ	O
-	O
পূব	O
কোণত	O
বৰপেটা	B-LOC
-	I-LOC
ভবানীপুৰ	I-LOC
পথত	I-LOC
বৰপেটা	B-LOC
সত্ৰৰ	I-LOC
পৰা	O
প্ৰায়	O
তিনিকিলোমিটাৰ	O
দূৰৈত	O
অৱস্থিত	O
।	O

শৃংগ	B-PER
মুণিয়ে	I-PER
ইয়াত	O
তপস্যা	O
কৰি	O
শেষত	O
আশ্ৰম	O
পাতিছিল	O
বুলি	O
জনা	O
যায়	O
।	O

এই	O
দৃশ্যই	O
হলষ্টেদৰ	B-PER
মনত	O
বাৰুকৈ	O
পীড়া	O
কৰিছিল	O
।	O

কিছুমানৰ	O
মতে	O
শিৱৰ	B-PER
ক্ৰোধাগ্নিত	O
ভষ্ম	O
হোৱা	O
কামদেৱে	B-PER
ইয়াতে	O
পূৰ্বৰ	O
ৰূপ	O
ঘূৰাই	O
পাইছিল	O
আৰু	O
পত্নী	O
ৰতিদেৱীৰ	B-PER
সৈতে	O
মিলিত	O
হৈছিল	O
বাবেই	O
এই	O
নাম	O
হ'ল	O
।	O

ডিব্ৰু	B-LOC
,	O
নদিহিং	B-LOC
,	O
লোহিত	B-LOC
,	O
কুণ্ডিল	B-LOC
,	O
চিয়াং	B-LOC
আদি	O
নদীয়ে	O
উদ্যানখনক	O
আগুৰি	O
আছে	O
।	O

১৮৭৬	B-DATE
চনত	I-DATE
চেকনীধৰা	B-LOC
গাঁৱত	O
ডি.	B-PER
স্লিমনৰ	I-PER
দ্বাৰা	O
এই	O
জিমখানা	O
ক্লাবটো	O
স্থাপন	O
কৰা	O
হৈছিল	O
।	O

বামুণী	B-LOC
পাহাৰ	I-LOC
অসমৰ	B-LOC
তেজপুৰ	B-LOC
নগৰৰ	O
দক্ষিণ	O
-	O
পূব	O
কোণত	O
অৱস্থিত	O
।	O

শ্ৰী	B-LOC
সূৰ্য	I-LOC
পাহাৰত	I-LOC
বিচাৰি	O
পোৱা	O
এই	O
কুণ্ডটো	O
সম্ভৱত	O
প্ৰাকৃতিক	O
গুহাত	O
খোদিত	O
কৰা	O
জৈন	B-MISC
দেৱতাৰ	O
উপাসনা	O
কৰিব	O
যোৱাৰ	O
আগত	O
ভক্ত	O
তথা	O
ভিখাৰীসকলৰ	O
দ্বাৰা	O
স্নান	O
কৰিবলৈ	O
আৰু	O
অন্যান্য	O
দৈনিক	O
ওযু	O
কৰিবলৈ	O
ব্যৱহৃত	O
হৈছিল	O
।	O

১১৯০	B-DATE
শকত	I-DATE
ৰজা	O
হৈয়েই	O
আহোম	O
স্বৰ্গদেও	O
চুতেওফা	B-PER
এই	O
স্থানত	O
ফুৰিবলৈ	O
আহি	O
এই	O
দেওশালৰ	O
আধ্যাত্মিকতা	O
উপলব্ধি	O
কৰি	O
বৰ	O
দেউৰী	O
,	O
সৰু	O
দেউৰী	O
,	O
দেওঘৰীয়া	O
,	O
আঠপৰীয়া	O
,	O
তেলী	O
,	O
মালি	O
,	O
নাপিত	O
,	O
কমাৰ	O
,	O
বলিকটীয়া	O
,	O
বাৰিচোৱা	O
,	O
বেলিচোৱা	O
,	O
চাউলকৰা	O
মানীতোলা	O
ইত্যাদিবোৰ	O
পদবীৰে	O
দেওশালৰ	O
ওচৰৰ	O
মানুহখিনিক	O
লৈ	O
পূজা	O
-	O
অৰ্চনাৰ	O
কাম	O
পুণৰ	O
আৰম্ভ	O
কৰে	O
।	O

বুঢ়ী	B-LOC
নৈৰ	I-LOC
কানৰ	O
পৰা	O
অনা	O
বাবেই	O
এইজনা	O
মূৰ্তিক	O
বুঢ়ীগোসানী	B-PER
বুলি	O
কয়	O
বুলি	O
অনুমান	O
কৰা	O
হয়	O
।	O

গুৱাহাটী	B-LOC
হৈছে	O
ভাৰতৰ	B-LOC
অসম	B-LOC
ৰাজ্যৰ	O
এখন	O
মহানগৰ	O
।	O

গুৱাহাটী	B-LOC
উত্তৰ	B-LOC
পূব	I-LOC
ভাৰতৰ	I-LOC
সাংস্কৃতিক	O
,	O
ৰাজনৈতিক	O
,	O
প্ৰশাসনিক	O
কাম	O
-	O
কাজৰো	O
এক	O
অন্যতম	O
কেন্দ্ৰ	O
।	O

হাফলং	B-LOC
ডিমা	B-LOC
-	I-LOC
হাছাও	I-LOC
জিলাৰ	O
সদৰ	O
।	O

পুৰণা	O
হায়দৰাবাদ	B-LOC
অৰ্থাৎ	O
গোলোকোণ্ডা	B-LOC
অঞ্চলত	O
অটোৰিক্সা	O
চলে	O
শ্বেয়াৰ	O
টেক্সি	O
হিচাপে	O
।	O

জন	B-ORG
হপচকিন	I-ORG
বিশ্ববিদ্যালয়ৰ	I-ORG
হালষ্টেড	B-PER
যেনেকৈ	O
এজন	O
মহান	O
প্ৰেমিক	O
আছিল	O
-	O
যাৰ	O
ফলস্বৰূপে	O
ৰবৰৰ	O
মোজা	O
নিৰ্মাণ	O
হৈছিল	O
,	O
তেনেকৈ	O
আন	O
এজন	O
দূৰন্ত	O
প্ৰেমিকৰ	O
বিফল	O
প্ৰেমৰ	O
ফলশ্ৰতিত	O
জ'ন	B-ORG
হ'পচনকিন	I-ORG
বিশ্ববিদ্যালয়ৰ	I-ORG
জন্ম	O
হৈছিল	O
।	O

ইয়াৰে	O
৮	O
-	O
টা	O
গঁড়	O
মানাহ	B-LOC
ৰাষ্ট্ৰীয়	I-LOC
উদ্যানলৈ	I-LOC
স্থানান্তৰ	O
কৰা	O
হয়	O
।	O

লগতে	O
অসম	B-ORG
চৰকাৰে	I-ORG
এই	O
ভৱনটোক	O
চন্দ্ৰকান্ত	O
সন্দিকৈ	O
ঐতিহ্য	O
ভৱন	O
বুলি	O
নামাকৰণ	O
কৰে	O
।	O

গুৱাহাটীৰ	B-LOC
দুটা	O
প্ৰধান	O
ৰেল	O
ষ্টেচন	O
গুৱাহাটী	B-FAC
ৰেল	I-FAC
ষ্টেচন	I-FAC
আৰু	O
কামাখ্যা	B-FAC
ৰেল	I-FAC
ষ্টেচনে	I-FAC
গুৱাহাটী	B-LOC
তথা	O
অসমক	B-LOC
বহি:ৰাজ্যৰ	O
লগত	O
ৰেলসেৱা	O
আগবঢ়াই	O
আহিছে	O
।	O

১৮৬৫	B-DATE
চনত	I-DATE
সজা	O
এই	O
বিশাল	O
ভৱনটো	O
দেখিবলৈ	O
ভিক্টোৰিয়া	B-LOC
মেমৰিয়লৰ	I-LOC
দৰে	O
।	O

পৰশুৰাম	B-PER
ভাৰতৰ	B-LOC
হেজাৰ	O
বছৰৰ	O
স্মৃতি	O
।	O

বাঘেশ্বৰী	B-LOC
দেৱালয়	I-LOC
বঙাইগাঁও	B-LOC
জিলাত	O
অৱস্থিত	O
।	O

মাইবং	B-LOC
চহৰখন	O
মাহুৰ	B-LOC
নৈৰ	I-LOC
পাৰত	O
এটা	O
পৰ্বতীয়া	O
অঞ্চলত	O
অৱস্থিত	O
।	O

প্ৰবাদ	O
অনুসৰি	O
তিৰুপতি	B-LOC
ভ্ৰমণৰ	O
বাবে	O
অহা	O
ৰামক	B-PER
স্বাগতম	O
কৰাৰ	O
বাবে	O
নিৰ্মাণ	O
কৰা	O
হৈছিল	O
।	O

গোটেই	O
ভৰতত	B-LOC
প্ৰথমে	O
এই	O
প্ৰযুক্তি	O
নতুন	B-LOC
দিল্লীৰ	I-LOC
নেহৰু	B-ORG
তাৰকাগৃহত	I-ORG
ব্যৱহাৰ	O
হৈছিল	O
আৰু	O
গুৱাহাটী	B-ORG
তাৰকাগৃহত	I-ORG
দ্বিতীয়বাৰৰ	O
বাবে	O
ব্যৱহাৰ	O
কৰা	O
হৈছিল	O
।	O

মন্দিৰটো	O
ৰজা	O
শিৱ	B-PER
সিংহৰ	I-PER
ৰাণী	O
ফুলেশ্বৰীৰ	B-PER
নিৰ্দেশ	O
অনুসৰি	O
ইটা	O
আৰু	O
পাথৰেৰে	O
নিৰ্মাণ	O
কৰা	O
হৈছিল	O
।	O

ড৹	O
ভূপেন	B-PER
হাজৰিকাই	I-PER
কাজিৰঙাক	B-LOC
উপলক্ষে	O
কৰি	O
এটা	O
গান	O
ৰচনা	O
কৰিছিল	O
।	O

১৮৯৭	B-DATE
চনৰ	I-DATE
ভূমিকম্পত	O
মন্দিৰটো	O
আংশিকভাৱে	O
ভাগিছিল	O
আৰু	O
ব্ৰিটিছ	O
গভৰ্নৰ	O
জেনেৰেল	O
কাৰ্জনে	B-PER
মন্দিৰটো	O
মেৰামতি	O
কৰাই	O
দিছিল	O
।	O

মহামায়া	B-LOC
ধাম	I-LOC
অসমৰ	B-LOC
কোকৰাঝাৰ	B-LOC
জিলাৰ	O
পৰ্বতযোৰা	B-LOC
মহকুমাৰ	O
বগৰীবাৰীত	B-LOC
অৱস্থিত	O
হিন্দু	B-MISC
ধৰ্মৰ	O
এক	O
প্ৰাচীন	O
মন্দিৰ	O
।	O

ইয়াৰ	O
পাছতো	O
কুশান	B-MISC
,	O
হুন	B-MISC
,	O
দ্ৰাবিড়	B-MISC
আৰু	O
লোহাৰ	B-MISC
আদি	O
জাতিবোৰে	O
বহু	O
বছৰ	O
ধৰি	O
কাশ্মীৰ	B-LOC
শাসন	O
কৰিছিল	O
।	O

১৮৮৯	B-DATE
চনৰ	I-DATE
কথা	O
।	O

মৰিয়নি	B-LOC
অৰণ্যখনৰ	O
সমীপৱৰ্তী	O
ৰেলৱে	O
ষ্টেচন	O
।	O

তাৰ	O
প্ৰধান	O
কাৰণ	O
হ'ল	O
কাল্‌কাৰ	B-LOC
পৰা	O
১০৫টা	O
সুৰংগৰ	O
মাজেৰে	O
যোৱা	O
পুতলা	O
ৰেলগাড়ীৰে	O
ভ্ৰমণ	O
।	O

তাৰ	O
পাছত	O
লাহে	O
লাহে	O
জন্মু	B-LOC
নগৰ	O
পৰিবৰ্ধিত	O
হৈ	O
আজিৰ	O
পৰ্যায়ত	O
উপনীত	O
হৈছেহি	O
।	O

আহোম	B-MISC
যুগত	O
পুনৰ	O
নিৰ্মাণ	O
কৰা	O
মন্দিৰটোৰ	O
গৰ্ভগৃহৰ	O
পূবা	O
-	O
পশ্চিমাকৈ	O
দৈঘ্য	O
বাহিৰে	O
৬০.৬	O
ফুট	O
আৰু	O
ভিতৰে	O
৪৮.৬	O
ফুট	O
,	O
উত্তৰা	O
-	O
দক্ষিণাকৈ	O
দৈঘ্য	O
বাহিৰে	O
৩৭.১১২	O
ফুট	O
আৰু	O
ভিতৰে	O
২৪.১২	O
ফুট	O
।	O

এইবোৰ	O
দেখি	O
শুনি	O
আমাৰ	O
গুৱাহাটী	B-ORG
বিশ্ববিদ্যালয়খন	I-ORG
কিবা	O
গোহালি	O
ঘৰ	O
যেন	O
লাগিল	O
।	O

তদুপৰি	O
কোকৰাঝাৰ	B-ORG
তাৰকাগৃহ	I-ORG
আৰু	I-ORG
বিজ্ঞান	I-ORG
কেন্দ্ৰ	I-ORG
,	O
নলবাৰী	B-LOC
আৰু	O
উত্তৰ	B-ORG
লক্ষিমপুৰ	I-ORG
উপ	I-ORG
-	I-ORG
আঞ্চলিক	I-ORG
তাৰকাগৃহ	I-ORG
আৰু	I-ORG
বিজ্ঞান	I-ORG
কেন্দ্ৰ	I-ORG
আৰু	O
মাজুলী	B-LOC
,	O
কলিয়াবৰ	B-LOC
,	O
আমিনগাঁও	B-LOC
,	O
বঙাইগাঁও	B-LOC
,	O
ডিফু	B-LOC
আৰু	O
শিলচৰত	B-LOC
ছটা	O
নতুন	O
তাৰকাগৃহ	O
নিৰ্মাণৰ	O
ইতিমধ্যে	O
পৰিকল্পনা	O
কৰা	O
হৈছে	O
।	O

দীঘলীয়া	O
দীনটোত	O
পুৰাকৈ	O
সদ্ব্যৱহাৰ	O
কৰিবৰ	O
বাবে	O
অনিলৰ	B-PER
নিৰ্দেশত	O
লাউঞ্জত	O
হাত	O
-	O
মুখ	O
দুই	O
ফ্ৰেছ	O
হৈ	O
চাহ	O
বা	O
ক'ফী	O
একোকাপ	O
খাই	O
আমাৰ	O
বাবে	O
অপেক্ষাৰত	O
ধুনীয়া	O
ভলভ'	O
বাছখনত	O
বহিলোঁ	O
।	O

খন্তেক	O
পিচতে	O
আমাৰ	O
কাষত	O
থকা	O
কাচৰ	O
দেৱালবোৰ	O
খোল	O
খাব	O
থিক	O
আলাউদ্দিন	B-PER
আৰু	O
৪০	O
জন	O
চোৰৰ	O
চিচিমফাক'ৰ	O
গল্পটোৰ	O
দৰে	O
।	O

মূৰ্তি	O
কঢ়িয়াই	O
অনা	O
মানুহজনে	O
অশ্বক্ৰান্তত	B-LOC
এদিন	O
জিৰণি	O
লওঁতে	O
ৰাতি	O
বিষ্ণুৱে	B-PER
মূৰ্তিটো	O
তাতে	O
স্থাপন	O
কৰিবলৈ	O
সপোনত	O
নিৰ্দেশ	O
দিলে	O
।	O

কাজিৰঙা	B-LOC
ৰাষ্ট্ৰীয়	I-LOC
উদ্যানত	I-LOC
৩৫	O
-	O
বিধ	O
স্তন্যপায়ী	O
প্ৰজাতিৰ	O
বসবাস	O
আৰু	O
প্ৰজনন	O
স্থলী	O
ইয়াৰে	O
১৫টা	O
প্ৰজাতি	O
প্ৰকৃতি	O
সংৰক্ষণৰ	O
আন্তৰ্জাতিক	O
সংঘৰ	O
আইইউচিএন	B-ORG
ৰেড	O
লিষ্ট	O
তালিকাত	O
বিপদশংকুল	O
বুলি	O
ঘোষিত	O
।	O

আনহাতে	O
প্ৰাচীন	O
কালৰ	O
শিলৰ	O
মন্দিৰটো	O
নিৰ্মাণশৈলীৰ	O
ওপৰত	O
নিৰ্ভৰ	O
কৰি	O
পুৰাতত্ত্ববিদ	O
ৰাখাল	B-PER
দাস	I-PER
বন্দোপাধ্যায়ে	I-PER
ষষ্ঠ	O
শতিকাৰ	O
বুলি	O
ঠাৱৰ	O
কৰিছিল	O
।	O

উৰছ	B-MISC
উৎসৱত	O
চুফী	B-MISC
গীত	I-MISC
,	O
জিকিৰ	B-MISC
আদি	O
গাই	O
আল্লাহ	B-PER
আৰু	O
ইছলামৰ	B-MISC
বাণী	O
প্ৰচাৰ	O
কৰা	O
হয়	O
।	O

কুঁৱৰী	B-LOC
পুখুৰীৰ	I-LOC
পূবত	O
হিলৈধাৰী	B-LOC
পুখুৰী	I-LOC
নামেৰে	O
আন	O
এটা	O
পুখুৰী	O
আছে	O
।	O

চীনা	O
পৰিব্ৰাজক	O
হিউ	B-PER
এন	I-PER
চাঙৰ	I-PER
মতে	O
পামিৰ	B-LOC
মালভূমিৰ	O
মধ্যভাগেই	O
হৈছে	O
জন্মু	B-LOC
দ্বীপ	O
।	O

পিছত	O
তেওঁক	O
চিলিত	B-LOC
বন্দী	O
কৰি	O
পেৰুলৈ	B-LOC
ঘূৰাই	O
পঠোৱা	O
হয়	O
।	O

পূৰ্বতে	O
যদিও	O
দ'দান	B-MISC
মেলাত	I-MISC
শাক্ত	O
পূজাৰ	O
প্ৰচলন	O
আছিল	O
,	O
সম্প্ৰতি	O
বৈষ্ণৱ	O
আচাৰ	O
-	O
নীতিৰে	O
পূজা	O
-	O
অৰ্চনা	O
কৰা	O
হয়	O
।	O

ই	O
৩৯নং	B-LOC
ৰাষ্ট্ৰীয়	I-LOC
ঘাইপথৰ	I-LOC
দাঁতিত	O
অৱস্থিত	O
।	O

হাৰ্হি	B-LOC
দেৱালয়	I-LOC
অসমৰ	B-LOC
লখিমপুৰ	B-LOC
জিলাৰ	O
অন্তৰ্গত	O
ঢকুৱাখানা	B-LOC
চহৰৰ	O
পৰা	O
প্ৰায়	O
চাৰি	O
কি:মি:	O
উত্তৰ	O
-	O
পূবে	O
হাৰ্হি	B-LOC
নদীৰ	I-LOC
পাৰত	O
অৱস্থিত	O
এক	O
দেৱালয়	O
।	O

এই	O
নৈবোৰ	O
উদ্যানখনৰ	O
দক্ষিণে	O
অৱস্থিত	O
ব্ৰহ্মপুত্ৰ	B-LOC
নদীত	I-LOC
মিলিত	O
হৈছে	O
।	O

জাপানী	B-MISC
পুৰণা	O
বাছৰ	O
আমদানী	O
ক্ৰমে	O
বাঢ়ি	O
অহাত	O
বাট	O
-	O
পথত	O
জাপানী	B-MISC
ট'টয়া	B-ORG
,	O
মিৎচুবিছি	B-ORG
,	O
নিছান	B-ORG
,	O
মাঝদা	B-ORG
আদি	O
বাছ	O
সততে	O
দেখা	O
পাইছিলোঁ	O
।	O

মহামায়া	B-PER
দেৱীলৈ	I-PER
সমৰ্পিত	O
দেই	O
মন্দিৰ	O
উল্লেখযোগ্য	O
শক্তি	O
পীঠ	O
হিচাপে	O
গণ্য	O
কৰা	O
হয়	O
।	O

এনেদৰে	O
আহি	O
আহি	O
মেচুকা	B-LOC
যাত্ৰাপথৰ	O
সৰ্বোচ্চ	O
ঠাইডোখৰত	O
আমি	O
উপস্থিত	O
হ'লো	O
।	O

এইবোৰৰ	O
ভিতৰত	O
উত্তৰ	B-LOC
-	I-LOC
পূৰ্বাঞ্চলৰ	I-LOC
অৰুণাচল	B-LOC
প্ৰদেশৰ	I-LOC
ইটানগৰৰ	B-FAC
চাৰ্কিট	I-FAC
হাউছৰ	I-FAC
আশে	O
-	O
পাশে	O
,	O
ত্ৰিপুৰাৰ	B-FAC
চাৰ্কিট	I-FAC
হাউচৰ	I-FAC
কাষতে	O
থকা	O
গৱৰ্নৰ্ছ	O
হাউছ	O
আৰু	O
কুঞ্জবন	B-LOC
নামৰ	O
ঠাইখিনি	O
,	O
কহিমা	B-LOC
চহৰৰ	O
আশে	O
-	O
পাশে	O
থকা	O
বিভিন্ন	O
ঠাইসমূহ	O
,	O
শ্বিলংৰ	B-LOC
ৱাৰ্ড	B-LOC
লেক	I-LOC
বা	O
আপাৰ	B-LOC
শ্বিলঙৰ	I-LOC
মানুহ	O
-	O
দুনুহ	O
নথকা	O
দীঘল	O
,	O
অকোৱা	O
-	O
পকোৱা	O
ৰাস্তাৰ	O
ওপৰেদি	O
,	O
মিজোৰামৰ	B-LOC
আইজাল	B-LOC
চহৰৰ	O
মাজেদি	O
ইম্ফলৰ	B-LOC
পুৰণি	O
আচাম	B-ORG
ৰাইফলচৰ	I-ORG
ভিতৰত	O
,	O
ছিকিমৰ	B-LOC
প্ৰায়	O
আটাইবোৰ	O
পথতে	O
আদি	O
ঠাইসমূহত	O
মোৰ	O
খোজকাঢ়ি	O
কিবা	O
ভাল	O
লাগে	O
।	O

মাৰ্চত	O
অনুষ্ঠিত	O
হোৱা	O
আন	O
এটা	O
উৎসৱ	O
হ'ল	O
পই	B-MISC
নেন	I-MISC
চাই	I-MISC
।	O

গুৱাহাটীত	B-LOC
বহুতো	O
বুৰঞ্জীমূলক	O
স্থান	O
আছে	O
।	O

বাহুদে	B-PER
নামৰ	O
এজন	O
ব্ৰাহ্মণে	O
দামোদৰ	B-PER
আতাক	I-PER
সত্ৰখনৰ	O
মাটিটুকুৰা	O
উপহাৰ	O
হিচাবে	O
দিছিল	O
।	O

প্ৰয়োজনীয়	O
সকলো	O
খা	O
-	O
খবৰ	O
আমাৰ	O
জোঁৱাই	O
চুনিয়েই	B-PER
কৰিলে	O
।	O

২০১২	B-DATE
চনৰ	I-DATE
তথ্য	O
অনুসৰি	O
পবিতৰা	B-LOC
অভয়াৰণ্যত	I-LOC
থকা	O
মুঠ	O
গঁড়ৰ	O
সংখ্যা	O
৯৩	O
।	O

ঠিক	O
টাৱাং	B-LOC
যাত্ৰাপথত	O
পোৱা	O
চেলাপাছৰ	B-LOC
দৰে	O
।	O

ক্ৰমে	O
দৌল	B-MISC
আৰু	O
ফাকুৱা	B-MISC
উৎসৱৰ	I-MISC
দিন	O
পালেহি	O
।	O

মাহুৰত	B-LOC
কাষতে	O
ৰেলপথত	O
থকা	O
১১	O
নং	O
সুৰংগটো	O
জিলাখনৰ	O
আটাইতকৈ	O
দীঘল	O
সুৰংগ	O
।	O

বাল্টিমোৰ	B-LOC
চহৰৰ	O
প্ৰসাৰ	O
আৰু	O
প্ৰগতি	O
বহুলাংশে	O
জনচ	B-PER
হপকিনচৰ	I-PER
দূৰদশিৰ্তা	O
আৰু	O
পৰিশ্ৰমৰ	O
ফল	O
।	O

স্বৰ্গদেউ	O
প্ৰমত্তসিংহই	B-PER
পশুযুঁজ	O
তথা	O
বিভিন্ন	O
অনুষ্ঠান	O
চাবৰ	O
বাবে	O
নিৰ্মাণ	O
কৰিছিল	O
।	O

এদিন	O
দিলে	O
লক্ষীমপুৰ	B-LOC
জিলা	O
বন্ধ	O
আৰু	O
আনদিনা	O
দিলে	O
ধেমাজি	B-LOC
জিলা	O
বন্ধ	O
।	O

অসমত	B-LOC
বাংলাদেশী	B-MISC
শব্দটো	O
তিক্ততাৰ	O
কাৰক	O
যদিও	O
,	O
ইয়াত	O
বাল্টিমোৰত	B-LOC
শব্দটো	O
কিবা	O
আপোন	O
যেন	O
লাগিল	O
।	O

অৰুণাচল	B-LOC
প্ৰদেশৰ	I-LOC
অতি	O
আকৰ্ষণীয়	O
তীৰ্থভূমিক	O
পৰ্যটনস্থলী	O
হিচাপে	O
গঢ়ি	O
তুলিবলৈ	O
অৰুণাচল	B-ORG
চৰকাৰে	I-ORG
বহুখিনি	O
কষ্ট	O
স্বীকাৰ	O
কৰিছে	O
।	O

পিছলৈ	O
তেওঁ	O
কেইবাজনো	O
আউলীয়াক	O
লগত	O
লৈ	O
ইছলাম	B-MISC
ধৰ্মৰ	O
বাণী	O
প্ৰচাৰ	O
কৰিবলৈ	O
অসমলৈ	B-LOC
আহি	O
হাজোৰ	B-LOC
গৰুড়াচল	B-LOC
পাহাৰৰ	I-LOC
শিখৰত	O
উপাসনা	O
স্থলী	O
স্থাপন	O
কৰে	O
।	O

ফুলমতীৰ	B-PER
নৃত্যত	O
সন্তুষ্ট	O
হৈ	O
স্বৰ্গদেউ	O
শিৱসিংহই	B-PER
ৰাজকাৰেংলৈ	O
নি	O
ফুলেশ্বৰী	B-PER
কুঁৱৰী	I-PER
আৰু	O
প্ৰমথেশ্বৰী	B-PER
নাম	O
দি	O
বৰৰজা	O
উপাধিৰে	O
অসমৰ	O
ৰানী	O
পাতিছিল	O
।	O

২০১১	B-DATE
চনৰ	I-DATE
পৰা	O
এই	O
সশস্ত্ৰ	O
সংগ্ৰামী	O
সকলে	O
আত্মসমৰ্পণ	O
তথা	O
অস্ত্ৰ	O
সম্বৰণ	O
কৰি	O
মূলসূঁতিলৈ	O
ঘূৰি	O
অহাৰ	O
বাবে	O
ইয়াত	O
বৰ্তমান	O
শান্তিৰ	O
পৰিবেশ	O
বিৰাজ	O
কৰিছে	O
।	O

অশোকাষ্টমীত	B-MISC
মন্ত্ৰ	O
মাতি	O
ব্ৰহ্মপুত্ৰত	B-LOC
স্নান	O
কৰি	O
উঠি	O
আঠোটা	O
অশোক	O
ফুলৰ	O
কলি	O
ভক্ষণ	O
কৰিলে	O
শোক	O
-	O
তাপ	O
দুৰ	O
হয়	O
বুলি	O
বিশ্বাস	O
আছে	O
।	O

মছজিদটোৰ	O
ভেটি	O
স্থাপন	O
কৰাৰ	O
সময়ত	O
মক্কাৰ	B-LOC
পৰা	O
এপোৱা	O
মাটি	O
আনি	O
আনি	O
ভেটিত	O
দিয়া	O
হৈছিল	O
।	O

১৩৪৪	B-DATE
খৃ:ত	I-DATE
গিয়াছুদ্দিনৰ	B-PER
মৃত্যুৰ	O
পিছত	O
গৰুড়াচলে	B-LOC
পূৰ্বতকৈও	O
অধিক	O
গুৰুত্ব	O
পালে	O
।	O

অতি	O
প্ৰাচীন	O
পৰিহৰেশ্বৰ	B-LOC
দেৱালয়ৰ	I-LOC
দেৱদাসী	O
নৃত্যৰ	O
নাচনীসমূহে	O
খোপাৰ	O
কেতেকী	O
ফুল	O
গুজি	O
নৃত্য	O
প্ৰদৰ্শন	O
কৰিছিল	O
।	O

১৯০৮	B-DATE
চনতেই	I-DATE
ব্ৰিটিছ	O
চৰকাৰে	O
মানাহক	B-LOC
সংৰক্ষিত	O
বনাঞ্চলৰূপে	O
গোষণা	O
কৰিছিল	O
।	O

শিৱসাগৰ	B-LOC
জিলাৰ	O
নাজিৰাত	B-LOC
অৱস্থিত	O
গৰখীয়া	B-LOC
দৌল	I-LOC
আহোম	O
স্বৰ্গদেউ	O
প্ৰতাপ	B-PER
সিংহৰ	I-PER
ৰাজত্বকালত	O
নিৰ্মিত	O
এটা	O
মন্দিৰ	O
-	O
বিশেষ	O
।	O

৩১	B-LOC
নং	I-LOC
ৰাষ্ট্ৰীয়	I-LOC
ঘাই	I-LOC
পথে	I-LOC
গুৱাহাটী	B-LOC
তথা	O
অসমক	B-LOC
বিহাৰ	B-LOC
,	O
ঝাৰখণ্ড	B-LOC
আৰু	O
পশ্চিম	B-LOC
বংগৰ	I-LOC
সৈতে	O
সংযোগ	O
কৰিছে	O
।	O

আমাৰ	O
বাবে	O
এয়াৰপ'ৰ্টত	O
মোৰ	O
বাইদেউৰ	O
ছোৱালী	O
ৰুমী	B-PER
আৰু	O
জোৱাই	O
চুনি	B-PER
ৰৈ	O
আছিল	O
।	O

ইয়াত	O
থকা	O
সৰা	O
গছৰ	O
পৰাই	O
এই	O
ঠাইৰ	O
নাম	O
সৰাগুৰি	B-LOC
হৈছিল	O
বুলি	O
জন	O
বিশ্বাস	O
আছে	O
।	O

দেৱী	B-LOC
দৌল	I-LOC
পুখুৰীৰ	O
উত্তৰ	O
-	O
পশ্চিম	O
কোণত	O
অৱস্থিত	O
।	O

অৱশ্যে	O
কোনো	O
অজ্ঞাত	O
কাৰণত	O
পৰিহৰেশ্বৰ	B-LOC
দেৱালয়ৰ	I-LOC
দেৱদাসী	B-MISC
নৃত্য	I-MISC
বন্ধ	O
হৈ	O
যায়	O
।	O

গোৱালপাৰা	B-LOC
নগৰৰ	O
প্ৰধান	O
ভাষা	O
হৈছে	O
গোৱালপৰীয়া	O
ভাষা	O
।	O

কিতাপখনে	O
১৯৯৬	B-DATE
চনৰ	I-DATE
থমাছ	B-MISC
কুক	I-MISC
ভ্ৰমণ	I-MISC
গ্ৰন্থ	I-MISC
বঁটা	I-MISC
আৰু	O
ফ্ৰান্সৰ	B-LOC
পৃশ	B-MISC
লিটাৰেইৰে	I-MISC
ডি'আমিচ	I-MISC
বঁটা	I-MISC
লাভ	O
কৰে	O
।	O

গুৱাহাটীৰ	B-LOC
পৰা	O
প্ৰকাশিত	O
জনপ্ৰিয়	O
দৈনিক	O
অসমীয়া	O
বাতৰিকাকতসমূহ	O
হ'ল	O
-	O
অসমীয়া	B-MISC
প্ৰতিদিন	I-MISC
,	O
দৈনিক	B-MISC
অসম	I-MISC
,	O
আমাৰ	B-MISC
অসম	I-MISC
,	O
দৈনিক	B-MISC
অগ্ৰদূত	I-MISC
,	O
দৈনিক	B-MISC
জনমভূমি	I-MISC
,	O
অসমীয়া	B-MISC
খবৰ	I-MISC
,	O
নিয়মীয়া	B-MISC
বাৰ্তা	I-MISC
,	O
গণ	B-MISC
অধিকাৰ	I-MISC
আৰু	O
দৈনন্দিন	B-MISC
বাৰ্তা	I-MISC
।	O

এই	O
পকী	O
বা	O
জ্যোতি	B-LOC
ভাৰতীৰ	I-LOC
স্থাপত্য	O
আৰু	O
নিৰ্মাণশৈলী	O
ৰাজস্থানী	B-MISC
আৰু	O
আহোম	B-MISC
যুগৰ	O
শৈলীৰ	O
সংমিশ্ৰণত	O
গঢ়ি	O
উঠিছে	O
।	O

ইয়াতেই	O
সতীৰ	B-PER
নাভি	O
মণ্ডল	O
পৰিছিল	O
বুলি	O
বিশ্বাস	O
কৰা	O
হয়	O
।	O

প্ৰায়	O
এশ	O
বছৰ	O
পৰম্পৰাগৰতভাৱেই	O
পৰিৱেশ	O
সচেতনতাৰ	O
কাৰণেই	O
মওলিনঙৰ	B-LOC
এক	O
অপৰূপ	O
সৌন্দৰ্যৰ	O
আদাৰ	O
আছে	O
।	O

১৬৯৪	B-DATE
চনত	I-DATE
স্বৰ্গদেউ	O
গদাধৰ	B-PER
সিংহই	I-PER
নিৰ্মাণ	O
কৰা	O
এই	O
মন্দিৰটোৱে	O
প্ৰাচীন	O
পুৰাকথা	O
আৰু	O
অসমৰ	B-LOC
কলা	O
,	O
সংস্কৃতিৰ	O
প্ৰতিফলন	O
স্ফাপত্যক	O
বহন	O
কৰি	O
আহিছে	O
।	O

নেঘেৰীটিং	B-LOC
শিৱদ'ল	I-LOC
গোলাঘাটৰ	B-LOC
মাজেৰে	O
যোৱা	O
৩৭নং	B-LOC
ৰাষ্ট্ৰীয়	I-LOC
ঘাইপথৰ	I-LOC
পৰা	O
মাত্ৰ	O
আধা	O
কি:মি:	O
আঁতৰৰ	O
অৱস্থিত	O
।	O

পিছত	O
আকৌ	O
১৫৫৩	B-DATE
চনত	I-DATE
মুছলমান	O
সেনাপতি	O
কালাপাহাৰে	B-PER
কামৰূপ	B-LOC
আক্ৰমণ	O
কৰি	O
কামাখ্যা	B-LOC
মন্দিৰ	I-LOC
ধ্বংস	O
কৰে	O
।	O

জাপানী	B-MISC
মানুহ	O
অনেক	O
।	O

কিছুমান	O
প্ৰত্নতাত্ত্বিকসকলে	O
বিশ্বাস	O
কৰে	O
যে	O
এখন	O
খোদিত	O
কৰা	O
শিলৰ	O
ফলক	O
,	O
যি	O
এতিয়া	O
শ্ৰী	B-LOC
সূৰ্য	I-LOC
মন্দিৰত	I-LOC
ৰখা	O
হৈছিল	O
আৰু	O
এইটো	O
সূৰ্য	O
হিচাপে	O
উপাসনা	O
কৰা	O
হ'ব	O
পাৰে	O
,	O
এইটো	O
সূৰ্য	B-LOC
মন্দিৰৰ	I-LOC
চাং	O
তৈয়াৰৰ	O
বিচ্ছিন্ন	O
অংশৰ	O
হ'ব	O
পাৰে	O
।	O

ইয়াত	O
প্ৰতিবছৰে	O
দৌলোৎসৱ	B-MISC
ধুমধামেৰে	O
পালন	O
কৰা	O
হয়	O
।	O

২০০৯	B-DATE
চনৰ	I-DATE
গণনাত	O
৮৪টা	O
গঁড়	O
পোৱা	O
গৈছিল	O
।	O

উদ্যানৰ	O
বৰ্তমান	O
চাৰিসীমাৰ	O
বাহিৰৰ	O
৪২৯	O
বৰ্গ	O
কি.	O
মি.	O
কাজিৰঙাৰ	B-LOC
লগত	O
সাঙুৰি	O
অইন	O
এখন	O
ৰাষ্ট্ৰীয়	O
উদ্যান	O
হিচাপে	O
স্বীকৃতি	O
দিয়া	O
হৈছে	O
।	O

ইয়াতেই	O
প্ৰথম	O
অসমীয়া	O
চলচ্চিত্ৰ	O
জয়মতীৰ	B-MISC
আখৰা	O
হৈছিল	O
।	O

তন্ত্ৰ	O
সাধনাৰ	O
বাবে	O
তান্ত্ৰিক	O
সকলে	O
দেৱী	O
তাৰাৰ	B-PER
পূজা	O
কৰে	O
।	O

এই	O
সময়ৰেপৰা	O
গোলকোণ্ডা	B-LOC
পৰিত্যক্ত	O
হ'বলৈ	O
ধৰে	O
আৰু	O
প্ৰায়	O
পৰিত্যক্ত	O
হৈ	O
পৰা	O
পূৰ্বৰ	O
ভাগনগৰ	B-LOC
হায়দৰাবদ	B-LOC
নামেৰে	O
বিকশিত	O
হ'বলৈ	O
ধৰে	O
।	O

কোনোৱা	O
এটা	O
ষ্টেচনত	O
নামি	O
সুৰংগ	O
এটাৰ	O
মাজেৰে	O
সুৰংগ	O
এটাৰ	O
মাজেৰে	O
খোজকাঢ়ি	O
গৈ	O
ব্ৰিটিছ	B-LOC
মিউজিয়াম	I-LOC
,	O
নেচনেল	B-LOC
হিষ্টৰি	I-LOC
অৱ	I-LOC
মিউজিয়াম	I-LOC
পালোঁগৈ	O
।	O

মৃৎশিল্প	O
,	O
মুখাশিল্প	O
,	O
বাঁহ	O
-	O
বেতৰ	O
শিল্প	O
,	O
গোগোল	O
গছ	O
আৰু	O
কুঁহিলা	O
গছৰ	O
পৰা	O
নিৰ্মিত	O
বিভিন্ন	O
সামগ্ৰীৰ	O
বাবেও	O
মাজুলী	B-LOC
জনাজাত	O
।	O

মাধবদেৱ	B-PER
থাকিবলৈ	O
লোৱা	O
ঘৰটো	O
আদি	O
ভিঠি	O
নামে	O
আজিও	O
পৰিচিত	O
।	O

দ্বিতীয়	O
,	O
প্ৰাচীন	O
কামৰূপত	B-LOC
বৌদ্ধৰ	B-PER
প্ৰভাৱ	O
দেশৰ	O
অন্যান্য	O
অঞ্চলৰ	O
তুলনাত	O
অনেক	O
আগতেই	O
আছিল	O
।	O

দেওপাহাৰ	B-LOC
ভাৰতৰ	B-LOC
অসমৰ	B-LOC
গোলাঘাট	B-LOC
জিলাৰ	O
নুমলীগড়ত	B-LOC
অৱস্থিত	O
পূৰাতাত্ত্বিক	O
স্থান	O
।	O

সেয়েহে	O
আমি	O
ক'ব	O
খোজো	O
নামচাঙৰ	B-MISC
অন্তেষপুৰ	I-MISC
কেৱল	O
এখনি	O
ধাৰাবাহিৰ	O
ৰচনাই	O
নহয়	O
ই	O
অসমৰ	B-LOC
পৰিৱেশ	O
আন্দোলনৰ	O
ইতিহাস	O
।	O

এক'লেণ্ড	B-LOC
অসমৰ	B-LOC
গুৱাহাটী	B-LOC
মহানগৰীৰ	O
পৰা	O
প্ৰায়	O
২১	O
কি:মি:	O
আৰু	O
লোকপ্ৰিয়	B-FAC
গোপীনাথ	I-FAC
বৰদলৈ	I-FAC
আন্তঃৰাষ্ট্ৰীয়	I-FAC
বিমানবন্দৰৰ	I-FAC
পৰা	O
২	O
কি:মি:	O
দূৰত্বত	O
পাটগাঁও	I-LOC
নামৰ	O
স্থানত	O
অৱস্থিত	O
এখন	O
জল	O
উদ্যান	O
।	O

হায়দৰাবাদ	B-LOC
নিঃসন্দেহেই	O
এতিয়া	O
নাইডু	O
নগৰ	O
।	O

মই	O
দৌৰি	O
চক্ৰবেহু	O
অন্যায়ভাৱে	O
ভেদ	O
কৰি	O
ডা:	O
বাচাৰৰ	B-PER
পিছ	O
ললো	O
।	O

জিলাৰূপে	O
ঘোষণাকৰা	O
পূৰ্বে	O
সামগ্ৰিকভাৱে	O
ই	O
ঐতিহাসিক	O
স্মৃতিচিহ্নৰে	O
পৰিপূৰ্ণ	O
শিৱসাগৰ	B-LOC
জিলা	O
আছিল	O
।	O

এসময়ত	O
মাজুলীৰ	B-LOC
ভৌগোলিক	O
মাটিকালি	O
১২৫০	O
বৰ্গ	O
কিলোমিটাৰ	O
আছিল	O
যদিও	O
ব্ৰহ্মপুত্ৰৰ	B-LOC
খহনীয়াত	O
এই	O
মাজুলীৰ	B-LOC
ভূখণ্ড	O
সংকীৰ্ণ	O
হৈ	O
২০১২	B-DATE
চনত	I-DATE
৫০৮°১৩	O
বৰ্গ	O
কিলোমিটাৰ	O
হৈ	O
পৰিছে	O
।	O

গোলাঘাটৰ	B-LOC
পৰা	O
ইয়ালৈ	O
দূৰত্ব	O
প্ৰায়	O
২৫ কি:মি:	O
।	O

ভাৰত	B-LOC
চৰকাৰে	I-LOC
নগৰাঞ্চলৰ	O
উন্নয়নৰ	O
বাবে	O
গঠন	O
কৰা	O
জৱাহৰলাল	B-MISC
নেহৰু	I-MISC
নেছনেল	I-MISC
আৰ্বান	I-MISC
ৰিনিৱেল	I-MISC
মিছনৰ	I-MISC
অধীনত	O
গুৱাহাটীয়েও	B-LOC
এক	O
পুঁজি	O
লাভ	O
কৰিব	O
।	O

স্থানীয়	O
লোকৰ	O
মতে	O
ইয়াত	O
ৰুদ্ৰ	B-PER
সিংহয়ে	I-PER
চাউনিত	O
থাকোঁতে	O
ৰাণী	O
আৰু	O
কুঁৱৰী	O
সকলে	O
ইয়াত	O
গা	O
ধুইছিল	O
।	O

লংকেশ্বৰ	B-LOC
দেৱালয়	I-LOC
কামৰূপ	B-LOC
জিলাত	O
অৱস্থিত	O
অসমৰ	B-LOC
অন্যতম	O
এক	O
শিৱ	B-PER
উপাসনাৰ	O
থলী	O
।	O

ঘৰৰ	O
পৰা	O
ওলায়ে	O
প্ৰথমে	O
আমি	O
ফুৰিবৰ	O
বাবে	O
টিকটৰ	O
ব্যৱস্থা	O
কৰিবলৈ	O
জুৰিখ	B-LOC
ৰেল	I-LOC
চিটি	I-LOC
পালোগৈ	O
।	O

লাডাখ	B-LOC
অনুপম	O
শোভাৰে	O
পৰিপূৰ্ণ	O
ঠাই	O
।	O

উল্লেখযোগ্য	O
আমাৰ	O
যাত্ৰাত	O
মাচু	B-LOC
-	I-LOC
পিচু	I-LOC
নাছিল	O
।	O

এই	O
দেৱালয়টো	O
নদীৰ	O
পানীয়ে	O
খহাই	O
নিয়াৰ	O
পিচত	O
১৬৮৭	B-DATE
শকত	I-DATE
স্বৰ্গদেউ	O
ৰাজেশ্বৰ	B-PER
সিংহই	I-PER
মন্দিৰটি	O
নেঘেৰিটিং	B-LOC
নামে	O
গিৰি	O
শিখৰত	O
সাজে	O
।	O

মন্দিৰৰ	O
বৰ্তমানৰ	O
পূজাৰী	O
হ'ল	O
ত্ৰিভূৱন	B-PER
পোদ্দৰ	I-PER
।	O

বৰ্তমান	O
এই	O
মন্দিৰৰ	O
লগতে	O
চতুৰ্থ	B-ORG
অসম	I-ORG
আৰক্ষী	I-ORG
বাহিনীৰ	I-ORG
চকী	O
আছে	O
।	O

মেচুকা	B-LOC
বুকুৰে	O
বৈ	O
আহিছে	O
।	O

তেওঁৰ	O
মৃতদেহ	O
টাই	B-MISC
-	I-MISC
আহোম	I-MISC
পদ্ধতিৰ	O
মৈদাম	O
দিবলৈ	O
চৰাইদেউলৈ	B-LOC
নিয়া	O
হৈছিল	O
।	O

সেইদিনাৰ	O
পৰা	O
ই	O
গুৱাহাটীৰ	B-LOC
সন্মানৰ	O
প্ৰতীক	O
হিচাপে	O
চিহ্নিত	O
হৈ	O
আহিছে	O
।	O

গুৱাহাটী	B-LOC
মহানগৰ	O
সমগ্ৰ	O
উত্তৰ	B-LOC
পূৰ্বাঞ্চলৰ	I-LOC
বাণিজ্যিক	O
কেন্দ্ৰবিন্দু	O
।	O

বব	B-PER
ক্ৰীচ	I-PER
নামৰ	O
এজন	O
লোক	O
আমাক	O
আগবঢাই	O
নিবলৈ	O
আহিল	O
।	O

টাইদাৰ	B-LOC
প্ৰেমত	O
প্ৰতিগৰাকী	O
ভ্ৰমণকাৰীয়েই	O
বিবোৰ	O
হয়	O
।	O

ডিমা	B-LOC
-	I-LOC
হাছাও	I-LOC
জিলাৰ	O
জনবসতিৰ	O
ঘনত্ব	O
অসমৰ	B-LOC
ভিতৰত	O
সৰ্বনিম্ন।	O
আৰবৰ	B-LOC
পৰা	O
অহা	O
বীৰ	O
গিয়াচুদ্দিন	B-PER
আউনিয়াৰ	I-PER
কবৰতে	O
পোৱামক্কা	B-LOC
হৈছে	O
-	O
উৰুচৰ	B-MISC
সময়ত	O
হিন্দুসকলো	O
তালৈ	O
যায়	O
-	O
যেনেকৈ	O
মাধৱ	O
প্ৰসংগনত	O
মাঘৰ	O
বৰদোমাহীৰ	O
মেলালৈ	O
অহা	O
হাজাৰ	O
হাজাৰ	O
মানুহৰ	O
মাজত	O
বৌদ্ধ	B-MISC
আৰু	O
মুছলমানো	B-MISC
থাকে	O
।	O

ই	O
নগাঁও	B-LOC
সদৰৰ	O
পৰা	O
৮৩	O
কি:	O
মি:	O
দূৰত্বত	O
আৰু	O
মৰিগাওঁ	B-LOC
সদৰৰ	O
পৰা	O
৩৮	O
কি:মি:	O
দূৰত্বত	O
অৱস্থিত	O
।	O

ব্ৰহ্মপুত্ৰৰ	B-LOC
উত্থিত	O
জলপৃষ্ঠৰ	O
লগত	O
উদ্যানৰ	O
পানী	O
একাকাৰ	O
হৈ	O
পৰে	O
।	O

স্বৰ্গদেউৰ	O
আদেশত	O
নামনি	B-LOC
অসম	I-LOC
আৰু	O
গুৱাহাটীৰ	B-LOC
তৰুণ	B-PER
দুৱৰা	I-PER
বৰফুকনৰ	I-PER
তত্ত্বাৱধানত	O
দীৰ্ঘেশ্বৰী	B-LOC
দেৱালয়ৰ	I-LOC
নিৰ্মাণ	O
কাৰ্য	O
চলিছিল	O
।	O

পিছত	O
১৬৮৭	B-DATE
খ্ৰীষ্টাব্দত	I-DATE
শিৱ	B-PER
সিংহই	I-PER
এই	O
দেৱালয়খন	O
পুনৰ	O
নিৰ্মাণ	O
কৰোৱায়	O
।	O

নুমলীগড়	B-FAC
ৰে'ল	I-FAC
ষ্টেচন	I-FAC
ইয়াৰ	O
নিকটৱৰ্তী	O
ৰে'ল	O
ষ্টেচন	O
।	O

কামৰূপ	B-LOC
জিলাত	O
অৱস্থিত	O
দিপৰমুখ	B-LOC
পক্ষী	I-LOC
অভয়াৰণ্য	I-LOC
।	O

ভিয়েটনামীসকলৰ	O
মাজত	O
তেওঁলোকৰ	O
নেতা	O
হো	B-PER
চি	I-PER
মিনৰ	I-PER
প্ৰতি	O
অপৰিসীম	O
শ্ৰদ্ধা	O
পৰিলক্ষিত	O
হ'ল	O
।	O

তাৰ	O
পৰৱৰ্তী	O
কালত	O
যোৰহাট	B-LOC
ব্ৰিটিছৰ	O
দখললৈ	O
আহে	O
আৰু	O
ডেভিদ	B-PER
স্কট	I-PER
,	O
কেপ্তেইন	O
ৰিচাৰ্দ	B-PER
আদি	O
চাহাবৰ	O
নেতৃত্বত	O
চহৰখনৰ	O
পুনৰ	O
নিৰ্মাণ	O
আৰম্ভ	O
হয়	O
।	O

বৰফুকনৰ	B-PER
ব্যক্তিগত	O
সচিব	O
মজিন্দাৰ	B-PER
বৰুৱাৰ	I-PER
বাসগৃহ	O
আছিল	O
বৰ্তমানৰ	O
উপায়ুক্তৰ	O
বাসভৱনৰ	O
ঠাইত	O
।	O

শংকৰাচাৰ্যৰ	B-LOC
মন্দিৰটো	I-LOC
ডাল	B-LOC
হ্ৰদৰ	I-LOC
পৰা	O
অতি	O
সহজে	O
কোনো	O
পৰ্যটকৰ	O
দৃষ্টিগোচৰ	O
হয়	O
।	O

আটলাণ্টিক	B-LOC
মহাসাগৰৰ	I-LOC
মাজত	O
সৰু	O
সৰু	O
জাহাজৰ	O
দ্ৰুত	O
অহা	O
-	O
যোৱা	O
।	O

পাতিতৰাৰ	O
পৰাই	O
পিছলৈ	O
পবিতৰা	B-LOC
হোৱা	O
বুলি	O
কয়	O
।	O

চৰিত	O
পুথিসমূহত	O
শংকৰদেৱ	B-PER
গাংমৌলৈ	B-LOC
কিয়	O
আহিছিল	O
তাৰ	O
বিষয়ে	O
কিছু	O
কথা	O
উল্লেখ	O
আছে	O
।	O

কিন্তু	O
ব্ৰহ্মপুত্ৰৰ	B-LOC
কাকূতি	O
মিনতিত	O
মুনি	O
ক্ষান্ত	O
হয়	O
আৰু	O
কয়	O
,	O
বছৰত	O
এদিন	O
তীৰ্থৰ	O
মৰ্যাদা	O
লাভ	O
কৰিবি	O
।	O

ইয়াৰ	O
পাছতেই	O
তেখেতে	O
স্বামী	O
ল'ৰ্ড	B-PER
কাৰ্জনক	I-PER
গঁড়ৰ	O
সংৰক্ষণৰ	O
বাবে	O
ব্যৱস্থা	O
কৰিবলৈ	O
পতিয়ন	O
নিয়ায়	O
।	O

প্ৰায়	O
১৪	O
একৰ	O
মাটিকালি	O
জুৰি	O
থকা	O
এই	O
সাংস্কৃতিক	O
প্ৰকল্পৰ	O
সজ্জা	O
ৰূপায়ণৰ	O
কাম	O
নেচনেল	B-ORG
ইনফৰ্মেটিক্স	I-ORG
চেণ্টাৰ	I-ORG
চাৰ্ভিচেছ	I-ORG
ইনকৰ্পৰেটিভ	I-ORG
নামৰ	O
এক	O
প্ৰতিষ্ঠানে	O
কৰিছিল	O
।	O

সুন্দৰীদিয়াত	B-LOC
থকা	O
মাধবদেৱৰ	B-PER
ভগ্নী	O
উৰ্বশীৰ	B-PER
ঘৰত	O
কিছুদিন	O
থাকি	O
পিছত	O
সেই	O
ঠাইৰ	O
চহকী	O
ব্যক্তি	O
খীৰা	B-PER
মৰলে	I-PER
দান	O
দিয়া	O
মাটিত	O
মাধবদেৱে	B-PER
ঘৰ	O
সাজি	O
থাকিবলৈ	O
লয়	O
।	O

এই	O
ৰাজবংশটোৱে	O
দশম	O
শতিকাৰ	O
পৰা	O
দ্বাদশ	O
শতিকাৰ	O
মাজভাগলৈ	O
কামৰূপত	B-LOC
শাসন	O
কৰিছিল	O
।	O

২০০৩	B-DATE
চনত	I-DATE
খানদং	O
শক্তিগৃহৰ	O
সমান্তৰালকৈ	O
২৫	O
মেগাৱাট	O
শক্তিম্পন্ন	O
আন	O
এটা	O
শক্তগৃহ	O
স্থাপন	O
কৰা	O
হয়	O
।	O

শক্তিৰ	B-PER
ককায়েক	O
পঞ্জাব	B-ORG
হাৰিয়ানা	I-ORG
উচ্চ	I-ORG
ন্যায়ালয়ৰ	I-ORG
অধিবক্তা	O
বলৰাম	B-PER
সিঙৰ	I-PER
সৈতে	O
কথা	O
পাতিছিলো	O
।	O

১৯৮৩	B-DATE
অসম	B-ORG
চৰকাৰে	I-ORG
কৰা	O
এক	O
চুক্তি	O
মৰ্ম্মে	O
পবিতৰা	B-LOC
অভয়াৰণ্যৰ	I-LOC
পৰা	O
উত্তৰ	B-LOC
প্ৰদেশৰ	I-LOC
দুধবা	B-LOC
অভয়াৰণ্যলৈ	I-LOC
৫টা	O
গড়	O
স্থানান্তৰ	O
কৰিবলৈ	O
থিৰাং	O
কৰে	O
।	O

১৯৯৮	B-DATE
চনৰ	I-DATE
১৫	B-DATE
নৱেম্বৰত	I-DATE
যেতিয়া	O
ইয়াক	O
আনুষ্ঠানিকভাৱে	O
ৰাষ্ট্ৰীয়	O
উদ্যান	O
হিচাপে	O
প্ৰতিষ্ঠা	O
কৰা	O
হৈছিল	O
তেতিয়া	O
আৰু	O
৭৫	O
কিলোমিটাৰ	O
যোগ	O
কৰা	O
হৈছিল	O
।	O

ইবিলাকৰ	O
উপৰিও	O
ডিব্ৰু	B-LOC
-	I-LOC
চৈখোৱা	I-LOC
ৰাষ্ট্ৰীয়	I-LOC
উদ্যানখন	I-LOC
অসম	B-ORG
চৰকাৰে	I-ORG
ৰাজ্যিক	O
জলজ	O
পশু	O
হিচাপে	O
স্বীকৃতি	O
দিয়া	O
লুপ্তপ্ৰায়	O
শিহুৰ	O
বাসস্থান	O
।	O

হলষ্টেডৰ	B-PER
অনুৰোধত	O
গুড	B-ORG
ইয়াৰ	I-ORG
কোম্পানীটোৱে	O
ৰবৰৰ	O
মোজা	O
তৈয়াৰ	O
কৰি	O
উলিয়ায়	O
।	O

কিন্তু	O
মই	O
আজিও	O
নাজানিলো	O
কি	O
কাৰণে	O
ফিউচাৰ	B-ORG
জেনেৰেচন	I-ORG
নামৰ	O
আন্তৰ্জাতিক	O
সংসথাটোৱে	O
এই	O
বিদেশ	O
যাত্ৰাৰ	O
বাবে	O
মোক	O
মনোনীত	O
কৰিলে	O
।	O

বশিষ্ঠাশ্ৰম	B-LOC
গুৱাহাটীৰ	B-LOC
অন্যতম	O
গুৰুত্বপূৰ্ণ	O
পীঠস্থান	O
।	O

ইয়াতে	O
ডিমাছা	B-MISC
-	O
কছাৰী	B-MISC
ৰাজ্যৰ	O
ৰাজধানী	O
আছিল	O
।	O

ৰুমীয়ে	B-PER
কণ	O
কণ	O
ল'ৰা	O
-	O
ছোৱালী	O
কেইটামানৰ	O
স্কুল	O
এখন	O
ঘৰতে	O
খুলি	O
চলাইছিল	O
।	O

ইতিমধ্যে	O
জুলি	B-PER
নিজৰ	O
ঘৰৰ	O
ওচৰ	O
চাপিছিল	O
যদিও	O
আমাৰ	O
পৰা	O
তাই	O
বিদায	O
নল'লে	O
।	O

জমিদাৰ	O
হাতীবৰ	B-PER
চৌধুৰীয়ে	I-PER
মহামায়া	B-PER
মূৰ্ত্তি	O
উদ্ধাৰ	O
কৰি	O
ধুবুৰী	B-LOC
জিলাৰ	O
বগুৰীবাৰীত	B-LOC
মহামায়া	B-LOC
থান	I-LOC
স্থাপন	O
কৰে	O
।	O

এই	O
কথাত	O
দুষ্ট	O
লোকৰ	O
কাৰ্যত	O
ব্যাঘাত	O
জন্মাত	O
তেওঁৰ	O
গাত	O
মদ	O
ধালি	O
দিয়াত	O
মহাদেৱে	B-PER
শৈল	O
ৰূপ	O
ধাৰণ	O
কৰে	O
।	O

ৰজাৰ	O
বৰ	O
জীয়াৰীৰ	O
নাম	O
আছিল	O
ৰাজকুমাৰী	O
পবিত্ৰা	B-PER
সিংহা	I-PER
।	O

ব্ৰহ্মপুত্ৰ	B-LOC
উপত্যকাৰ	O
দক্ষিণ	O
পাৰত	O
পঞ্চৰত্ন	B-LOC
,	O
বাৰ্ভিটা	B-LOC
গাঁও	O
আৰু	O
ভাইটবাড়ি	B-LOC
যেনে	O
ওচৰৰ	O
কিছুমান	O
অঞ্চলত	O
বৌদ্ধসকলৰ	B-MISC
অৱশেষ	O
পোৱা	O
যায়	O
,	O
তেওঁলোকে	O
এই	O
সত্যক	O
উন্নত	O
কৰে	O
।	O

ইয়াৰ	O
নিকটৱৰ্তী	O
ৰে'ল	O
ষ্টেচন	O
হৈছে	O
শিৱসাগৰ	B-FAC
টাউন	I-FAC
ৰে'ল	I-FAC
ষ্টেচন	I-FAC
।	O

বেঙেনাআটি	B-LOC
সত্ৰ	I-LOC
ইয়াৰ	O
পৰিৱেশ	O
কলাৰ	O
বাবে	O
বিখ্যাত	O
।	O

লোককথামতে	O
হৰি	B-MISC
-	I-MISC
হৰ	I-MISC
যুদ্ধ	I-MISC
বুলি	O
জনাজাত	O
দুই	O
প্ৰবল	O
প্ৰতাপী	O
দেৱতাৰ	O
এই	O
ৰক্তক্ষয়ী	O
যুদ্ধত	O
ইমানেই	O
মানুহৰ	O
মৃত্যু	O
হৈছিল	O
যে	O
যুদ্ধক্ষেত্ৰত	O
হেনো	O
তেজৰ	O
ঢল	O
যেন	O
উঠিছিল	O
।	O

এই	O
বাৰখন	O
আদিত্যক	O
ধাত্ৰী	B-PER
,	O
মিত্ৰ	B-PER
,	O
আৰ্যমন	B-PER
,	O
ৰুদ্ৰ	B-PER
,	O
বৰুণ	B-PER
,	O
সূৰ্য	B-PER
,	O
ভাগা	B-PER
,	O
বিবাসন	B-PER
,	O
পুশান	B-PER
,	O
সাবিত্ৰী	B-PER
,	O
ত্বস্ত্ৰী	B-PER
তথা	O
বিষ্ণু	B-PER
নামত	O
বাৰখন	O
সৌৰ	O
দেৱতা	O
হিচাপে	O
বৰ্ণনা	O
কৰা	O
হৈছে	O
।	O

পিছত	O
১৯৫৩	B-DATE
চনৰ	I-DATE
১	B-DATE
এপ্ৰিলত	I-DATE
অসম	B-ORG
চৰকাৰে	I-ORG
সংগ্ৰহালয়টোৰ	O
দায়িত্ব	O
লয়	O
।	O

শিলচৰ	B-LOC
আৰু	O
কৰিমগঞ্জৰ	B-LOC
পৰা	O
ইয়াৰ	O
দুৰত্ব	O
৪০	O
কি:মি:	O
।	O

কলকতাৰ	B-LOC
পৰা	O
দিঘালৈ	B-LOC
বাছেৰে	O
যাত্ৰা	O
আৰম্ভ	O
কৰিলে	O
চাৰি	O
বা	O
পাঁচ	O
ঘণ্টা	O
সময়	O
লাগে	O
।	O

শীতৰ	O
আগমনৰ	O
লগে	O
লগে	O
বিভিন্ন	O
স্থানৰ	O
বিভিন্ন	O
পক্ষীৰ	O
ডিব্ৰু	B-LOC
-	I-LOC
ছৈখোৱা	I-LOC
ৰাষ্ট্ৰীয়	I-LOC
উদ্যানলৈ	I-LOC
আগমন	O
ঘটে	O
।	O

এইবোৰ	O
দেখি	O
মেলি	O
হোটেল	B-FAC
গাৰুত	I-FAC
ক্লাচ	O
মোৰাচৰ	O
সভাপতি	O
,	O
কোষাধ্যক্ষা	O
আৰু	O
সদস্যা	O
সকলৰ	O
লগত	O
আমি	O
মিলিত	O
হ'লো	O
।	O

কিছু	O
সংখ্যক	O
বুৰঞ্জীবিদৰ	O
মতে	O
কাজিৰঙা	B-LOC
কাৰ্বি	B-MISC
ভাষাৰ	O
কাজিৰ	O
-	O
এ	O
-	O
ৰং	O
শব্দৰপৰা	O
আহিছে	O
।	O

বিয়াৰ	O
পিছত	O
কাৰ্কতীক	B-PER
এৰি	O
কুম্ভকৰ্ণ	B-PER
যুদ্ধলৈ	O
ৰাওনা	O
হয়	O
।	O

এজন	O
গৰখীয়াই	O
এই	O
ঠাই	O
ৰজাৰ	O
প্ৰতিনিধিক	O
দেখুৱাই	O
দিছিল	O
বাবে	O
১১৪৩	B-DATE
চনত	I-DATE
এই	O
ঠাই	O
চিহ্নিত	O
হয়	O
গোলকোণ্ডা	B-LOC
নামেৰে	O
।	O

এনথেমৰ	B-ORG
পৰা	O
ওলাই	O
আমি	O
ওচৰতে	O
থকা	O
অন্য	O
কেইবাটাও	O
ক্ষুদ্ৰ	O
উদ্যোগৰ	O
কাম	O
-	O
কাজ	O
প্ৰত্যক্ষ	O
কৰিছিলো	O
।	O

আমাৰ	O
বিশেষভাৱে	O
ভাল	O
লাগিছিল	O
লেৰিয়া	B-LOC
এৰিয়া	I-LOC
নামৰ	O
অকোৱা	O
-	O
পকোৱা	O
ৰাস্তাৰে	O
খোজকাঢ়ি	O
নতুৱা	O
কলম্বো	B-LOC
নামৰ	O
সাগৰৰ	O
পাৰতে	O
থকা	O
চহৰ	O
দুখনত	O
ভাৰত	B-LOC
মহাসাগৰৰ	I-LOC
পাৰে	O
পাৰে	O
খোজকাঢ়ি	O
আৰু	O
লগতে	O
নিৰ্মল	O
বায়ু	O
সেৱন	O
কৰি	O
কেইটামান	O
ফ্ৰী	O
-	O
হেণ্ড	O
ব্যায়াম	O
কৰি	O
।	O

সুয়োগটো	O
পাই	O
মই	O
য়ে	O
বিল	B-PER
ক্লিন্টনক	I-PER
লগ	O
পাইছিলোঁ	O
আৰু	O
লগতে	O
নেলচন	B-PER
মাণ্ডেলাকো	I-PER
,	O
সেই	O
কথাটোও	O
তেওঁক	O
কলোঁ	O
।	O

আমি	O
ঘূৰি	O
-	O
ফুৰি	O
ৰাতি	O
গীতাক	B-PER
ফোন	O
কৰোঁ	O
তেওঁ	O
আহি	O
আমাক	O
লৈ	O
যায়হি	O
।	O

বৰাইল	B-LOC
অভয়াৰণ্য	I-LOC
অসমৰ	B-LOC
কাছাৰ	B-LOC
জিলাত	O
অৱস্থিত	O
এখন	O
বন্যপ্ৰাণী	O
অভয়াৰণ্য	O
।	O

ইয়াৰোপৰি	O
দা	O
ধৰোৱা	O
শিল	O
,	O
গণেশৰ	B-PER
মূৰ্তি	O
থকা	O
খুটা	O
ইত্যাদিবোৰো	O
শেহতীয়াকৈ	O
উদ্ধাৰ	O
হৈছে	O
।	O

তেজপুৰ	B-LOC
শোণিতপুৰ	B-LOC
জিলাৰ	O
এখন	O
প্ৰধান	O
নগৰ	O
আৰু	O
সদৰ	O
।	O

ড॰	O
জে	B-PER
পি	I-PER
ৱেডে	I-PER
অষ্টাদশ	O
শতিকাতে	O
মাজুলী	B-LOC
শব্দটো	O
ব্যৱহাৰ	O
কৰিছিল	O
।	O

বিশ্বৰ	O
বৃহত্তম	O
নদীদ্বীপ	O
মাজুলী	B-LOC
ভূখণ্ড	O
অনন্য	O
নৈসৰ্গ	O
আৰু	O
সাংস্কৃতিক	O
ঐতিহ্যৰ	O
বাবেও	O
সমানে	O
জনপ্ৰিয়	O
।	O

লিখিত	O
ভাষা	O
সংস্কৃত	O
আৰু	O
হৰফ	O
উত্তৰ	B-LOC
ভাৰতীয়	I-LOC
ব্ৰাহ্মী	B-MISC
।	O

উমৰাংছু	B-LOC
চহৰখনে	O
কেইবা	O
দশকো	O
ধৰি	O
সন্ত্ৰাসবাদৰ	O
সমস্যাৰ	O
সৈতে	O
যুঁজি	O
আছে	O
,	O
বিভিন্ন	O
গোষ্ঠীগত	O
সংঘৰ্ষ	O
আৰু	O
সশস্ত্ৰ	O
সংগ্ৰামে	O
জনজীৱন	O
ব্যতিবস্ত	O
কৰি	O
আহিছে	O
।	O

তেতিয়া	O
ভগৱান	O
বিষ্ণুয়ে	B-PER
সুদৰ্শন	O
চক্ৰৰে	O
সতীৰ	B-PER
দেহ	O
টুকুৰা	O
টুকৰকৈ	O
কাটি	O
পেলালে	O
।	O

পৰশুৰামে	B-PER
যিখন	O
কুঠাৰেৰে	O
মাকৰ	O
শিৰচ্ছেদ	O
কৰিছিল	O
সেই	O
কুঠাৰখন	O
হাতত	O
লাগি	O
ধৰে	O
।	O

মন্দিৰৰ	O
মূল	O
উপাস্য	O
মহাপ্ৰভু	O
জগন্নাথৰ	B-PER
লগতে	O
বলভদ্ৰ	B-PER
,	O
সুভদ্ৰা	B-PER
,	O
শিৱ	B-PER
,	O
গণেশ	B-PER
,	O
হনুমান	B-PER
আৰু	O
দেৱী	O
মন্দিৰ	O
আছে	O
।	O

মহেশ্বৰ	B-LOC
দৌলৰ	I-LOC
শিৱলিংগটো	O
এচটা	O
শিলৰ	O
ওপৰত	O
থকাৰ	O
বাবে	O
ইয়াক	O
পূজাশিল	O
বুলিও	O
কোৱা	O
হয়	O
।	O

২০২০	B-DATE
চনৰ	I-DATE
১৩	B-DATE
ডিচেম্বৰ	I-DATE
তাৰিখে	O
অসম	B-ORG
চৰকাৰে	I-ORG
ইয়াক	O
ৰাষ্ট্ৰীয়	O
উদ্যানলৈ	O
প্ৰস্তাৱিত	O
কৰে	O
আৰু	O
২০২১	B-DATE
চনৰ	I-DATE
৯	B-DATE
জুন	I-DATE
তাৰিখৰ	O
এক	O
ৰাজপত্ৰিত	O
নিৰ্দেশৰ	O
যোগেদি	O
ৰাষ্ট্ৰীয়	O
উদ্যান	O
ঘোষিত	O
হয়	O
।	O

ইয়াৰ	O
পাছতে	O
১৮৩২	B-DATE
চনৰ	I-DATE
১৪	B-DATE
আগষ্ট	I-DATE
তাৰিখে	O
লাপছি	O
চুক্তি	O
অনুসৰি	O
ডিমাছা	B-MISC
কছাৰী	B-MISC
ৰাজ্যৰ	O
দক্ষিণ	O
অংশ	O
ব্ৰিটিছৰ	O
শাসনৰ	O
অধীনলৈ	O
যায়	O
।	O

২০০২	B-DATE
চনৰ	I-DATE
২৯	B-DATE
মাৰ্চত	I-DATE
মোৰ	O
ল'ৰা	O
-	O
বোৱাৰীৰ	O
লগত	O
আয়াৰলেণ্ডলৈ	B-LOC
বুলি	O
ওলালো	O
ব্ৰিটিছ	B-ORG
এয়াৰ	I-ORG
ৱেজৰ	I-ORG
উৰাজাহাজত	O
।	O

১৯৮৫	B-DATE
চনৰ	I-DATE
২০	B-DATE
চেপ্তেম্বৰ	I-DATE
তাৰিখে	O
ইয়াক	O
এফআৰএছ	O
১৩৩/৮৫/৫	O
নং	O
চৰকাৰী	O
বিজ্ঞপ্তি	O
যোগে	O
অভয়াৰণ্যৰূপে	O
প্ৰতিষ্ঠা	O
কৰা	O
হয়	O
।	O

২৯	B-DATE
এপ্ৰিল	I-DATE
বুধবাৰ	O
।	O

একে	O
বৰ্ষৰে	O
১১	B-DATE
জুলাইৰ	I-DATE
পৰা	O
এই	O
কেন্দ্ৰটো	O
দৰশনাৰ্থীৰ	O
বাবে	O
মুকলি	O
কৰি	O
দিয়া	O
হয়	O
।	O

১৯৭৭	B-DATE
চনৰ	I-DATE
১৭	B-DATE
জানুৱাৰীত	I-DATE
জ্যোতি	B-PER
প্ৰসাদ	I-PER
আগৰৱালাৰ	I-PER
মৃত্যু	O
দিৱসৰ	O
দিনটোত	O
অসম	B-ORG
চৰকাৰে	I-ORG
পকী	B-LOC
অধিগ্ৰহন	O
কৰে	O
।	O

সংগ্ৰহালয়টোৰ	O
প্ৰথমে	O
নাম	O
আছিলে	O
অসম	B-ORG
প্ৰাদেশিক	B-ORG
সংগ্ৰহালয়	I-ORG
আৰু	O
মুকলি	O
কৰিছিলে	O
অবিভক্ত	O
অসমৰ	B-LOC
গৱৰ্ণৰ	O
ছাৰ	B-PER
ৰবাৰ্ট	I-PER
নেইল	I-PER
ৰেইডে	I-PER
১৯৪০	B-DATE
চনৰ	I-DATE
২১	B-DATE
এপ্ৰিলত	I-DATE
।	O

অসম	B-ORG
ৰাজ্যিক	I-ORG
সংগ্ৰহালয়টো	I-ORG
কামৰূপ	B-ORG
অনুসন্ধান	I-ORG
সমিতিয়ে	I-ORG
স্থাপন	O
কৰিছিল	O
আৰু	O
১৯৪০	B-DATE
চনৰ	I-DATE
২১	B-DATE
এপ্ৰিলত	I-DATE
তেতিয়াৰ	O
অবিভক্ত	O
অসমৰ	B-LOC
গৱৰ্ণৰ	O
ছাৰ	B-PER
ৰবাৰ্ট	I-PER
ৰেইডৰ	I-PER
দ্বাৰা	O
মুকলি	O
কৰা	O
হৈছিল	O
।	O

২৫	B-DATE
এপ্ৰিলত	I-DATE
মই	O
আৰু	O
মোৰ	O
ল'ৰা	O
-	O
বোৱাৰী	O
আমি	O
তিনিও	O
লণ্ডনলৈ	B-LOC
ঘূৰিলোঁ	O
ডাবলিনৰ	B-LOC
পৰা	O
।	O

এই	O
বনাঞ্চলক	O
২০০৪	B-DATE
চনৰ	I-DATE
১৯	B-DATE
জুন	I-DATE
তাৰিখে	O
বন্যপ্ৰাণী	O
অভয়াৰণ্যৰ	O
স্বীকৃতি	O
প্ৰদান	O
কৰা	O
হয়	O
।	O

১১	B-DATE
জুলাই	I-DATE
তাৰিখে	O
এই	O
কেন্দ্ৰটো	O
দৰ্শনাৰ্থীৰ	O
বাবে	O
মুকলি	O
কৰি	O
দিয়া	O
হয়	O
।	O

তেজপুৰৰ	B-LOC
শালনীবাৰী	B-FAC
বিমানকোঠলৈ	I-FAC
দূৰত্ব	O
১০০	O
কি.	O
মি.	O
।	O

ফৰকাটিং	B-FAC
আটাইতকৈ	O
ওচৰৰ	O
ৰেল	O
-	O
ষ্টেচন	O
।	O

আন্যহাতে	O
,	O
লখিমপুৰৰ	B-LOC
পৰা	O
লুইত	B-FAC
আৰু	O
খাবলু	B-FAC
নামৰ	O
দুবাৰকৈ	O
দুটা	O
ঘাট	O
পাৰ	O
হ'ব	O
লগা	O
হয়	O
।	O

আনটো	O
নিকটৱৰ্তী	O
ষ্টেছন	O
হৈছে	O
মৰিয়নি	B-FAC
জংচন	I-FAC
।	O

সেইদৰে	O
তেজপুৰ	B-FAC
বিমানবন্দৰ	I-FAC
আৰু	O
ৰৰৈয়া	B-FAC
বিমানবন্দৰ	I-FAC
দুয়ো	O
ইয়াৰ	O
নিকটৱৰ্তী	O
বিমানবন্দৰ	O
।	O

ই	O
যোৰহাট	B-FAC
বিমানবন্দৰৰ	I-FAC
পৰা	O
প্ৰায়	O
৬০	O
কি:মি:	O
দূৰত্বত	O
অৱস্থিত	O
।	O

আমি	O
আগতেই	O
বুক	O
কৰি	O
যোৱা	O
মতে	O
,	O
শ্ৰীলংকাৰ	B-LOC
এক	O
ট্ৰেভেল	O
এজেঞ্চীয়ে	O
আমাৰ	O
বাবে	O
বৰ	O
ধুনীয়া	O
নতুন	O
,	O
দীঘল	O
,	O
বগা	O
ৰঙৰ	O
টয়'টা	O
গাড়ী	O
এখন	O
ড্ৰাইভাৰৰ	O
স'তে	O
কলম্বো	B-FAC
এয়াৰপ'ৰ্টত	I-FAC
ৰৈ	O
আছিল	O
।	O

নগাও	B-LOC
হৈ	O
আপুনি	O
উজনিলৈ	O
নিজ	O
গাড়ীৰে	O
গলে	O
ডাউন	B-FAC
টাউন	I-FAC
ফুড	I-FAC
কোৰ্টত	I-FAC
সোমাওক	O
।	O

ইয়াৰ	O
পৰা	O
আমি	O
আকাশী	O
ট্ৰেইনেৰে	O
লিৰ্বাটি	B-FAC
আন্তঃৰাষ্ট্ৰীয়	I-FAC
বিমান	I-FAC
বন্দৰলৈ	I-FAC
যাম	O
।	O

ইয়াত	O
ক্ৰিকেটৰ	O
বাবে	O
যোৰহাট	B-FAC
জিমখানা	I-FAC
খেলপথাৰ	I-FAC
আছে	O
।	O

প্ৰায়	O
৪	O
ঘন্টা	O
ৰেলযাত্ৰাৰ	O
অন্তত	O
মাচু	B-FAC
পিচু	I-FAC
ষ্টেচনত	I-FAC
নামিলো	O
।	O

ষ্টেচনটোৰ	O
অন্য	O
এক	O
নাম	O
অগাচ	B-FAC
কেলেয়নটিচ'	I-FAC
।	O

যোৰহাটৰ	B-LOC
পৰা	O
যাবৰ	O
বাবে	O
নগৰখনৰ	O
উপকণ্ঠৰ	O
নিমাতী	B-FAC
ঘাটৰ	I-FAC
পৰা	O
ফেৰীৰে	O
মহাবাহু	O
ব্ৰহ্মপুত্ৰৰ	B-LOC
বুকুৱেদি	O
এক	O
আমোদজনক	O
যাত্ৰা	O
কৰিব	O
লগা	O
হয়	O
।	O

গুৱাহাটী	B-LOC
মহানগৰৰ	O
উত্তৰে	O
আছে	O
ব্ৰহ্মপুত্ৰ	B-LOC
নদী	I-LOC
,	O
দক্ষিণে	O
মেঘালয়ৰ	B-LOC
পাহাৰ	I-LOC
,	O
পশ্চিমে	O
লোকপ্ৰিয়	B-FAC
গোপীনাথ	I-FAC
বৰদলৈ	I-FAC
আন্তঃৰাষ্ট্ৰীয়	I-FAC
বিমানবন্দৰ	I-FAC
আৰু	O
পূবত	O
নাৰেঙ্গী	B-LOC
অৱস্থিত	O
।	O

ৰাতি	O
দহ	O
বজাত	O
হোটেত	O
ৰাজমহলত	B-FAC
ৰাতিটো	O
জিৰণী	O
ল'লো	O
।	O

ইয়াৰ	O
নিকটৱৰ্তী	O
ৰেলষ্টেচন	O
ডিব্ৰুগড়	B-FAC
ৰেল	I-FAC
ষ্টেচন	I-FAC
১৬	O
কি:মি:	O
আৰু	O
ডিব্ৰুগড়	B-FAC
বিমানবন্দৰ	I-FAC
২৬	O
কি:মি:	O
নিলগত	O
অৱস্থিত	O
।	O

তৰাজানৰ	B-LOC
কটকীপুখুৰীস্থিত	B-LOC
আন্তঃৰাজ্যিক	B-FAC
বাছ	I-FAC
আস্থানৰ	I-FAC
পৰা	O
ৰাজ্য	O
তথা	O
উত্তৰ	B-LOC
পূৰ্বাঞ্চলৰ	I-LOC
বিভিন্ন	O
ঠাইলৈ	O
চৰকাৰী	O
আৰু	O
বেচৰকাৰী	O
বাছ	O
চলাচল	O
কৰে	O
।	O

অতিশীঘ্ৰে	O
জে	B-FAC
দব্লিউ	I-FAC
মেৰিয়ট	I-FAC
নামৰ	O
এক	O
পঞ্চতাৰকাযুক্ত	O
হোটেল	O
মহানগৰীৰ	O
মাজমজিয়াত	O
পদাৰ্পণ	O
কৰিব	O
।	O

বিশাখাপট্টনমৰ	B-LOC
মুখ্য	O
জংচন	O
আৰু	O
ব্যৱসায়ীকভাৱে	O
গুৰুত্বপূৰ্ণ	O
ৰেল	O
ষ্টেচনটো	O
হৈছে	O
চেন্নাই	B-FAC
-	I-FAC
কলকাতা	I-FAC
ৰেললাইন	I-FAC
।	O

আনটো	O
নিকটৱৰ্তী	O
বিমান	O
বন্দৰ	O
হৈছে	O
যোৰহাট	B-LOC
জিলাৰ	O
ৰৰৈয়া	B-FAC
বিমানবন্দৰ	I-FAC
।	O

এমাহজুৰী	O
চলি	O
থকা	O
মহাবলীপুৰম	B-MISC
নৃত্য	I-MISC
মহোৎসৱ'ৰ	I-MISC
বিশাল	O
আদৰণী	O
তোৰণখন	O
।	O

মাজুলীৰ	B-LOC
সত্ৰসমূহত	O
অনুষ্ঠিত	O
কৰা	O
ৰাস	B-MISC
মহোৎসৱত	I-MISC
জাতি	O
,	O
ধৰ্ম	O
,	O
বৰ্ণ	O
নিৰ্বিশেষে	O
সকলো	O
শ্ৰেণীৰ	O
মানুহ	O
জড়িত	O
হৈ	O
পৰে	O
।	O

ছগ্ৰা	B-MISC
মিছাৱা	I-MISC
বা	O
ছগ্ৰা	B-MISC
পূজা	I-MISC
তিৱা	B-MISC
জনগোষ্ঠী	O
কৃষিভিত্তিক	O
লোক	O
-	O
উৎসৱ	O
।	O

প্ৰতি	O
বছৰে	O
শিৱৰাত্ৰি	B-MISC
আৰু	O
বহাগৰ	O
গোঁসাই	B-MISC
বিহুত	I-MISC
এই	O
মন্দিৰত	O
ডাঙৰকৈ	O
মেলা	O
অনুষ্ঠিত	O
কৰা	O
হয়	O
।	O

দেৰগাঁৱৰ	B-LOC
শিৱদৌলৰ	O
ঐতিহ্যপূৰ্ণ	O
বৈশিষ্ট	O
আছিল	O
দেৱদাসী	B-MISC
নৃত্য	I-MISC
।	O

এই	O
সত্ৰত	O
বিশেষকৈ	O
বৰগীত	B-MISC
,	O
মাটি	B-MISC
আখৰা	I-MISC
,	O
সূত্ৰধাৰ	B-MISC
,	O
ওজাপালি	B-MISC
,	O
সত্ৰীয়া	B-MISC
নৃত্য	I-MISC
,	O
অথবা	O
নৃত্য	O
আদি	O
চৰ্চা	O
কৰা	O
হয়	O
।	O

এওঁলোকৰ	O
অতি	O
আকৰ্ষণীয়	O
আৰু	O
জনপ্ৰিয়	O
এটা	O
উৎসৱ	O
হ'ল	O
পায়	B-MISC
চাং	I-MISC
কেন	I-MISC
।	O

অম্বুবাচী	B-MISC
মেলা	I-MISC
কামাখ্যা	B-LOC
মন্দিৰত	I-LOC
অনুষ্ঠিত	O
হয়	O
।	O

মাজুলীত	B-LOC
উদযাপিত	O
পালনাম	B-MISC
এক	O
সাত্ত্বিক	O
আৰু	O
ধৰ্মীয়	O
অনুষ্ঠান	O
।	O

হিন্দু	B-MISC
দেৱী	O
দুৰ্গাৰ	B-PER
আৰাধনাকে	O
কেন্দ্ৰ	O
কৰি	O
অনুষ্ঠিত	O
হয়	O
হিন্দু	B-MISC
সম্প্ৰদায়ৰ	O
বৃহত্তম	O
ধৰ্মীয়	O
আৰু	O
সামাজিক	O
উৎসৱ	O
দুৰ্গা	B-MISC
পূজা	I-MISC
বা	O
দুৰ্গোৎসৱ	B-MISC
।	O

যোৱা	O
বছৰ	O
মই	O
তেওঁলোকৰ	O
দাণ্ডিয়া	B-MISC
নৃত্য	I-MISC
উপভোগ	O
কৰিবলৈ	O
গৈছিলোঁ	O
।	O

কামাখ্যাৰ	B-LOC
অম্বুবাচী	B-MISC
মেলাৰ	I-MISC
জনপ্ৰিয়তা	O
আৰু	O
জনসমাগম	O
অভূতপূৰ্ব	O
।	O

প্ৰতিবছৰে	O
নৱেম্বৰ	O
মাহত	O
মাজুলীত	B-LOC
ৰাস	B-MISC
মহোৎসৱ	I-MISC
পালন	O
কৰা	O
হয়	O
।	O

চামগুৰি	B-LOC
সত্ৰ	I-LOC
,	O
ভোগপুৰ	B-LOC
,	O
বিহিমপুৰ	B-LOC
,	O
কমলাবাৰী	B-LOC
,	O
দক্ষিণপাট	B-LOC
সত্ৰ	I-LOC
,	O
আউনীআটী	B-LOC
সত্ৰ	I-LOC
,	O
গড়মূৰ	B-LOC
সত্ৰ	I-LOC
,	O
উত্তৰ	B-LOC
কমলাবাৰী	I-LOC
আদি	O
সত্ৰসমূহৰ	O
লগতে	O
৬০খনৰো	O
অধিক	O
মঞ্চত	O
ৰাসলীলা	B-MISC
উদযাপন	O
কৰা	O
হয়	O
।	O

পালনামৰ	B-MISC
উপৰি	O
মিচিং	B-MISC
,	O
কছাৰী	B-MISC
,	O
দেউৰীসকলৰ	B-MISC
উৎসৱ	O
,	O
পূজা	O
-	O
পাৰ্বণৰ	O
লগতে	O
আন	O
আন	O
সাংস্কৃতিক	O
অনুষ্ঠানবোৰো	O
উদযাপন	O
কৰা	O
হয়	O
।	O

পিছে	O
মোৱামৰা	B-MISC
মৰাণৰ	I-MISC
বিদ্ৰোহৰ	I-MISC
সময়ত	O
এই	O
দেওশালখনৰ	O
ভালেখিনি	O
আচবাব	O
নষ্ট	O
হয়	O
আৰু	O
ইয়াৰ	O
সকলোবোৰ	O
ধন	O
-	O
সোণ	O
মোৱামৰীয়াসকলে	B-MISC
লুটি	O
লৈ	O
যায়	O
।	O

দোল	B-MISC
যাত্ৰা	I-MISC
,	O
দৌল	B-MISC
উৎসৱ	I-MISC
বা	O
দেউল	B-MISC
অসমত	B-LOC
পালন	O
কৰা	O
উৎসৱ	O
।	O

তাৰপিছত	O
ইয়াত	O
ব'হাগ	O
মাহত	O
সাত	B-MISC
বিষমা	I-MISC
মেলা	I-MISC
বহে	O
।	O

দুৰ্গা	B-MISC
পূজাত	I-MISC
ইয়াত	O
ম'হ	O
বলি	O
দিয়া	O
হয়	O
।	O

শিৱদৌলত	B-LOC
শিৱৰাত্ৰিৰ	B-MISC
দিনা	O
ডাঙৰ	O
মেলা	O
হয়	O
।	O

ব'হাগ	O
মাহত	O
দেৱালয়ত	O
পাৰসুঁৱেৰী	B-MISC
উৎসৱ	I-MISC
পালন	O
কৰা	O
হয়	O
।	O

ইয়াত	O
ডাঙৰলৈ	O
বাসন্তী	B-MISC
পূজা	I-MISC
বা	O
মালিনী	B-MISC
পূজা	I-MISC
অনুষ্ঠিত	O
কৰি	O
অহা	O
হৈছে	O
।	O

ৰাসলীলা	B-MISC
,	O
ডিচেম্বৰ	O
-	O
জানুৱাৰী	O
মাহত	O
পাঁচদিনীয়াকৈ	O
অনুষ্ঠিত	O
হোৱা	O
গাংনাং	O
,	O
ফেব্ৰুৱাৰী	O
মাহৰ	O
১৫	O
তাৰিখে	O
অনুষ্ঠিত	O
হোৱা	O
লুই	B-MISC
-	I-MISC
নাং	I-MISC
-	I-MISC
নাই	I-MISC
ফেব্ৰুৱাৰী	O
মাহত	O
পাঁচদিনীয়াকৈ	O
অনুষ্ঠিত	O
হোৱা	O
য়'ছাং	B-MISC
,	O
জুন	O
-	O
জুলাইত	O
১০	O
দিনীয়াকৈ	O
অনুষ্ঠিত	O
হোৱা	O
ৰথযাত্ৰা	B-MISC
আদিবোৰ	O
মণিপুৰৰ	B-LOC
বিচিত্ৰ	O
আৰু	O
বৰ্ণময়	O
উৎসৱ	O
-	O
অনুষ্ঠানৰ	O
ভিতৰত	O
কেইটামান	O
উৎসৱ	O
।	O

আমি	O
অংশগ্ৰহণ	O
কৰা	O
দুসপ্তাহজোৰা	O
কৃষি	O
বিষয়ক	O
প্ৰশিক্ষণ	O
অনুষ্ঠিত	O
হৈছিল	O
ৰাজধানী	O
নগৰখনৰ	O
ভিয়েটনাম	B-ORG
একাডেমি	I-ORG
অব	I-ORG
এগ্ৰিকালচাৰেল	I-ORG
ছাইন্সত	I-ORG
।	O

বৰ্তমান	O
ই	O
ভাৰতীয়	B-ORG
পুৰাতত্ত্ব	I-ORG
সৰ্বেক্ষণৰ	I-ORG
দ্বাৰা	O
ঐতিহাসিকস্থল	O
হিচাপে	O
স্বীকৃতিপ্ৰাপ্ত	O
।	O

১৯৫৭	B-DATE
চনত	I-DATE
গুৱাহাটীত	B-LOC
ভাৰতীয়	B-ORG
জাতীয়	I-ORG
কংগ্ৰেছৰ	I-ORG
অধিবেশন	O
অনুষ্ঠিত	O
হৈছিল	O
।	O

ঢেঁকীয়াপতীয়া	O
বাঘৰ	O
সংকটৰ	O
বাবে	O
ৱৰ্ল্ড	B-ORG
এছোচিয়েশ্যন	I-ORG
অফ	I-ORG
জুচ	I-ORG
এণ্ড	I-ORG
একোৱেৰিয়ামছ	I-ORG
আৰু	O
বুচ	B-LOC
গাৰ্ডেন্স	I-LOC
এ	O
মিলিত	O
হৈ	O
স্পেচিছ	O
ছাৰভাইভেল	O
প্লেন	O
নামৰ	O
এটি	O
প্ৰকল্প	O
চালিত	O
হয়	O
।	O

অসম	B-ORG
চৰকাৰে	I-ORG
আইন	O
অনুসাৰে	O
মন্দিৰটোৰ	O
মাটি	O
অধিগ্ৰহণ	O
কৰাৰ	O
পাছত	O
এতিয়া	O
প্ৰায়	O
৪৩	O
বিঘা	O
৪	O
কথা	O
১৭	O
লেচা	O
মাটি	O
দেৱালয়ৰ	O
আছে	O
।	O

হাফলঙৰ	B-LOC
পৰা	O
১১২	O
কি.	O
মি.	O
দূৰৈত	O
অৱস্থিত	O
উমৰাংছুত	B-LOC
কপিলী	B-LOC
নৈত	I-LOC
থকা	O
নীপকোৰ	B-ORG
জলবিদ্যুৎ	O
উৎপাদন	O
কেন্দ্ৰ	O
অৱস্থিত	O
।	O

অসম	B-ORG
কৃষি	I-ORG
বিশ্ববিদ্যালয়	I-ORG
,	O
টোকোলাই	B-ORG
চাহ	I-ORG
গৱেষণা	I-ORG
কেন্দ্ৰ	I-ORG
,	O
উত্তৰ	B-ORG
পূব	I-ORG
বিজ্ঞান	I-ORG
আৰু	I-ORG
প্ৰযুক্তিবিদ্যা	I-ORG
প্ৰতিষ্ঠান	I-ORG
আদি	O
যোৰহাটৰ	B-LOC
অন্যতম	O
উল্লেখযোগ্য	O
প্ৰতিষ্ঠান	O
।	O

১৯৯৪	B-DATE
চনত	I-DATE
নাইজেৰিয়াৰ	B-LOC
অইল	O
পামৰ	O
কৃষি	O
প্ৰণালী	O
অধ্যয়ন	O
আৰু	O
প্ৰশীক্ষণৰ	O
বাবে	O
ভাৰত	B-ORG
চৰকাৰে	I-ORG
অসমৰ	B-LOC
পৰা	O
আমাক	O
নিৰ্বাচন	O
কৰিছিল	O
।	O

মন্দিৰৰ	O
পৰিচালনাৰ	O
বাবে	O
তেওঁলোকে	O
ইয়াত	O
পূজাৰী	O
আদিওঁ	O
নিয়োগ	O
কৰিছিল	O
,	O
বৰ্তমান	O
অসম	B-ORG
চৰকাৰৰ	I-ORG
হস্তক্ষেপত	O
এখন	O
পৰিচালনা	O
সমিতিৰ	O
দ্বাৰা	O
মন্দিৰৰ	O
কাম	O
-	O
কাজ	O
পৰিচালিত	O
হৈ	O
আছে	O
।	O

শিলচৰৰ	B-LOC
অসম	B-ORG
বিশ্ববিদ্যালয়ৰ	I-ORG
অধীনস্থ	O
জে	B-ORG
বি	I-ORG
হাগজেৰ	I-ORG
মহাবিদ্যালয়	I-ORG
হল	O
উমৰাংছুৰ	B-LOC
উচ্চ	O
শিক্ষাৰ	O
একমাত্ৰ	O
প্ৰতিষ্ঠান	O
।	O

কাজিৰঙাৰ	B-LOC
পাৰ্শ্বৱৰ্তী	O
চাহবাগিচাৰ	O
কীটনাশক	O
আৰু	O
নুমলীগড়	B-ORG
শোধনাগাৰৰ	I-ORG
পৰা	O
নিৰ্গত	O
আৱৰ্জনাৰে	O
হোৱা	O
জল	O
প্ৰদূষণ	O
উদ্যানখনৰ	O
পৰিস্থিতিতন্ত্ৰৰ	O
বাবে	O
এক	O
ভাবুকি	O
।	O

ইয়াৰ	O
বাবে	O
সেই	O
বছৰতেই	O
পৰীক্ষামূলক	O
ভাৱে	O
আঁচনি	O
প্ৰস্তুত	O
কৰি	O
সাংস্কৃতিক	O
প্ৰকল্পটোৰ	O
নাম	O
শ্ৰীমন্ত	B-ORG
শংকৰদেৱ	I-ORG
কলাক্ষেত্ৰ	I-ORG
বুলি	O
নামকৰণ	O
কৰা	O
হয়	O
।	O

গুৱাহাটী	B-ORG
পৌৰ	I-ORG
নিগমৰ	I-ORG
অধীনত	O
থকা	O
অঞ্চল	O
হৈছে	O
২১৬	O
বৰ্গ	O
কি:মি:	O
আৰু	O
গুৱাহাটী	B-ORG
মহানগৰ	I-ORG
উন্নয়ন	I-ORG
প্ৰাধিকৰণৰ	I-ORG
অধীনত	O
৩৪০	O
বৰ্গ	O
কি:মি:	O
এলেকা	O
আছে	O
।	O

ইয়াত	O
ভাৰতীয়	B-ORG
প্ৰযুক্তিবিদ্যা	I-ORG
প্ৰতিষ্ঠান	I-ORG
গুৱাহাটীৰ	I-ORG
দৰে	O
বিশ্বস্তৰৰ	O
শিক্ষানুষ্ঠানৰ	O
লগতে	O
গুৱাহাটী	B-ORG
বিশ্ববিদ্যালয়	I-ORG
আৰু	O
কটন	B-ORG
মহাবিদ্যালয়ৰ	I-ORG
দৰে	O
গুৰুত্বপূৰ্ণ	O
শিক্ষানুষ্ঠান	O
অৱস্থিত	O
।	O

হপকিনচ	B-ORG
ৱেষ্ট	I-ORG
নামৰ	O
এক	O
মদৰ	O
ব্যৱসায়ত	O
তেওঁ	O
কেইবালাখ	O
ডলাৰ	O
আয়	O
কৰে	O
।	O

১৯৬৪	B-DATE
চনত	I-DATE
বটদ্ৰৱা	B-ORG
থান	I-ORG
পৰিচালনা	I-ORG
সমিতি	I-ORG
গঠন	O
কৰা	O
হয়	O
আৰু	O
ইয়াৰ	O
পাছৰে	O
পৰাই	O
নৰোৱা	B-LOC
সত্ৰ	I-LOC
আৰু	O
ফুলগুৰি	B-LOC
সত্ৰৰ	I-LOC
ৰ	O
সমন্বয়ত	O
বিভিন্ন	O
কাম	O
-	O
কাজ	O
পৰিচালনা	O
কৰি	O
আহিছে	O
।	O

এই	O
সমস্যাৰ	O
সমধান	O
বিচাৰি	O
তেওঁ	O
গুড	B-ORG
ইয়াৰ	I-ORG
ৰবৰৰ	O
কোম্পানীটোৰ	O
ওচৰ	O
চাপিল	O
।	O

অভয়াৰণ্যখনকে	O
ধৰি	O
গোটেই	O
অঞ্চলটোত	O
নেচাৰ্ছ	B-ORG
বেকন	I-ORG
,	O
ব'ম্বে	B-ORG
নেচাৰেল	I-ORG
হিষ্ট্ৰী	I-ORG
চ'ছাইটী	I-ORG
আৰু	O
বাৰ্ড	B-ORG
লাইফ	I-ORG
ইণ্টাৰনেচনেল	I-ORG
নামৰ	O
সংস্থাকেইটাই	O
একত্ৰিতভাৱে	O
অধ্যয়ন	O
চলাইছিল	O
।	O

যোৰহাট	B-ORG
বিজ্ঞানকেন্দ্ৰ	I-ORG
আৰু	I-ORG
তাৰকাগৃহ	I-ORG
হৈছে	O
যোৰহাট	B-LOC
নগৰৰ	O
মাজমজিয়াতে	O
ঐতিহাসিক	O
ৰাজমাও	B-LOC
পুখুৰীৰ	I-LOC
পাৰত	O
অৱস্থিত	O
।	O

ইয়াৰ	O
উপৰিও	O
,	O
বাৰ্ড	B-ORG
লাইফ	I-ORG
ইণ্টাৰনেচনেল	I-ORG
-	O
এ	O
দীপৰ	B-LOC
বিলক	I-LOC
অতি	O
গুৰুত্বপূৰ্ণ	O
চৰাই	O
সংৰক্ষিত	O
এলেকা	O
বুলি	O
চিহ্নিত	O
কৰিছে	O
।	O

মেচুকাৰ	B-LOC
চৰকাৰী	B-ORG
উচ্চতৰ	I-ORG
মাধ্য়মিক	I-ORG
বিদ্য়ালযৰ	I-ORG
প্ৰথম	O
বাৰ্ষিকৰ	O
ছাত্ৰী	O
।	O

এই	O
দুই	O
ষ্টেচন	O
গুৱাহাটী	B-LOC
-	O
বাৰাউনী	B-LOC
লাইনত	O
অৱস্থিত	O
আৰু	O
উত্তৰ	B-ORG
-	I-ORG
পূব	I-ORG
সীমান্ত	I-ORG
ৰেলৱেৰ	I-ORG
লামডিং	B-ORG
ৰেলৱে	I-ORG
ডিভিজনৰ	I-ORG
গুৱাহাটী	B-LOC
-	O
লামডিং	B-LOC
শাখাৰ	O
অন্তৰ্গত	O
।	O

এটা	O
স্থানীয়	O
প্ৰকৃতি	O
-	O
প্ৰেমী	O
সংগঠন	O
নেচাৰ্চ	B-ORG
বেকনে	I-ORG
চক্ৰশিলাই	B-LOC
অভয়াৰণ্যৰ	O
মৰ্যাদা	O
পোৱাত	O
বিশিষ্ট	O
ভূমিকা	O
লৈছে	O
।	O

অভয়াৰণ্য	O
ঘোষণাৰ	O
লগে	O
লগে	O
হাদুগ	B-LOC
বিলৰ	I-LOC
উত্তৰ	O
পাৰে	O
আঞ্চলিক	B-ORG
বন	I-ORG
কাৰ্য্যালয়	I-ORG
স্থাপন	O
হয়	O
।	O

১৯৭৮	B-DATE
চনত	I-DATE
এই	O
নন্দিকেশ্বৰ	B-LOC
দেৱালয়খন	I-LOC
অসম	B-ORG
চৰকাৰৰ	I-ORG
অধীনলৈ	O
যায়	O
।	O

অৱশ্যে	O
আলফাৰ	B-ORG
দ্বাৰা	O
প্ৰত্যক্ষ	O
ভাৱে	O
কাজিৰঙাৰ	B-LOC
কোনো	O
হানি	O
হোৱা	O
নাই	O
।	O

মদন	B-LOC
-	I-LOC
কামদেৱ	I-LOC
দেৱালয়	I-LOC
পৰ্যটকৰ	O
বাবে	O
আকৰ্ষণীয়	O
কৰিবৰ	O
বাবে	O
বনবিভাগ	B-ORG
,	O
গড়কাপ্টানি	B-ORG
বিভাগ	I-ORG
,	O
পৰ্যটন	B-ORG
বিভাগ	I-ORG
আদিৰ	O
লগত	O
যোগাযোগ	O
কৰা	O
হৈছে	O
বুলিও	O
অসম	B-ORG
ৰাজ্যিক	I-ORG
সংগ্ৰহালয়ে	I-ORG
আমাক	O
জানিবলৈ	O
দিয়েআৰু	O
এই	O
ক্ষেত্ৰত	O
পৰ্যটন	B-ORG
বিভাগৰ	I-ORG
পৰা	O
আশপ্ৰদ	O
সহাঁৰিও	O
পোৱা	O
বুলি	O
তেওঁলোকে	O
প্ৰকাশ	O
কৰে	O
।	O

আন্তৰাষ্ট্ৰীয়	B-ORG
পক্ষীজীৱন	I-ORG
সংস্থাই	I-ORG
কাজিৰঙাক	B-LOC
পক্ষীকূলৰ	O
সংৰক্ষণৰ	O
বাবে	O
গুৰুত্বপূৰ্ণ	O
পক্ষী	O
ক্ষেত্ৰ	O
বুলি	O
স্বীকৃতি	O
দিছে	O
।	O

অসমৰ	B-LOC
প্ৰখ্যাত	O
পুৰাতাত্বিক	O
পণ্ডিতদ্বয়	O
ৰবীন্দ্ৰ	B-PER
নাথ	I-PER
চৌধুৰী	I-PER
আৰু	O
ধৰ্মেশ্বৰ	B-PER
চুতিয়াই	I-PER
অসম	B-ORG
অনুসন্ধান	I-ORG
সমিতিৰ	I-ORG
বুলেটিনত	O
লিখা	O
এ	O
নোট	O
অন	O
দ্য	O
আৰ্কিঅ'লজিকেল	O
ফাইণ্ডছ	O
এট	O
নৰকাসুৰ	O
হিলছ	O
শীৰ্ষক	O
বিস্তৃত	O
নিবন্ধত	O
নৰকাসুৰ	B-LOC
পাহাৰ	I-LOC
অঞ্চলত	O
আৱিষ্কৃত	O
হোৱা	O
এই	O
মূৰ্তিসমূহৰ	O
বিষয়ে	O
আলোচনা	O
কৰিছে	O
।	O

অসমৰ	B-LOC
ভালেকেইগৰাকী	O
বৰণ্যে	O
শিল্পী	O
,	O
কলা	O
-	O
কুশলী	O
তথা	O
নাট্যকাৰৰ	O
সাংস্কৃতিক	O
জীৱনৰ	O
শুভাৰম্ভ	O
বাণ	B-ORG
ৰঙ্গমঞ্চতেই	I-ORG
হৈছিল	O
।	O

ইয়াৰোপৰি	O
বিত্তীয়	O
প্ৰতিষ্ঠান	O
নেডফিৰ	B-ORG
কাৰ্য্যালয়	O
গুৱাহাটীৰ	B-LOC
দিশপুৰত	B-LOC
অৱস্থিত	O
।	O

আমবাৰীৰ	B-LOC
খননকাৰ্য	O
তথা	O
কটন	B-ORG
মহাবিদ্যালয়ৰ	I-ORG
প্ৰেক্ষাগৃহ	O
সাজোতে	O
কৰা	O
খননত	O
উদ্ধাৰ	O
হোৱা	O
ইটাৰ	O
দেৱাল	O
আৰু	O
ঘৰবোৰৰ	O
পৰা	O
ইয়াক	O
৯ম	O
-	O
১১শ	O
শতিকা	O
সময়ছোৱাৰ	O
এখন	O
অৰ্থনৈতিকভাৱে	O
গুৰুত্বপূৰ্ণ	O
বৃহৎ	O
নগৰ	O
বুলি	O
অনুমান	O
কৰিব	O
পাৰি	O
।	O

অসম	B-ORG
চৰকাৰৰ	I-ORG
পুৰাতত্ত্ব	I-ORG
বিভাগে	I-ORG
দেৱালয়খন	O
নিজৰ	O
অধীনলৈ	O
আনি	O
সংৰক্ষিত	O
বুলি	O
ঘোষণা	O
কৰে	O
।	O

বৰং	O
কিছুমান	O
ক্ষেত্ৰত	O
আলফা	B-ORG
সদস্যই	O
উদ্যানৰ	O
পশু	O
হত্যা	O
বন্ধ	O
কৰিবলৈ	O
চেষ্টা	O
কৰা	O
দেখা	O
যায়	O
।	O

গুৱাহাটী	B-LOC
,	O
তেজপুৰৰ	B-LOC
পৰা	O
উজনি	B-LOC
অসমলৈ	I-LOC
চলাচল	O
কৰা	O
অসম	B-ORG
ৰাজ্যিক	I-ORG
পৰিবহণ	I-ORG
নিগম	I-ORG
আৰু	O
ব্যক্তিগত	O
মালিকানাধীন	O
বাছেৰে	O
গৈ	O
৩৭নং	B-LOC
ৰাষ্ট্ৰীয়	I-LOC
ঘাইপথত	I-LOC
অৱস্থিত	O
কাজিৰঙাৰ	B-LOC
মুখ্য	O
প্ৰৱেশদ্বাৰ	O
,	O
কঁহৰাত	B-LOC
নামিব	O
পাৰি	O
।	O

কামৰূপ	B-ORG
অনুসন্ধান	I-ORG
সমিতিৰ	I-ORG
স্বেস্বাসেৱকসকলে	O
আহৰণ	O
কৰা	O
সম্পদসমূহকলৈ	O
নিজাকৈয়ে	O
সংগ্ৰহালয়	O
সাজি	O
উলিয়াইছিল	O
য'ত	O
আছিলে	O
শিলাচিত্ৰ	O
আৰু	O
ভিন	O
ভিন	O
সামগ্ৰী	O
।	O

বিমান	O
বন্দৰ	O
পৰা	O
আমি	O
চিধা	O
ফিউচাৰজেনেৰেচন	B-ORG
ৰ	O
কাৰ্যালয়	O
প্ৰিমাভেৰাচুকেলাত	B-LOC
নামিলো	O
।	O

১৯৫০	B-DATE
চনত	I-DATE
অৰণ্য	O
সংৰক্ষক	O
,	O
পি.	B-PER
ডি.	I-PER
ষ্ট্ৰেচীৰ	I-PER
উদ্যোগত	O
কাজিৰঙা	O
অভয়াৰণ্য	O
নাম	O
সলনি	O
কৰি	O
কাজিৰঙা	O
বন্যপ্ৰাণ	O
অভয়াৰণ্য	O
কৰা	O
হয়	O
।	O

১৯৯৮	B-DATE
চনত	I-DATE
ইয়াক	O
বন্যপ্ৰাণী	O
অভয়াৰণ্যৰ	O
স্বীকৃতি	O
দিয়া	O
হয়	O
।	O

১৯২৬	B-DATE
চনত	I-DATE
বনাঞ্চলখনৰ	O
কিছু	O
অংশ	O
ৰে'লপথ	O
আৰু	O
স্থলপথৰ	O
বাবে	O
মুকলি	O
কৰাত	O
মাটিকালি	O
কমি	O
৭২	O
,	O
৪৮৬	O
হেক্টৰ	O
হয়গৈ	O
।	O

১৮৫৪	B-DATE
চনত	I-DATE
তুলাৰামৰ	B-PER
মৃত্যুৰ	O
পাছত	O
সমগ্ৰ	O
ডিমাছা	B-LOC
ৰাজ্যক	I-LOC
ব্ৰিটিছ	O
শাসিত	O
ভাৰত	B-LOC
সাম্ৰাজ্যৰ	O
সংলগ্ন	O
কৰি	O
আছালুক	B-LOC
এই	O
সমগ্ৰ	O
মহকুমাৰ	O
সদৰ	O
ঘোষণা	O
কৰা	O
হয়	O
।	O

স্বৰ্গদেও	O
ৰুদ্ৰসিংহই	B-PER
১৭০৩	B-DATE
চনত	I-DATE
এই	O
দ'ল	O
সজাইছিল	O
।	O

১৬৮৩	B-DATE
চনত	I-DATE
ৰমাকান্ত	B-PER
আতাৰ	I-PER
মৃত্যুৰ	O
পিছত	O
তেওঁৰ	O
পুত্ৰ	O
ৰামদেৱ	B-PER
আতাই	I-PER
দায়িত্বভাৰ	O
গ্ৰহণ	O
কৰে	O
।	O

১৯৯৪	B-DATE
চনৰ	I-DATE
পৰা	O
১৯৯৯	B-DATE
চনলৈ	I-DATE
তেওঁ	O
বাংলাদেশত	B-LOC
গ্ৰহনী	O
ৰোগৰ	O
প্ৰতিৰোধৰ	O
বাবে	O
কাম	O
কৰিছিল	O
।	O

১৯৪৫	B-DATE
চনত	I-DATE
পেৰুত	B-LOC
১	O
ম	O
বাৰৰ	O
বাবে	O
মুক্ত	O
নিৰ্বাচন	O
হয়	O
।	O

১৯৯৬	B-DATE
আৰু	O
১৯৯৭	B-DATE
চনত	I-DATE
খনন	O
কাৰ্যবোৰ	O
যেতিয়া	O
সোণত	O
আঘাত	O
কৰে	O
প্ৰত্নতাত্ত্বিসকলে	O
মঠ	O
সহ	O
এটা	O
বৌদ্ধ	B-PER
থুপ	O
আৱিষ্কাৰ	O
কৰিছিল	O
যিটো	O
অনুমান	O
কৰা	O
হয়	O
যে	O
এইটো	O
৮ম	O
-	O
৯ম	O
শতাব্দীৰ	O
সম্পৰ্কিত	O
।	O

২০১৪	B-DATE
চনত	I-DATE
তিৰুপতি	B-LOC
বালাজী	I-LOC
মন্দিৰৰ	I-LOC
অহা	O
পুৰোহিতৰ	O
উপস্থিতত	O
প্ৰাণ	O
প্ৰতিষ্ঠা	O
সমৰোহ	O
অনুষ্ঠিত	O
হৈছিল	O
।	O

১৯৮৩	B-DATE
চনৰ	I-DATE
এই	O
দুটা	O
বিভাগ	O
পৃথক	O
কৰা	O
হয়	O
।	O

কিন্তু	O
১৯০০	B-DATE
খ্ৰীষ্টাব্দত	I-DATE
ওমানত	B-LOC
হিন্দুৰ	B-MISC
সংখ্যা	O
সাংঘাতিকভাৱে	O
হ্ৰাস	O
পাই	O
আহি	O
৩০০	O
জন	O
হৈছিলহি	O
।	O

২০১১	B-DATE
চনৰ	I-DATE
পৰা	O
এই	O
টাইগাৰ	O
ৰিজাৰ্ভত	O
এংলিং	O
আনুষ্ঠানিকভাৱে	O
নিষিদ্ধ	O
কৰা	O
হৈছিল	O
।	O

এই	O
মন্দিৰটো	O
১৭২১	B-DATE
খ্ৰিষ্টাব্দত	I-DATE
স্বৰ্গদেৱ	O
শিৱসিংহই	B-PER
নিৰ্মাণ	O
কৰিছিল	O
বুলি	O
মন্দিৰৰ	O
গাত	O
থকা	O
শিলালিপিৰপৰা	O
জনা	O
যায়	O
।	O

১৯৬০	B-DATE
চনৰে	I-DATE
পৰা	O
চৰকাৰী	O
নীতি	O
-	O
নিৰ্দেশনাৰে	O
গঠিত	O
এখন	O
পৰিচালনা	O
সমিতিয়ে	O
দেৱালয়ৰ	O
কাম	O
-	O
কাজ	O
পৰিচালনা	O
কৰে	O
।	O

১৮৪৮	B-DATE
চনত	I-DATE
ব্ৰিটিছ	O
পুৰাতত্ত্ববিদ	O
ডেল্টনে	B-PER
সেই	O
স্থানত	O
শিলৰ	O
মন্দিৰৰ	O
গাঁথনি	O
লক্ষ্য	O
কৰিছিল	O
।	O

ইতিহাস	O
অনুসৰি	O
১৬৬১	B-DATE
-	I-DATE
১৬৯৬	I-DATE
ৰ	O
সময়ত	O
হোৱা	O
কেইবাটাও	O
ডাঙৰ	O
ভূমিকম্প	O
আৰু	O
১৭৫০	B-DATE
চনত	I-DATE
হোৱা	O
প্ৰলয়ংকৰী	O
বানপানীৰ	O
বাবে	O
ব্ৰহ্মপুত্ৰ	B-LOC
দুটি	O
সুঁতিত	O
বিভক্ত	O
হৈ	O
পৰে	O
।	O

১৫৪৩	B-DATE
খৃঃ	I-DATE
ত	O
শংকৰদেৱে	B-PER
নাৱেৰে	O
ভটিয়াই	O
আহি	O
কামৰূপ	B-LOC
পাইছিলহি	O
।	O

১৯৭১	B-DATE
চনৰ	I-DATE
পৰা	O
ৰাভাসকলে	O
পৰম	O
উলহ	O
-	O
মালহেৰে	O
ইয়াক	O
জাতীয়	O
উৎসৱ	O
হিচাপে	O
পালন	O
কৰি	O
আহিছে	O
।	O

১৯৯১	B-DATE
চনৰ	I-DATE
লোকপিয়লতকৈ	O
এই	O
সংখ্যা	O
১৮.৬৯	O
শতাংশ	O
বেছি	O
।	O

ডাল	B-LOC
হ্ৰদৰ	I-LOC
পূব	O
প্ৰান্তত	O
জাব্ৰাৱান	B-LOC
পাহাৰৰ	I-LOC
পাদদেশত	O
অৱস্থিত	O
এই	O
বাগিচাখন	O
নুৰজাহানৰ	B-PER
ককায়েক	O
আচিফ	B-PER
খানে	I-PER
পৰিকল্পনা	O
কৰিছিল	O
আৰু	O
১৬৩৩	B-DATE
খ্ৰীষ্টাব্দত	I-DATE
সাজি	O
উলিয়াইছিল	O
।	O

১৮৩৭	B-DATE
চনত	I-DATE
তুলাৰামৰ	B-PER
অধীনত	O
থকা	O
কিছু	O
অংশও	O
ব্ৰিটিছ	O
শাসিত	O
অংশৰ	O
সংলগ্ন	O
কৰি	O
সেই	O
সময়ৰ	O
নগাঁও	B-LOC
জিলাৰ	O
এটা	O
মহকুমা	O
হিচাপে	O
ঘোষণা	O
কৰা	O
হয়	O
।	O

ইয়াৰ	O
পিছত	O
আহোম	B-MISC
স্বৰ্গদেউ	O
চুচেনফাই	B-PER
১৪৮০	B-DATE
খ্ৰীষ্টাব্দত	I-DATE
এই	O
মন্দিৰৰ	O
পুনৰ	O
নিৰ্মাণ	O
কৰোৱাই	O
আৰু	O
মন্দিৰৰ	O
নামত	O
দেৱোত্তৰ	O
মাটি	O
৮৩৩	O
বিঘা	O
দান	O
কৰে	O
।	O

২০১১	B-DATE
চনৰ	I-DATE
লোকপিয়ল	O
অনুসৰি	O
শিৱসাগৰৰ	B-LOC
জনসংখ্যা	O
আছিল	O
৫০৭৮১	O
গৰাকী	O
য'ৰ	O
২৬৯২৫	O
গৰাকী	O
পুৰুষ	O
আৰু	O
২৩৮৫৬	O
গৰাকী	O
মহিলা	O
।	O

১৯৬৮	B-DATE
চনত	I-DATE
চৰকাৰে	O
প্ৰণয়ন	O
কৰে	O
অসম	B-MISC
ৰাষ্ট্ৰীয়	I-MISC
উদ্যান	I-MISC
আইন	I-MISC
,	O
১৯৬৮	B-DATE
চন	I-DATE
আৰু	O
এই	O
আইনৰ	O
জৰিয়তে	O
কাজিৰঙাক	B-LOC
ৰাষ্ট্ৰীয়	O
উদ্যানৰ	O
ময্যদা	O
দিয়া	O
হয়	O
।	O

১৯০৪	B-DATE
চনত	I-DATE
কাজিৰঙা	B-LOC
অঞ্চলত	O
গঁড়	O
চাবলৈ	O
আহিছিল	O
তদানীন্তন	O
ভাৰতবৰ্ষৰ	B-LOC
ভাইচৰয়	O
লৰ্ড	B-PER
কাৰ্জনৰ	I-PER
পত্নী	O
মেৰী	B-PER
কাৰ্জন	I-PER
।	O

আহোম	B-MISC
স্বৰ্গদেউ	O
প্ৰমত্ত	B-PER
সিংহয়ে	I-PER
১৭৪৯	B-DATE
খ্ৰীষ্টাব্দত	I-DATE
তেওঁৰ	O
পিতৃ	O
স্বৰ্গদেউ	O
ৰুদ্ৰ	B-PER
সিংহৰ	I-PER
স্মৃতিত	O
এই	O
মন্দিৰ	O
নিৰ্মাণ	O
কৰাইছিল	O
।	O

টি.	B-PER
ব্ৰদি	I-PER
বোলা	O
ব্ৰিটিছ	O
বিষয়া	O
এজনৰ	O
অনুৰোধত	O
চি.	B-PER
ক্লেইটন	I-PER
নামৰ	O
এজনে	O
১৮৪৮	B-DATE
চনৰ	I-DATE
জুন	O
মাহত	O
মৈদামৰ	O
লুণ্ঠন	O
আৰম্ভ	O
কৰিছিল	O
।	O

২০১০	B-DATE
চনত	I-DATE
গুৱাহাটী	B-LOC
মহানগৰৰ	O
মুঠ	O
উৎপাদন	O
প্ৰায়	O
১০০	O
কোটি	O
আমেৰিকান	O
ডলাৰ	O
বুলি	O
ধাৰণা	O
কৰা	O
হৈছিল	O
।	O

১৯৭০	B-DATE
চনত	I-DATE
প্ৰকাশিত	O
ডেম'ন্‌ছ	B-MISC
এণ্ড	I-MISC
ডাইন'ছ'ৰ	I-MISC
নামৰ	O
কাব্য	O
সংকলনত	O
কবিতাটো	O
প্ৰথমে	O
প্ৰকাশ	O
হয়	O
।	O

১৭৮৬	B-DATE
-	I-DATE
৮৭	I-DATE
চনত	I-DATE
এই	O
ভেটি	O
স্থাপন	O
কৰা	O
হয়	O
।	O

ডিব্ৰু	B-LOC
আৰু	O
ছৈখোৱা	B-LOC
এই	O
দুয়োখন	O
বনাঞ্চলক	O
১৮৯০	B-DATE
আৰু	O
১৯২৯	B-DATE
চনত	I-DATE
চৰকাৰীভাৱে	O
সংৰক্ষিত	O
বনাঞ্চল	O
ঘোষণা	O
কৰা	O
হৈছিল	O
।	O

এই	O
গৃহটো	O
আহোম	B-MISC
সাম্ৰাজ্যৰ	O
অন্যতম	O
ৰাজধানী	O
ৰংপুৰৰ	B-LOC
ৰূপহী	B-LOC
পথাৰত	I-LOC
১৭৪৬	B-DATE
চনত	I-DATE
স্বৰ্গদেও	O
প্ৰমত্ত	B-PER
সিংহৰ	I-PER
ৰাজত্ব	O
কালত	O
নিৰ্মাণ	O
কৰা	O
হৈছিল	O
।	O

১৯৫৯	B-DATE
চনত	I-DATE
চৰকাৰে	O
থানৰ	O
সম্পত্তি	O
দখল	O
কৰে	O
আৰু	O
থান	O
পৰিচালনাৰ	O
দায়িত্ব	O
লয়	O
।	O

১৯৯২	B-DATE
চনৰ	I-DATE
পৰা	O
ইয়াত	O
বলি	O
প্ৰথা	O
বন্ধ	O
হয়	O
।	O

১৭০৭	B-DATE
চনত	I-DATE
আহোম	O
স্বৰ্গদেউ	O
গৌৰীনাথ	B-PER
সিংহই	I-PER
ইয়ালৈ	O
আহিছিল	O
,	O
কিন্তু	O
অগত্যা	O
কাৰণত	O
তেওঁ	O
পুনৰ	O
উভতি	O
গুছি	O
গৈছিল	O
।	O

লগতে	O
সমগ্ৰ	O
বানঞ্চল	O
মিলি	O
ই	O
ভাৰতৰ	B-LOC
সৰ্ববৃহৎ	O
ক্ৰান্তীয়	O
বৰ্ষাৰণ্য	O
বুলি	O
পৰিগণিত	O
হৈছে	O
২০২০	B-DATE
চনত	I-DATE
ৰাষ্ট্ৰীয়	O
উদ্যানলৈ	O
উন্নীতকৰণৰ	O
পিছত	O
ইয়াৰ	O
মাটিকালি	O
২৩১.৬৫	O
বৰ্গ	O
কিলোমিটাৰলৈ	O
বৃদ্ধি	O
কৰা	O
হয়	O
।	O

১৮৭৮	B-DATE
চনত	I-DATE
তেওঁৰ	O
ককাদেউতাক	O
হৰবিলাস	B-PER
আগৰৱালাই	I-PER
নিৰ্মাণ	O
কৰা	O
ঘৰটোৰ	O
নাম	O
পূৰ্বতে	O
আছিল	O
পকী	O
।	O

১৯৬০	B-DATE
দশকত	I-DATE
প্ৰসিদ্ধ	O
প্ৰকৃতিবিদ	O
স্বৰ্গীয়	O
ই.	B-PER
পি.	I-PER
গী	I-PER
এ	O
এই	O
ঘটনাটো	O
সমগ্ৰ	O
বিশ্বৰ	O
আগত	O
প্ৰকাশ	O
কৰে	O
।	O

১৮৭৬	B-DATE
চনত	I-DATE
চেকনীধৰা	B-LOC
গাঁৱত	O
এই	O
ক্লাবটো	O
প্ৰতিষ্ঠা	O
কৰা	O
হৈছিল	O
।	O

২০০১	B-DATE
চনৰ	I-DATE
জানুৱাৰী	O
মাহৰপৰা	O
ইয়াক	O
নতুন	O
ৰূপত	O
সজাই	O
পৰাই	O
জাতিষ্কাৰ	O
কৰি	O
তোলা	O
হৈছে	O
।	O

২০০৪	B-DATE
চনত	I-DATE
ইয়াক	O
অভয়াৰণ্য	O
হিচাপে	O
স্থাপন	O
কৰা	O
হৈছিল	O
।	O

জয়	B-LOC
দৌল	I-LOC
১৬৯৮	B-DATE
চনত	I-DATE
আহোম	B-MISC
ৰজা	O
স্বৰ্গদেউ	O
ৰুদ্ৰ	B-PER
সিংহয়ে	I-PER
মাতৃ	O
জয়মতীৰ	B-PER
সন্মান	O
আৰু	O
স্মৃতিত	O
নিৰ্মাণ	O
কৰিছিল	O
।	O

ভূমিকম্পই	O
ক্ষতিগ্ৰস্থ	O
কৰা	O
মন্দিৰটোক	O
পাছত	O
১৮৯৭	B-DATE
চনত	I-DATE
পুনৰ	O
নিৰ্মাণ	O
কৰা	O
হয়	O
।	O

চিটি	B-MISC
গাইড	I-MISC
অফ	I-MISC
যোৰহাট	I-MISC
নামৰে	O
১৯৮৭	B-DATE
চনত	I-DATE
যোৰহাটৰ	B-LOC
প্ৰথমখন	O
নিৰ্দেশিকা	O
প্ৰকাশ	O
পায়	O
।	O

১৮৩৫	B-DATE
খ্ৰীষ্টাব্দত	I-DATE
মহাৰাজ	O
গোলাপ	B-PER
সিঙে	I-PER
এই	O
মন্দিৰটোৰ	O
নিৰ্মাণ	O
কাৰ্য	O
আৰম্ভ	O
কৰিছিল	O
আৰু	O
সম্পূৰ্ণ	O
কৰে	O
তেওঁৰ	O
পুত্ৰ	O
মহাৰাজ	O
ৰণবীৰ	B-PER
সিঙে	I-PER
১৮৬০	B-DATE
চনত	I-DATE
।	O

১৮৬৭	B-DATE
চনত	I-DATE
এই	O
মহকুমাক	O
ত্ৰিখণ্ডিত	O
কৰি	O
অংশ	O
বিশেষ	O
ক্ৰমে	O
কাছাৰ	B-LOC
,	O
খাছী	B-LOC
আৰু	O
জয়ন্তীয়া	B-LOC
পাহাৰ	I-LOC
,	O
আৰু	O
নগাঁও	B-LOC
জিলাৰ	O
লগত	O
সংলগ্ন	O
কৰা	O
হয়	O
।	O

১৯৭৩	B-DATE
চনত	I-DATE
এই	O
মন্দিৰ	O
স্থাপিত	O
হয়	O
।	O

১৮৯৮	B-DATE
চনত	I-DATE
এই	O
বিশ্ববিদ্যালয়	O
প্ৰতিষ্ঠা	O
কৰিছিল	O
শেষ	O
নিজাম	O
ওচমান	B-PER
আলী	I-PER
খানে	I-PER
।	O

কোৱা	O
বাহুল্য	O
ইঙ্কাসকল	B-MISC
অৰুণাচলৰ	B-LOC
জনজাতীয়	O
লোকসকলৰ	O
দৰে	O
সূৰ্য	O
উপাসক	O
আছিল	O
।	O

ৰাজতৰংগিনীৰ	B-MISC
১২০টা	O
শ্লোকত	O
কলশ	B-MISC
বংশৰ	I-MISC
ৰজা	O
অনন্তদেৱৰ	B-PER
পুত্ৰৰ	O
অপশাসনৰ	O
সবিশেষ	O
বৰ্ণনা	O
পোৱা	O
যায়	O
।	O

এই	O
দৰ্শনীৰ	O
আয়োজক	O
যুৱতীগৰাকীয়ে	O
দৰ্শনীটোৰ	O
বিষয়ে	O
ইংৰাজী	B-MISC
,	O
তামিল	B-MISC
আৰু	O
চীনা	B-MISC
ভাষাত	O
বৰ্ণনা	O
দিছিল	O
।	O

বিমানৰ	O
পৰা	O
নামি	O
হাত	O
ঘড়ী	O
ইটালীয়ান	B-MISC
সময়মতে	O
মিলাই	O
ল'লোঁ	O
।	O

আজমেৰ	B-LOC
নগৰ	O
সপ্তম	O
শতিকাত	O
পাল	B-MISC
বংশৰ	I-MISC
ৰজা	O
অজয়	B-PER
পাল	I-PER
চৌহানে	I-PER
প্ৰতিষ্ঠা	O
কৰিছিল	O
।	O

প্ৰায়	O
৫৭.	O
৫২%	O
জনসংখ্যা	O
মুছলিম	B-MISC
,	O
৩৪.৫১%	O
হিন্দু	B-MISC
আৰু	O
৭.	O
৭২%	O
খ্ৰিষ্টান	B-MISC
আৰু	O
০.	O
৮%	O
শিখ	B-MISC
।	O

মূল	O
মন্দিৰটোৰ	O
কাষতে	O
আহোম	B-MISC
ৰজা	O
প্ৰমত্ত	B-PER
সিংহ‍ই	I-PER
নিৰ্মাণ	O
কৰা	O
এটা	O
সৰু	O
মন্দিৰ	O
আছে	O
।	O

আটাইবোৰ	O
কথাই	O
অসমীয়া	B-MISC
ভাষাত	O
লিখা	O
।	O

শত্ৰুৰ	O
পৰা	O
নগৰখন	O
সুৰক্ষিত	O
কৰি	O
ৰাখিবলৈ	O
বাণাসুৰে	B-PER
সমগ্ৰ	O
নগৰখনকে	O
অগ্নিৰে	O
বেৰি	O
থৈছিল	O
বুলি	O
কালিকা	B-MISC
পুৰাণত	I-MISC
উল্লেখ	O
আছে	O
।	O

সেই	O
সময়ত	O
সাম্ৰাজ্যগঠনত	O
তৎপৰতা	O
থকা	O
ইজিপ্ট	B-LOC
,	O
পাৰস্য	B-LOC
আৰু	O
ৰোমানসকলে	B-MISC
বেলেগ	O
বেলেগ	O
সময়ত	O
চিৰিয়া	B-LOC
অধিকাৰ	O
কৰিছিল	O
।	O

নিজৰ	O
অসমীয়া	B-MISC
ভাষাটোক	O
লৈ	O
আমাৰ	O
কাৰো	O
আন্তৰিকতাপূৰ্ণ	O
জাতীয়	O
চেতনা	O
নাই	O
।	O

জয়ন্তেশ্বৰী	B-PER
দেৱীক	I-PER
আহোম	B-MISC
ৰাজ্যলৈ	O
আনিবলৈ	O
খোজাত	O
আহোম	B-MISC
সেনাৰ	O
মাজত	O
হেনো	O
নানা	O
যোগে	O
দেখা	O
দিলে	O
।	O

ইয়াৰ	O
লগতে	O
ইছলাম	B-MISC
ধৰ্মালম্বী	O
সকলে	O
পোৱামক্কা	B-LOC
দৰ্শন	O
কৰিলে	O
চৌদি	B-LOC
আৰৱৰ	I-LOC
পৱিত্ৰ	O
নগৰী	O
মক্কা	B-LOC
দৰ্শনৰ	O
এক	O
চতুৰ্থাংশ	O
পুণ্য	O
লাভ	O
কৰে	O
বুলি	O
বিশ্বাস	O
কৰে	O
।	O

কিছুমানৰ	O
মতে	O
ৰুদ্ৰ	B-PER
সিংহক	I-PER
উত্তৰ	B-LOC
গুৱাহাটীত	I-LOC
হিন্দু	B-MISC
ৰীতিৰে	O
অন্তিম	O
সংস্কাৰ	O
কৰা	O
হৈছিল	O
আৰু	O
কিছুমানৰ	O
মতে	O
তেওঁৰ	O
কেৱল	O
এটা	O
আঙুলি	O
ইয়াত	O
হিন্দু	B-MISC
ৰীতিৰে	O
সংস্কাৰ	O
কৰা	O
হৈছিল	O
।	O

মোগল	B-MISC
শাসনকালত	O
গোলকোণ্ডা	B-LOC
আছিল	O
ভাৰতৰ	B-LOC
আটাইতকৈ	O
বৈভৱপূৰ্ণ	O
ৰাজ্য	O
।	O

ফ্ৰাং	O
-	O
মৈ	O
-	O
দাম	O
বা	O
চমুকৈ	O
মৈ	O
-	O
দাম	O
হৈছে	O
আহোম	B-MISC
জনগোষ্ঠীৰ	O
লোকৰ	O
পৰম্পৰাগত	O
মৃতদেহ	O
সংস্কাৰ	O
প্ৰথা	O
আৰু	O
সমাধি	O
।	O

লাডাখৰ	B-LOC
মুখ্য	O
আকৰ্ষণ	O
হৈছে	O
বৌদ্ধ	B-MISC
মঠ	O
আৰু	O
প্ৰসাদসমূহ	O
।	O

মন্দিৰত	O
থকা	O
অন্যান্য	O
মূৰ্তি	O
আৰু	O
কলাৰ্কীতিসমূহে	O
১৪	O
তম	O
খ্ৰীষ্টাব্দত	O
চুতীয়া	B-MISC
ৰজাৰ	O
দিনৰ	O
বুলি	O
ধৰিব	O
পৰা	O
যায়	O
।	O

শোভনাৰ	B-PER
মনত	O
পৰিল	O
-	O
অনিল	B-PER
মহন্তই	I-PER
কৈছিল	O
-	O
হিন্দু	B-MISC
,	O
বৌদ্ধ	B-MISC
,	O
ইছলাম	B-MISC
এই	O
তিনিওটা	O
ধৰ্ম	O
ইয়াতে	O
,	O
একেলগে	O
বিৰাজ	O
কৰিছে	O
।	O

যোৰহাটত	B-LOC
শেষ	O
আহোম	B-MISC
স্বৰ্গদেউ	O
পুৰন্দৰ	B-PER
সিংহ	I-PER
আৰু	O
শৰাইঘাটৰ	B-LOC
যুদ্ধৰ	O
আহোম	B-MISC
সৈন্যবাহিনীৰ	O
বৰফুকন	O
লাচিত	B-PER
বৰফুকনৰ	I-PER
মৈদাম	O
আছে	O
।	O

কহিনুৰ	B-MISC
হীৰা	I-MISC
ইয়াত	O
নাথাকিলেও	O
আছে	O
গোলকোণ্ডা	B-LOC
,	O
বাৰেংগল	B-LOC
,	O
গুলবাৰ্গ	B-LOC
,	O
বিদৰ	B-LOC
।	O

মোগলসকলে	B-MISC
শ্ৰীনগৰ	B-LOC
নগৰখনক	O
গ্ৰীষ্মকালীন	O
আৱাস	O
হিচাপে	O
ব্যৱহাৰ	O
কৰিছিল	O
আৰু	O
তেওঁলোকেও	O
ডাল	B-LOC
হ্ৰদটো	I-LOC
উন্নীত	O
আৰু	O
পৰিবৰ্ধন	O
কৰিছিল	O
।	O

ই	O
হাজোৰ	B-LOC
পঞ্চতীৰ্থৰ	O
অন্যতম	O
আৰু	O
উত্তৰ	B-LOC
পূৰ্বাঞ্চলৰ	I-LOC
আটাইতকৈ	O
পৱিত্ৰ	O
ইছলাম	B-MISC
ধৰ্মৰ	O
উপাসনাস্থলী	O
।	O

মোগলৰ	B-MISC
হাতত	O
কোচ	O
ৰাজ্যৰ	O
পশ্চিমভাগ	O
ৰ	O
পতন	O
হোৱাৰ	O
পিছত	O
পূবৰ	O
ভাগটো	O
আহোমৰ	B-MISC
অধীন	O
হৈ	O
পৰে	O
।	O

ইতিহাসমতে	O
আহোম	B-MISC
স্বৰ্গদেউসকলৰ	O
ৰাজত্বকালত	O
পাইক	O
প্ৰথা	O
বুলি	O
এটা	O
ব্যৱস্থা	O
আছিল	O
।	O

ইয়াত	O
ৰঞ্জি	B-MISC
ট্ৰফীৰ	I-MISC
লগতে	O
বহুতো	O
ৰাষ্ট্ৰীয়	O
পৰ্যায়ৰ	O
জুনিয়ৰ	O
আৰু	O
মহিলা	O
ক্ৰিকেট	O
প্ৰতিযোগিতাৰ	O
খেলো	O
অনুষ্ঠিত	O
হৈছে	O
।	O

মাবাড়	B-LOC
-	I-LOC
অল	I-LOC
-	I-LOC
বনায়ন	I-LOC
আৰু	O
ৱেয়ত	B-LOC
অল	I-LOC
-	I-LOC
পিৰত	I-LOC
থকা	O
হিন্দু	B-MISC
মন্দিৰ	O
আৰু	O
দেখিবলৈ	O
পোৱা	O
নাযায়	O
।	O

সাহিত্যৰ	O
বিৱৰণবোৰ	O
প্ৰমাণিত	O
কৰে	O
যে	O
প্ৰাচীন	O
অসমত	B-LOC
পূজা	O
কৰা	O
অন্যান্য	O
হিন্দু	B-MISC
দেৱদেৱীসকলৰ	O
মাজত	O
সূৰ্য	O
-	O
ৰ	O
সাংস্কৃতিক	O
ইতিহাসত	O
এটা	O
বিশিষ্ট	O
স্থান	O
লাভ	O
কৰিছে	O
।	O

এই	O
ভৱনৰ	O
নাম	O
অসমীয়া	B-MISC
জাতিৰ	O
পিতামহ	O
স্বৰূপ	O
,	O
বৈষ্ণৱ	O
গুৰু	O
তথা	O
পণ্ডিত	O
মহাপুৰুষ	O
শ্ৰীমন্ত	B-PER
শংকৰদেৱৰ	I-PER
নামেৰে	O
ৰখা	O
হৈছে	O
।	O

এই	O
নৈক	O
আকৌ	O
হিন্দু	B-MISC
ধৰ্মৰ	O
দেৱী	O
মনসাৰ	B-PER
নাম	O
অনুসৰি	O
নামকৰণ	O
কৰা	O
হৈছে	O
।	O

বিহপুৰীয়াত	B-LOC
থকা	O
নাহৰণি	B-LOC
থান	I-LOC
মোৱামৰীয়া	B-MISC
সম্প্ৰদায়ৰ	O
মহাপুৰুষ	O
অনিৰুদ্ধৰ	B-PER
সমাধি	O
স্থান	O
।	O

অসমীয়া	B-MISC
বা	O
ভাৰতীয়	B-MISC
খাদ্য	O
তালিকাৰ	O
দৰে	O
দাইল	O
খাদ্য	O
তালিকাৰ	O
প্ৰধান	O
খাদ্যসামগ্ৰী	O
নহয়	O
।	O

যাৰ	O
পৰিণতি	O
আছিল	O
অল	B-LOC
-	I-LOC
ৱালজাত	I-LOC
আৰু	O
অল	B-LOC
-	I-LOC
বন্যানৰ	I-LOC
দৰে	O
ঐতিহাসিক	O
হিন্দুস্তানসমূহ	O
দখলত	O
ৰাখিব	O
পৰাকৈ	O
কোনো	O
হিন্দু	B-MISC
লোক	O
নাছিল	O
।	O

আহোম	B-MISC
আৰু	O
মোগলৰ	B-MISC
দিনত	O
দীপৰ	B-LOC
বিলখনত	I-LOC
জাহাজ	O
মেৰামতি	O
আৰু	O
বয়	O
-	O
বস্তু	O
উঠা	O
-	O
নমা	O
কৰা	O
ঠাই	O
হিচাপে	O
ব্যৱহৃত	O
হৈছিল	O
।	O

দলটোত	O
কোনো	O
ভাৰতীয়	B-MISC
নাছিল	O
।	O

ইয়াত	O
পোৱা	O
আন	O
আন	O
প্ৰাইমেটবোৰ	O
হৈছে	O
সেন্দূৰী	O
বান্দৰ	O
,	O
অসমীয়া	B-MISC
বান্দৰ	O
,	O
মলুৱা	O
বান্দৰ	O
,	O
আৰু	O
টুপীমূৰীয়া	O
বান্দৰ	O
।	O

আহোম	B-MISC
ৰাজত্বত	O
বিশ্বনাথ	B-LOC
ক্ষেত্ৰত	I-LOC
কেবাটাও	O
দৌল	O
-	O
দেৱালয়	O
নিৰ্মান	O
কৰা	O
হৈছিল	O
।	O

কোনো	O
কোনো	O
লোকৰ	O
মতে	O
একাদশদ্বাদশ	O
শতিকাত	O
পাল	B-MISC
ৰাজত্বৰ	O
দিনত	O
আহোম	B-MISC
ৰজাসকলৰো	O
আগতে	O
এই	O
দেৱালয়	O
প্ৰতিষ্ঠিত	O
হয়	O
।	O

মাজুলীৰ	B-LOC
আটাইতকৈ	O
আকৰ্ষমীয়	O
স্থানসমূহ	O
হ'ল	O
বৈষ্ণৱ	B-MISC
সত্ৰসমূহ	O
।	O

জম্মুবাসী	B-MISC
আনন্দত	O
আত্মহাৰা	O
হয়	O
।	O

খেৰাজখাত	B-LOC
মৌজাৰ	O
খামতি	B-MISC
মৌজাদাৰ	O
,	O
আলুং	B-PER
গোহাঁই	I-PER
,	O
চেৰবাহাদুৰ	B-PER
চুব্বা	I-PER
নেপালী	B-MISC
আদি	O
।	O

এইসমূহ	O
শালস্তম্ভ	B-MISC
ৰাজবংশৰ	I-MISC
পাছৰ	O
শাসকসকলৰ	O
সময়ৰ	O
হ'ব	O
পাৰে	O
।	O

অসমৰ	B-LOC
বৈষ্ণৱ	O
সংস্কৃতিৰ	O
বিকাশৰ	O
থলীস্বৰূপ	O
সত্ৰসমূহ	O
অসমীয়া	B-MISC
সমাজৰ	O
প্ৰাণকেন্দ্ৰ	O
।	O

আহোম	B-MISC
ৰাজত্বকালত	O
শালস্তম্ভ	B-MISC
ৰাজবংশৰ	I-MISC
ৰজাৰ	O
দিনত	O
নিৰ্মিত	O
বহুকেইটা	O
মঠ	O
মন্দিৰ	O
পুনৰ	O
নিৰ্মাণ	O
কৰা	O
হৈছিল	O
।	O

তেওঁলোকে	O
মোৰ	O
ইছলামৰ	B-MISC
অতি	O
পবিত্ৰ	O
ঠাই	O
ছিৰিয়াৰ	B-LOC
ৰাজধানী	O
নগৰখনত	O
অৱস্থিত	O
ওমায়াড	B-LOC
মছজিদ	I-LOC
দৰ্শন	O
কৰিবলৈ	O
,	O
পালমিৰাৰ	B-LOC
প্ৰাচীন	O
সভ্যতাৰ	O
ধ্বংসাৱশেষ	O
বুজ	O
ল'বলৈ	O
,	O
টি.	B-PER
ই.	I-PER
লৰেঞ্চ	I-PER
দি	O
ফাইনেষ্ট	O
কেষ্টল	O
ইন	O
দি	O
ৱৰ্ড	O
বুলি	O
বৰ্ণনা	O
কৰা	O
ক্ৰাক	B-LOC
ডে	I-LOC
ছেভালিয়ে	I-LOC
চাবলৈ	O
,	O
হোৱা	O
প্ৰকাণ্ড	O
জলচক্ৰ	O
পৰিদৰ্শন	O
কৰিবলৈ	O
আৰু	O
আপামিয়া	B-LOC
ভ্ৰমণ	O
কৰিবলৈ	O
ছুপাৰিছ	O
কৰিছিল	O
।	O

প্ৰসিদ্ধ	O
লেটেকুপুখুৰীৰ	B-LOC
সন্দৰ্ভত	O
প্ৰথম	O
সম্ভেদ	O
দিয়ে	O
খামতিসকলে	B-MISC
।	O

স্বৰ্গদেউ	O
ৰুদ্ৰ	B-PER
সিংহয়ে	I-PER
জীৱনৰ	O
বিয়লি	O
বেলাত	O
আহোম	B-MISC
ৰাজ্য	O
পশ্চিমলৈ	O
কৰতোৱা	B-LOC
নদীলৈ	I-LOC
বিস্তাৰিত	O
কৰিবলৈ	O
বিচাৰিছিল	O
।	O

মৈদামক	O
ইজিপ্তৰ	B-LOC
ফাৰাওসকলৰ	B-MISC
পিৰামিড	O
আৰু	O
প্ৰাচীন	O
চীনা	B-MISC
ৰাজপৰিয়ালৰ	O
সমাধিৰ	O
সৈতে	O
তুলনা	O
কৰা	O
হয়	O
।	O

বিংশ	O
শতিকাত	O
ওমানত	B-LOC
হিন্দু	B-MISC
ধৰ্মাৱলম্বী	O
লোকৰ	O
সংখ্যা	O
হ্ৰাস	O
পাবলৈ	O
ধৰিছিল	O
।	O

শিৱ	O
লিংগ	O
আৰু	O
প্ৰজাপতিৰ	O
দাঁতিত	O
অসংখ্য	O
শিল	O
খোদিতৰ	O
উপৰিও	O
ইয়াত	O
হিন্দু	B-MISC
দেৱ	O
-	O
দেৱীসকলৰ	O
বহুবোৰ	O
শিল	O
খোদিত	O
আছে	O
যিটো	O
শ্ৰী	B-LOC
সূৰ্য	I-LOC
পাহাৰৰ	I-LOC
পাদদেশত	O
আৰু	O
ইয়াৰ	O
ওচৰে	O
-	O
পাজৰৰ	O
অঞ্চলত	O
দেখিবলৈ	O
পোৱা	O
যায়	O
।	O

নামচাঙৰ	B-MISC
অন্তেষপুৰ	I-MISC
শিৰোনামাৰে	O
লিখাটো	O
আৰম্ভ	O
কৰিলেও	O
ইয়াৰ	O
কাহিনীভাগ	O
আৰম্ভ	O
কৰিলেও	O
ইয়াৰ	O
কাহিনীভাগে	O
অসমৰ	B-LOC
সকলোবোৰ	O
অৰণ্যৰ	O
কথাকে	O
প্ৰতিফলিত	O
কৰিছে	O
।	O

আহোম	B-MISC
ৰজা	O
ৰাজেশ্বৰ	B-PER
সিংহই	I-PER
গুৱাহাটীৰ	B-LOC
সন্ধ্যাচল	B-LOC
পাহাৰত	I-LOC
নিৰ্মাণ	O
কৰা	O
বশিষ্ঠ	B-LOC
আশ্ৰমত	I-LOC
বশিষ্ঠ	B-PER
মুণিৰ	I-PER
পদচিহ্ন	O
আছে	O
।	O

ইতিহাস	O
মতে	O
তুংখুঙীয়া	B-MISC
বংশৰ	O
দ্বাৰা	O
দান	O
দিয়া	O
দেৱোত্তৰ	O
ভূমিত	O
এই	O
মন্দিৰৰ	O
নিৰ্মান	O
কৰোৱা	O
হয়	O
।	O

বিশ্বনাথক	B-LOC
আহোম	B-MISC
ৰাজ্যৰ	O
সৰ্বশ্ৰেষ্ঠ	O
তীৰ্থক্ষেত্ৰ	O
জ্ঞান	O
কৰি	O
ইয়াত	O
নানা	O
ধৰ্মীয়	O
কাৰ্য্য	O
অনুষ্ঠিত	O
কৰাৰ	O
উপৰিও	O
নিজাকৈ	O
একোটা	O
কীৰ্তিচিহ্ন	O
ৰাখি	O
থৈ	O
যোৱাৰ	O
চেষ্টা	O
কৰিছিল	O
।	O

নগা	B-LOC
পাহাৰৰ	I-LOC
পৰা	O
শিল	O
সংগ্ৰহ	O
কৰি	O
আনি	O
কাটিবৰ	O
বাবে	O
আহোমযুগত	B-MISC
শিলাকুটি	O
নামৰ	O
খেলৰ	O
সৃষ্টি	O
হৈছিল	O
।	O

ফলিখনৰ	O
প্ৰথম	O
ছৰশাৰীৰ	O
ভাষা	O
সংস্কৃত	O
আৰু	O
বাকী	O
তিনিটা	O
স্তম্ভত	O
থকা	O
মুঠ	O
৭২	O
শাৰীৰ	O
ভাষা	O
অসমীয়া	B-MISC
।	O

জাপানী	B-MISC
অধ্যাপকজনে	O
কি	O
কয়	O
শুনিলা	O
?	O
তেতিয়া	O
আহোম	B-MISC
স্বৰ্গদেউ	O
ৰুদ্ৰসিংহ‍ই	B-PER
জয়ন্তীয়া	B-MISC
ৰজাক	O
আক্ৰমণ	O
কৰি	O
পৰাস্ত	O
কৰে	O
।	O

অসমীয়া	B-MISC
গ্ৰামাঞ্চলৰ	O
পৰিয়াল	O
একোটাৰ	O
দৰে	O
হাঁহ	O
-	O
কুকুৰা	O
;	O
গৰু	O
-	O
গাহৰি	O
,	O
সৰু	O
পুখুৰী	O
বা	O
শাকনি	O
একোখনেৰে	O
ভিয়েটনামৰ	B-LOC
গ্ৰামাঞ্চলৰ	O
পৰিৱেশ	O
অসমীয়া	O
জাতিৰ	O
পৰিৱেশৰ	O
নিচিনা	O
।	O

এই	O
তামিল	B-MISC
যুৱতীগৰাকীয়ে	O
জন্তুবোৰক	O
এনেদৰে	O
কৌশল	O
এনেদৰে	O
বিভিন্ন	O
কৌশল	O
প্ৰদৰ্শনত	O
পাৰ্গত	O
কৰি	O
তুলিছিল	O
যে	O
তাক	O
ভাষাৰে	O
বুজোৱাটো	O
টান	O
।	O

বৰ্তমান	O
সোণালী	O
বান্দৰৰ	O
সংৰক্ষিত	O
বাসস্থান	O
চক্ৰশীলা	B-LOC
অভয়াৰণ্যৰ	I-LOC
পৰা	O
জয়পুৰৰ	B-LOC
বৰ্ষাৰণ্যলৈ	O
অবিৰতভাৱে	O
পৰিৱেশ	O
সংৰক্ষণ	O
আন্দোলনটো	O
যে	O
গতিশীল	O
কৰি	O
ৰাখিছে	O
সেই	O
কথা	O
নামচাঙৰ	B-MISC
অন্তেষপুৰত	I-MISC
প্ৰকাশ	O
পাইছে	O
।	O

স্থাপন	O
হোৱা	O
বছৰ	O
ধৰি	O
ইয়াত	O
ঘোঁৰা	O
দৌৰ	O
অনুষ্ঠিত	O
হৈ	O
আহিছে	O
য'ত	O
বিজয়ীক	O
গ'ভাৰ্ণৰছ	B-MISC
কাপ	I-MISC
প্ৰদান	O
কৰা	O
হয়	O
।	O

চাওফা	O
তথা	O
উচ্চ	O
পদবীৰ	O
বিষয়াৰ	O
মৈদাম	O
কেৱল	O
লুক	B-MISC
-	I-MISC
খা	I-MISC
-	I-MISC
খুন	I-MISC
বংশৰ	O
মানুহে	O
দিব	O
পাৰিছিল	O
।	O

পৰশুৰামকুণ্ড	B-LOC
হিন্দুসকলৰ	B-MISC
অতি	O
পবিত্ৰ	O
জনপ্ৰিয়	O
অপৰূপ	O
তীৰ্থভূমি	O
।	O

বহুতৰ	O
মতে	O
এই	O
ৰামখা	B-LOC
দেওশাল	I-LOC
কছাৰী	B-MISC
,	O
চুতীয়া	B-MISC
আৰু	O
বৰাহীসকলৰ	B-MISC
দিনতে	O
স্থাপন	O
হোৱা	O
।	O

গোৱালপাৰা	B-LOC
নগৰৰ	O
সংখ্যাগৰিষ্ঠ	O
লোক	O
ইছলামধৰ্মী	B-MISC
।	O

এই	O
জিলাৰ	O
মানুহে	O
অসমীয়া	B-MISC
আৰু	O
বঙালি	B-MISC
সংস্কৃতিৰ	O
মিশ্ৰণ	O
।	O

ই	O
বৈষ্ণৱ	B-MISC
ধৰ্ম	I-MISC
আৰু	O
অসমৰ	B-LOC
মানুহৰ	O
মাজত	O
একতা	O
বজাই	O
ৰখাত	O
সহায়	O
কৰি	O
আহিছে	O
।	O

তদুপৰি	O
শালস্তম্ভ	O
আহোম	B-MISC
যুগৰ	O
কীৰ্তিচিহ্নৰে	O
ভৰপূৰ	O
এই	O
স্থানৰ	O
ঐতিহাসিক	O
আৰু	O
পুৰতাত্বিক	O
মহত্ত্ব	O
আছে	O
।	O

এই	O
ঘটনা	O
চলাজনা	O
অধিকাৰ	O
শ্ৰী	O
শ্ৰী	O
ৰঘুদেৱৰ	B-PER
দিনত	O
ঘটে	O
।	O

ঊষাৰ	B-PER
প্ৰেমিক	O
অনিৰুদ্ধক	B-PER
ইয়াতেই	O
বন্দী	O
কৰি	O
ৰাখিছিল	O
বুলি	O
বিশ্বাস	O
কৰা	O
হয়	O
।	O

প্ৰবাদ	O
আছে	O
যে	O
এবাৰ	O
নৰকাসুৰে	B-PER
কামাখ্যা	B-PER
দেৱীৰ	I-PER
দৰ্শন	O
পালে	O
।	O

সূৰ্যগ্ৰহণ	O
আৰু	O
চন্দ্ৰগ্ৰহণৰ	O
সময়ত	O
ভক্তই	O
মন্দিৰত	O
বিষ্ণুৰ	B-PER
নামত	O
বস্ত্ৰ	O
,	O
সোণ	O
,	O
ৰূপ	O
আদি	O
দান	O
কৰে	O
।	O

স্বৰ্গদেউ	O
শিৱসিংহই	B-PER
প্ৰথমা	O
ৰাণী	O
বৰৰজা	O
ফুলেশ্বৰী	B-PER
কুঁৱৰীৰ	I-PER
মৃত্যুৰ	O
পাছত	O
তেওঁৰে	O
বিবাহিতা	O
ভনীয়েক	O
দ্ৰৌপদীক	B-PER
বিবাহ	O
কৰাই	O
অম্বিকা	B-PER
কুঁৱৰীবা	I-PER
মদাম্বিকা	B-PER
নাম	O
দি	O
বৰৰজা	O
পাতিছিল	O
।	O

এই	O
কথা	O
শুনি	O
শ্ৰীকৃষ্ণই	B-PER
আহি	O
বাণ	O
ৰজাৰ	O
লগত	O
যুদ্ধ	O
কৰে	O
।	O

মদন	B-LOC
কামদেৱত	I-LOC
শিৱ	B-PER
-	O
পাৰ্বতীৰ	B-PER
যুগল	O
মূৰ্তিক	O
উপাসনা	O
কৰা	O
হয়	O
।	O

কিয়নো	O
জান্মুৱন্তই	B-PER
হেনো	O
ইয়াৰ	O
বিখ্যাত	O
পীৰ	B-LOC
-	I-LOC
খো	I-LOC
-	I-LOC
গুহাত	I-LOC
বহি	O
ধ্যান	O
কৰিছিল	O
।	O

ৰজা	O
ধৰ্মপালে	B-PER
ৰাজত্বৰ	O
অন্তিম	O
ভাগত	O
প্ৰদান	O
কৰা	O
পুষ্পভদ্ৰা	O
তাম্ৰলিপিত	O
তেওঁৰ	O
ৰাজধানী	O
কামৰূপ	B-LOC
নগৰী	O
বুলি	O
উল্লেখ	O
কৰিছে	O
।	O

ক্তিষ্টিই	B-PER
আমাক	O
সাত	O
বজাত	O
লগ	O
ধৰিলে	O
।	O

স্বৰ্গদেউ	O
লক্ষ্মী	B-PER
সিংহৰ	I-PER
দিনত	O
তেওঁ	O
পৰ্বতীয়া	O
গোসাঁইৰ	O
বাবে	O
ইয়াৰ	O
পাৰত	O
থকাৰ	O
ব্যৱস্থা	O
কৰিছিল	O
।	O

ড॰	B-PER
বিৰিঞ্চি	I-PER
কুমাৰ	I-PER
বৰুৱা	I-PER
আৰু	O
ড॰	B-PER
শ্ৰী	I-PER
নিবস	I-PER
মুৰথিৰ	I-PER
মতে	O
,	O
ভাস্কৰ্যটো	O
আই	O
মনশাৰ	B-PER
,	O
ভাৰতৰ	O
প্ৰত্নতাত্ত্বিক	O
দল	O
এটাই	O
এইটো	O
পুৰুষৰ	O
দেৱতা	O
হিচাপে	O
চিহ্নিত	O
কৰিছে	O
,	O
যিটো	O
পিছলৈ	O
ঘন	O
প্লাষ্টাৰৰ	O
সহায়ত	O
এগৰাকী	O
মহিলালৈ	O
পৰিণত	O
হৈছিল	O
।	O

মহাপুৰুষ	O
শংকৰদেৱৰ	B-PER
আজ্ঞামৰ্মে	O
মাধৱদেৱৰ	B-PER
গাৰ	O
বদ্বল	O
দি	O
ধৰ্মপ্ৰচাৰৰ	O
অনুমতি	O
দিয়াত	O
বদলা	O
নাম	O
পায়	O
।	O

অৱশেষত	O
জুলিৰ	B-PER
সহযোগত	O
কিছু	O
আঁতৰত	O
থকা	O
ডাকবাংলাৰ	O
চকীদাৰ	O
আৰু	O
ৰান্ধনীক	O
বিচাৰি	O
পোৱা	O
গৰল	O
।	O

বানাসুৰৰ	B-PER
এই	O
বৃহৎ	O
কাশীধাম	B-LOC
নিৰ্মাণৰ	O
কথা	O
জানিব	O
পাৰি	O
স্বৰ্গৰ	O
দেৱতাসকল	O
বিস্মিত	O
হ'ল	O
আৰু	O
এই	O
পৰিকল্পনা	O
বিফল	O
কৰিবৰ	O
বাবে	O
বাণৰজাই	B-PER
অনা	O
এটা	O
শিৱলিংগ	O
চুৰ	O
কৰি	O
আনি	O
শিঙৰীৰ	B-LOC
পাহাৰৰ	I-LOC
গুহাত	O
লুকুৱাই	O
থ'লে	O
।	O

শিৱদেৱতাৰ	B-PER
নামত	O
উৎৰ্সগা	O
কৰাৰ	O
বাবে	O
পুখুৰীটোৰ	O
নাম	O
ৰাখে	O
শিৱসাগৰ	B-LOC
।	O

এবাৰ	O
দক্ষই	B-PER
এটা	O
যজ্ঞৰ	O
আয়োজন	O
কৰিলে	O
।	O

মাধবদেৱৰ	B-PER
দিনতেই	O
সুন্দৰীদিয়া	B-LOC
সত্ৰত	I-LOC
গ্ৰাম্য	O
পুথিভঁৰালৰ	O
ধাৰণাই	O
গা	O
কৰি	O
উঠিছিল	O
।	O

ঔৰংজেৱে	B-PER
আঠ	O
মাহ	O
কাল	O
গোলকোণ্ডা	B-LOC
অৱৰোধ	O
কৰিও	O
যুদ্ধজয়ৰ	O
সম্বাৱনা	O
নেদেখি	O
হতাশ	O
হৈছিল	O
।	O

অনিলে	B-PER
কৈ	O
গ'ল	O
নহয়	O
যে	O
হয়গ্ৰীৱ	O
মানে	O
ঘোৰাৰ	O
মূৰ	O
-	O
অৰ্থাৎ	O
বিষ্ণুৱে	B-PER
ঘোৰাঁৰ	O
মূৰ	O
লৈ	O
হয়গ্ৰীৱ	B-PER
দেৱতা	O
হৈছিল	O
আৰু	O
জ্বৰাসুৰক	B-PER
বধ	O
কৰিলে	O
?	O
তথাপিও	O
সতীয়ে	B-PER
বিনা	O
নিমন্ত্ৰণে	O
পিতৃৰ	O
যজ্ঞস্থলীত	O
উপস্থিত	O
হ'লগৈ	O
।	O

আহোম	O
স্বৰ্গদেউ	O
ৰুদ্ৰসিংহৰ	B-PER
ৰাজত্বকালত	O
ডিব্ৰুগড়	B-LOC
জিলাৰ	O
বগীবিলৰ	B-LOC
ব্ৰহ্মপুত্ৰ	B-LOC
নদৰ	O
পাৰত	O
বুদবাৰী	O
মহন্ত	O
বিজয়া	B-PER
নন্দয়ে	I-PER
কলীয়া	B-LOC
মহন্ত	I-LOC
গোঁসাই	I-LOC
থানখন	I-LOC
স্থাপন	O
কৰিছিল	O
।	O

শংকৰদেৱৰ	B-PER
লগত	O
তেওঁৰ	O
দ্বিতীয়	O
পত্নী	O
কালিন্দী	B-PER
,	O
দুই	O
পিতামহ	O
জয়ন্ত	B-PER
-	O
মাধৱ	B-PER
আৰু	O
পৰিয়ালৰ	O
অন্য	O
সদস্যসকলো	O
গাংমৌলৈ	B-LOC
আহিছিল	O
।	O

এই	O
মন্দিৰত	O
হিন্দুসকলৰ	O
আৰাধ্য	O
ভৈৰৱী	B-PER
দেৱীক	I-PER
নিতৌ	O
পূজা	O
-	O
অৰ্চনা	O
কৰা	O
হয়	O
।	O

ৰজ্ঝৰৰ	O
চনত	O
হিৰাম	B-PER
বিংহাম	I-PER
নামৰ	O
এজন	O
আমেৰিকানে	O
ইয়াক	O
আৱিষ্কাৰ	O
কৰে	O
।	O

ওৱেদ	B-PER
চাহাবৰ	I-PER
বুৰঞ্জীৰ	O
মতে	O
স্বৰ্গদেউ	O
ৰাজেশ্বৰ	B-PER
সিংহই	I-PER
পিচলা	B-LOC
নৈত	I-LOC
স্নান	O
কৰি	O
ফুলবাৰী	B-LOC
দেৱালয়ত	I-LOC
গোঁসানী	O
সেৱা	O
কৰি	O
৪০০০	O
তিৰোতা	O
আৰু	O
ল'ৰা	O
ছোৱালীক	O
কাপোৰ	O
,	O
টকা	O
আৰু	O
সোণ	O
দান	O
কৰে	O
।	O

মোক	O
ধেমালি	O
কৰি	O
ডা:	O
বাচাৰে	B-PER
কলে	O
ক'ত	O
ৱাছিংটনলৈ	B-LOC
আহি	O
বাটে	O
-	O
ঘাটে	O
মাইকী	O
মানুহৰ	O
ফটো	O
উঠাই	O
ফুৰিছে	O
কেপিটল	B-LOC
হিল	I-LOC
।	O

দিহিং	B-LOC
সত্ৰৰ	I-LOC
কোনো	O
পুৰুষ	O
উত্তৰাধিকাৰী	O
নথকাত	O
কলি	B-PER
আইয়ে	I-PER
ইয়াৰ	O
দায়িত্বভাৰ	O
গ্ৰহণ	O
কৰিছিল	O
।	O

শাস্ত্ৰত	O
উল্লেখ	O
আছে	O
যে	O
লিঙ্গ	O
ৰূপত	O
পূজা	O
কৰা	O
দেৱতা	O
অকল	O
শিৱ	B-PER
।	O

অৱশ্যে	O
এই	O
শ্ৰেণীটোৰ	O
স্ব	O
-	O
স্বাৰ্থতেই	O
চন্দ্ৰবাবু	B-PER
নাইডুৰ	I-PER
ভাবমূৰ্তি	O
দিল্লীৰ	B-LOC
ৰাজনীতিৰ	O
মধ্যমণি	O
তথা	O
হাইটেক	O
মুখ্যমন্ত্ৰী	O
হিচাপেই	O
ৰাজ্যখনত	O
প্ৰক্ষেপিত	O
হৈছিল	O
;	O
কৃষকৰ	O
ভোটৰ	O
সংখ্যা	O
নৱস্বচ্ছল	O
মধ্যবিত্ত	O
শ্ৰেণীৰ	O
ভোটৰ	O
সংখ্যাতকৈ	O
বেছি	O
;	O
গতিকে	O
ক্ষমতাৰ	O
পৰা	O
সৰি	O
পৰিছিল	O
চন্দ্ৰবাবু	B-PER
।	O

মহাৰাজ	O
জন্মুলোচন	B-PER
এদিন	O
হাবিত	O
চিকাৰ	O
কৰিবলৈ	O
গৈছিল	O
।	O

বিদায়	O
লাৰা	B-PER
,	O
বিদায়	O
ফেলিক্স	B-PER
।	O

আবেলি	O
ছয়	O
বজাত	O
ইপনচকিন	O
ক্লাবত	O
কাৰ্ল	B-PER
টেইলৰৰ	I-PER
সৈতে	O
নিশাৰ	O
ভোজ	O
।	O

নিজাম	B-PER
নাইডু	B-PER
নগৰ	O
হায়দৰাবাদৰ	B-LOC
ভৱিষ্যত	O
কেনে	O
?	O
জনশ্ৰুতিমতে	O
প্ৰায়	O
৫০০	O
বছৰ	O
আগতে	O
বৰ্তমান	O
বাংলাদেশৰ	B-LOC
মৈমনসিঙৰ	B-LOC
যদু	B-PER
চৌধুৰী	I-PER
নামৰ	O
এগৰাকী	O
বণিকে	O
টিপকাই	B-LOC
নদীৰ	I-LOC
ঘাটত	O
মা	O
মহালয়াৰ	B-PER
দৰ্শন	O
লাভ	O
কৰিছিল	O
।	O

পিছে	O
মহাদেৱে	B-PER
দ্বিতীয়	O
কাশী	B-LOC
পৰিদৰ্শন	O
কৰিবলৈ	O
আহি	O
এটা	O
শিৱলিংগ	O
কম	O
দেখা	O
পায়	O
আৰু	O
মনৰ	O
বেজাৰত	O
শুই	O
পৰোতে	O
এই	O
স্থানতে	O
মহাদেৱৰ	B-PER
নাভিয়ে	O
স্পৰ্শ	O
কৰে	O
।	O

গুণা	O
-	O
গঠা	O
কৰি	O
থাকোতেই	O
প্লাষ্টিকৰ	O
ফিটা	O
আৰু	O
ষ্টীলৰ	O
খুটাৰে	O
বনোৱা	O
চক্ৰবেহুৰ	O
মাজেৰে	O
ডা:	O
বাচাৰক	B-PER
আহি	O
থকা	O
দেখিলো	O
।	O

পুৰাণৰ	O
মতে	O
ব্ৰহ্মাৰ	B-PER
ঐৰষত	O
অমোঘাৰ	B-PER
গৰ্ভত	O
ব্ৰহ্মপুত্ৰৰ	B-LOC
জন্ম	O
।	O

ডিমঙে	B-PER
পাচপোৰ্ট	O
চেক	O
কেইখন	O
আগবঢাই	O
দিলে	O
।	O

পৱিত্ৰ	B-PER
ৰাম	I-PER
ধীৰ	O
স্থিৰ	O
মৰমিয়াল	O
মানুহ	O
।	O

কেইদনমান	O
ভকতে	O
মহাপুৰুষ	O
মাধৱদেৱক	B-PER
বামখাতাত	B-LOC
সত্ৰ	I-LOC
স্থাপন	O
কৰিবলৈ	O
অনুৰোধ	O
কৰাত	O
মাধৱদেৱে	B-PER
ভকত	O
কেইজনৰ	O
হাতত	O
এগছি	O
বন্তি	O
দি	O
পঠাইছিল	O
।	O

১৭	O
শতিকাৰ	O
আৰম্ভননিতে	O
ৰামাকান্ত	B-PER
আতাই	I-PER
আচম্বিতে	O
নামনিৰ	O
বৰপেটালৈ	B-LOC
গৈ	O
তাতে	O
থাকিবলৈ	O
লয়	O
।	O

যমুনাৰ	B-PER
বাওঁহাতে	O
সামান্য	O
ওপৰলৈ	O
দুটা	O
উৰন্ত	O
হাঁহ	O
বিদ্যমান	O
।	O

লোকশ্ৰুতি	O
অনুসৰি	O
দ্বাপৰ	O
যুগত	O
বাণ	B-PER
ৰজাৰ	O
জীয়ৰী	O
ঊষাই	B-PER
ইয়াতেই	O
দেৱী	O
আৰাধনা	O
কৰিছিল	O
।	O

সেই	O
আগমাচাৰ্য্যৰ	B-PER
বংশধৰ	O
সকলে	O
এতিয়াও	O
নেঘেৰিটিং	B-LOC
দৌলত	I-LOC
সেৱা	O
আগবঢ়াই	O
আছে	O
।	O

শিৱসাগৰৰ	B-LOC
নামতি	B-LOC
নামৰ	O
ঠাইত	O
শিৱ	B-PER
আৰু	O
বিষ্ণুৰ	B-PER
দুটা	O
দ'ল	O
আছে	O
।	O

ইয়াত	O
হজৰত	B-PER
মহম্মদৰ	I-PER
অৱশিষ্ট	O
এডাল	O
চুলি	O
সংৰক্ষিত	O
হৈ	O
আছে	O
বাবে	O
ইয়াক	O
দৰগাহ	B-LOC
শ্বৰীফ	I-LOC
বুলিও	O
কোৱা	O
হয়	O
।	O

আন	O
এক	O
প্ৰৱাদমতে	O
এই	O
অঞ্চলতে	O
টুকুৰা	B-PER
নামৰ	O
এজন	O
গৰখীয়া	O
আছিল	O
।	O

পালবংশীয়	O
ৰজা	O
ধৰ্মপালে	B-PER
এই	O
দেৱালয়ৰ	O
যথেষ্ট	O
উন্নতি	O
সাধন	O
কৰিছিল	O
।	O

নিৰূপায়	O
হৈ	O
বশিষ্ঠ	B-PER
ব্ৰহ্মাৰ	B-PER
শৰণাপন্ন	O
হোৱাত	O
তেখেতৰ	O
উপদেশ	O
অনুসৰি	O
সন্ধ্যাচল	B-LOC
পাহাৰত	I-LOC
বিষ্ণুক	B-PER
তপস্যা	O
কৰিবলৈ	O
আৰম্ভ	O
কৰে	O
।	O

কিছু	O
কিছু	O
কথা	O
মই	O
নিজেও	O
ইয়ালৈ	O
আহি	O
আহি	O
শুনিছোঁ	O
,	O
দত্তই	B-PER
কৈ	O
গ'ল	O
-	O
সেই	O
কিতাপবোৰ	O
অৱশ্যে	O
পঢ়ি	O
নাই	O
-	O
সৌ	O
বজাৰত	O
পোৱা	O
অকণমানি	O
পুথি	O
এখন	O
মাত্ৰ	O
পঢ়িছোঁ	O
।	O

নীলাচল	B-LOC
পাহাৰত	I-LOC
সতীৰ	B-PER
যোনিভাগ	O
পৰিল	O
আৰু	O
তাত	O
কামাখ্যা	B-LOC
মন্দিৰ	I-LOC
প্ৰতিষ্ঠা	O
হ'ল	O
।	O

চিচিঙে	B-PER
মাত্ৰ	O
মূৰ	O
দুপিয়াই	O
সঁহাৰি	O
জনালে	O
।	O

অৱশেষত	O
অ'বামাই	B-PER
শপতগ্ৰহণ	O
কৰাৰ	O
সেই	O
১৫	O
-	O
২০	O
দিন	O
সময়	O
ৱাশ্বিংটন	B-LOC
ডি	I-LOC
চিৰ	I-LOC
কোনো	O
এখন	O
হোটেলত	O
থাকিবলগীয়া	O
হৈছিল	O
।	O

গুপ্তেশ্বৰ	B-LOC
দেৱালয়ৰ	I-LOC
নামকৰণ	O
সংক্ৰান্তত	O
এটা	O
লোকশ্ৰুতি	O
অনুসৰি	O
দ্বাপৰ	O
যুগত	O
শোণিতপুৰৰ	B-LOC
ৰজা	O
বাণাসুৰ	B-PER
কাশীধামলৈ	B-LOC
গৈ	O
শিৱৰ	B-PER
আৰাধনা	O
কৰিছিল	O
।	O

হেনৰী	B-PER
প্যাৰীৰ	I-PER
পৰা	O
বিদায়	O
লৈ	O
আমি	O
ৱাছিংটনলৈ	B-LOC
যাত্ৰা	O
কৰিলো	O
।	O

ডা:	O
বাচাৰ	B-PER
আৰু	O
মই	O
দুঘন্টা	O
ঘূৰি	O
-	O
পাকি	O
এই	O
শৈল	O
নগৰীখন	O
চালো	O
।	O

লোকবিশ্বাস	O
অনুসৰি	O
ভগৱান	O
শিৱ‍ই	B-PER
তেওঁৰ	O
বাওঁভৰিৰ	O
এটা	O
চাপ	O
মন্দিৰৰ	O
শিলাখণ্ড	O
এটুকুৰাত	O
এৰি	O
থৈ	O
গৈছে	O
।	O

নকৰাসুৰে	B-PER
কামাখ্যাক	B-PER
বিয়া	O
কৰিব	O
বিচাৰি	O
বিফল	O
হৈ	O
ইয়াতে	O
কুকুৰাৰূপী	O
ভৈৰৱীক	B-PER
কটা	O
বুলি	O
বিশ্বাস	O
আছে	O
।	O

মায়ে	O
কাজু	O
কেইটামান	O
আৰু	O
গাখীৰ	O
এগিলাছ	O
আনি	O
চিচিঙক	B-PER
খাবলৈ	O
দিলে	O
।	O

তেওঁলোকৰ	O
শাসনৰ	O
প্ৰথম	O
দশকতে	O
১৮৩৯	B-LOC
চনত	I-LOC
গোমধৰ	B-PER
কোঁৱৰ	I-PER
,	O
পিয়লি	B-PER
ফুকন	I-PER
,	O
জীউৰাম	B-PER
দুলীয়া	I-PER
বৰুৱা	I-PER
আদিৰ	O
নেত্বত্বত	O
ব্ৰিটিছৰ	O
বিৰূদ্ধে	O
বিদ্ৰোহে	O
গা	O
কৰি	O
উঠে	O
।	O

এনে	O
ধৰণৰ	O
হুইল	O
চেয়াৰ	O
ট্ৰেইনিঙ	O
ক'ৰ্ছত	O
থমাছকো	B-PER
প্ৰশিক্ষণৰ	O
বাবে	O
নামভৰ্তি	O
কৰাই	O
দিছিল	O
।	O

অতিথি	O
শালাৰ	O
পইচা	O
-	O
পাতি	O
ক্তিষ্টিয়	B-PER
আদায়	O
দিলে	O
।	O

ৱেড	B-PER
চাহাবৰ	I-PER
অসমৰ	O
বিৱৰণ	O
পুথিৰ	O
মতে	O
,	O
ছাঁপৰা	B-LOC
নৈৰ	I-LOC
পাৰত	O
নৰোৱা	B-LOC
নামৰ	O
ঠাইত	O
এখন	O
থান	O
আছে	O
বুলি	O
উল্লেখ	O
আছে	O
আৰু	O
তালৈ	O
বছৰি	O
সহস্ৰাধিক	O
দৰ্শনাৰ্থী	O
আহি	O
বাসুদেৱ	B-PER
মূৰ্ত্তি	O
দৰ্শন	O
কৰেহি	O
।	O

ব্ৰহ্মাৰ	B-PER
বৰদানৰ	O
মূল্য	O
ৰাখিবলৈ	O
এই	O
যুদ্ধত	O
বিষ্ণুয়ে	B-PER
পৰাজয	O
বৰণ	O
কৰে	O
।	O

লেখক	O
সৌম্যদ্বীপ	B-PER
দত্ত	I-PER
পৰিৱেশ	O
সংৰক্ষণৰ	O
এজন	O
যোদ্ধা	O
।	O

ডা:	O
ডিমঙে	B-PER
১০০০০	O
ডলাৰৰ	O
ট্ৰেভেৰ্লাচ	O
চেক	O
ভঙাৰ	O
।	O

গৰ্ভগৃহত	O
মা	O
মহামায়াৰ	B-PER
প্ৰায়	O
২	O
ফুট	O
৫	O
ইঞ্চি	O
উচ্চতাৰ	O
আৱক্ষ	O
মূৰ্তি	O
আছে	O
।	O

এই	O
গেটখন	O
ল'ৰ্ড	B-PER
কাৰ্জনক	I-PER
গুৱাহাটীত	B-LOC
আদৰণি	O
জনোৱাৰ	O
বাবে	O
পুনৰ	O
ব্যৱহাৰ	O
কৰা	O
হয়	O
।	O

ডিমকক	B-PER
মাতিলো	O
,	O
সি	O
এইবোৰত	O
ওস্তাদ	O
।	O

মেচুকা	B-LOC
সম্পৰ্কে	O
তথা	O
আমাৰ	O
শ্বুটিঙৰ	O
স্থানসমূহৰ	O
বিষয়েও	O
জুলিৰ	B-PER
যথেষ্টখিনি	O
জ্ঞান	O
আছে	O
।	O

মহাপুৰুষ	B-PER
মাধৱদেৱে	I-PER
সেই	O
ঠাই	O
ত্যাগ	O
কৰাৰ	O
পাছত	O
বুঢ়া	O
-	O
বুঢ়ীহালৰ	O
মৃত্যু	O
হয়	O
আৰু	O
ৰাইজে	O
সেই	O
ঠাইতে	O
খেৰ	O
-	O
বাঁহৰ	O
নামঘৰ	O
সাজি	O
বুঢ়া	O
নামঘৰ	O
নাম	O
দিলে	O
আৰু	O
প্ৰত্যেক	O
বছৰৰ	O
ভাদ	O
মাহত	O
গুৰুজনাৰ	O
আৰ্হিৰে	O
পালনাম	O
গাবলৈ	O
ধৰিলে	O
।	O

ইয়াত	O
স্বৰ্গদেউ	O
ৰুদ্ৰ	B-PER
সিংহৰ	I-PER
ঘোঁৰাত	O
উঠি	O
থকা	O
এটা	O
মূৰ্তি	O
খোদিত	O
আছে	O
।	O

প্ৰবাদ	O
অনুসৰি	O
,	O
ভেংকটেশ্বৰস্বামী	B-PER
তিৰুমালা	B-LOC
পৰ্বত	I-LOC
আগ্ৰাসনৰ	O
সময়ত	O
কল্যানী	B-LOC
নদীৰ	I-LOC
পাৰত	O
ছমাহৰ	O
বাবে	O
আছিল	O
।	O

সতীৰ	B-PER
দেহৰ	O
বিভিন্ন	O
অংগ	O
বিভিন্ন	O
ঠাইত	O
পৰাত	O
সেই	O
সেই	O
ঠাইত	O
একোখন	O
দেৱীপীঠৰ	O
সূচনা	O
হৈছিল	O
।	O

বুলনি	O
ঘৰৰ	O
সম্মুখৰ	O
বেৰৰ	O
শীৰ্ষৰ	O
ফালে	O
বিষ্ণুমূৰ্তি	O
আৰু	O
দুয়োকাষে	O
জয়	B-PER
-	O
বিজয়ৰ	B-PER
মূৰ্তি	O
আছে	O
।	O

দক্ষিণাপাট	B-LOC
সত্ৰ	I-LOC
প্ৰতিষ্ঠা	O
কৰিছিল	O
বনমালী	B-PER
দেৱে	I-PER
।	O

মাধবদেৱে	B-PER
সত্ৰত	O
বিভিন্ন	O
পুথি	O
-	O
পাঁজিসমূহ	O
ভকতসকলৰ	O
সৈতে	O
নিতৌ	O
চৰ্চা	O
কৰাৰ	O
ব্যৱস্থা	O
কৰিছিল	O
।	O

মনোবাঞ্ছা	O
পূৰ্ণ	O
হ'লে	O
পুনৰ	O
আহি	O
ভগৱান	O
শিৱৰ	B-PER
নামত	O
টিলিঙা	O
দান	O
কৰেহি	O
।	O

কিংবদন্তিমতে	O
এই	O
স্থানত	O
শ্ৰীকৃষ্ণ	B-PER
আৰু	O
অৰ্জুনে	B-PER
এবাৰ	O
জিৰণি	O
লৈছিল	O
।	O

ইয়াৰ	O
পিছত	O
বিষ্ণুৱে	B-PER
উত্তৰ	B-LOC
-	I-LOC
পূবলৈ	I-LOC
আহি	O
হয়গ্ৰীৱ	B-PER
ৰূপতে	O
শুই	O
পৰে	O
।	O

কথিত	O
আছে	O
যে	O
দ্বাপৰ	O
যুগত	O
শিৱভক্ত	O
বাণাসুৰে	B-PER
এই	O
মন্দিৰ	O
নিৰ্মান	O
কৰিছিল	O
।	O

লোকপ্ৰবাদ	O
অনুসৰি	O
এই	O
মন্দিৰটো	O
স্বয়ং	O
বিশ্বকৰ্মা	B-PER
দেৱতাই	O
নিৰ্মাণ	O
কৰিছিল	O
,	O
আৰু	O
পাছত	O
আহোম	O
স্বৰ্গদেউসকলে	O
ইয়াত	O
হাত	O
বুলাইছিল	O
।	O

বৰ্তমানে	O
মন্দিৰ	O
থকা	O
ঠাইৰ	O
ওচৰৰে	O
কোনো	O
এখন	O
গাঁৱৰ	O
ধৰ্মবৰ	B-PER
নামেৰে	O
এজন	O
ব্ৰাহ্মণে	O
বাস	O
কৰিছিল	O
।	O

স্বৰ্গদেউ	O
ৰাজেশ্বৰ	B-PER
সিংহ‍ই	I-PER
প্ৰসাদটোত	O
মাটিৰ	O
তলত	O
তলাতল	B-LOC
ঘৰ	I-LOC
নামৰ	O
তিনিটা	O
মহল	O
যোগ	O
দিয়ে	O
।	O

সত্ৰৰ	O
কীৰ্তনঘৰৰ	O
দক্ষিণ	O
দিশত	O
ভবানীপুৰীয়া	B-LOC
গোপাল	B-PER
আতা	I-PER
আৰু	O
মাধবদেৱে	B-PER
খন্দা	O
পাতকুঁৱাটো	O
এতিয়াও	O
সংৰক্ষিত	O
কৰি	O
ৰখা	O
হৈছে	O
।	O

জীয়েকক	O
দেখি	O
দক্ষৰ	B-PER
খঙে	O
চুলিৰ	O
আগ	O
পালে	O
আৰু	O
মহাদেৱক	B-PER
ভৎসৰ্না	O
কৰিবলৈ	O
ধৰিলে	O
।	O

মধাই	B-PER
ভকতৰ	O
কথা	O
মানি	O
লৈ	O
গুৰুজনাই	O
মাধবদেৱ	B-PER
আৰু	O
আন	O
শিষ্য	O
সকলক	O
লৈ	O
কমাৰকুছিত	B-LOC
থিতাপি	O
লয়	O
।	O

শোভনা	B-PER
অবাক	O
হৈ	O
গ'ল	O
।	O

জমদগ্নিৰ	B-PER
আদেশ	O
ছজন	O
পুত্ৰই	O
অমান্য	O
কৰাত	O
পাছত	O
পৰশুৰামে	B-PER
পিতৃৰ	O
আদেশ	O
শিৰোধাৰ্য	O
কৰি	O
হাতত	O
এখন	O
কুঠাৰ	O
লৈ	O
মাকৰ	O
শিৰচ্ছেদ	O
কৰে	O
।	O

আহোম	O
স্বৰ্গদেউ	O
শিৱ	B-PER
সিংহয়ে	I-PER
নিৰ্মাণ	O
কৰা	O
এই	O
দেৱালয়ক	O
শক্তিপীঠ	O
হিচাপে	O
গণ্য	O
কৰা	O
হয়	O
।	O

কিংবদন্তি	O
ঋষি	O
বশিষ্ঠৰ	B-PER
আশ্ৰম	O
আছিল	O
বাবেই	O
এই	O
ঠাইখিনি	O
বশিষ্ঠাশ্ৰম	O
বুলি	O
জনা	O
যায়	O
।	O

দেৱালয়ত	O
থকা	O
সোণৰূপৰ	O
ছত্ৰ	O
,	O
ফুল	O
,	O
কোষা	O
-	O
অৰ্ঘা	O
,	O
তামি	O
,	O
বলিকটা	O
দা	O
আদিত	O
ওজন	O
আৰু	O
কোনে	O
সেয়া	O
গঢ়াই	O
দিছিল	O
সকলো	O
স্বৰ্গদেউ	O
চন্দ্ৰকান্ত	B-PER
সিংহৰ	I-PER
নামেৰে	O
লিখি	O
থোৱা	O
হৈছিল	O
।	O

উল্লেখযোগ্য	O
অৱশেষ	O
হ'ল	O
গণেশ	B-PER
,	O
হৰি	B-PER
হাৰা	I-PER
,	O
বিষ্ণুপদ	O
প্ৰভৃতি	O
।	O

শিলডোখৰ	O
দেখি	O
ধৰ্মবৰ	B-PER
ভয়	O
খাই	O
গুছি	O
আহিল	O
আৰু	O
গাঁৱৰ	O
ৰাইজক	O
কথাটো	O
ক'লেগৈ	O
।	O

মোক	O
দেখি	O
ডাক্তৰ	O
বাচাৰেও	B-PER
তেওঁৰ	O
বেগটো	O
বান্ধিলে	O
।	O

প্ৰথমজন	O
সত্ৰাধিকাৰ	O
আছিল	O
শ্ৰীশ্ৰী	B-PER
বনমালিদেৱ	I-PER
।	O

শংকৰদেৱ	B-PER
গাং‍মৌ	B-LOC
থানলৈ	I-LOC
প্ৰকৃততে	O
কিমান	O
চনত	O
আহিছিল	O
,	O
সেই	O
বিষয়ে	O
কোনো	O
তথ্য	O
পোৱা	O
নাযায়	O
।	O

ডা:	O
বাচাৰে	B-PER
টিকট	O
দেখুৱালে	O
।	O

ইয়াৰে	O
ভিতৰত	O
বৃহত্তম	O
মূৰ্তিটো	O
হৈছে	O
ইন্দ্ৰদেৱতাৰ	B-PER
।	O

দেৱালয়খনৰ	O
নাম	O
মদন	B-LOC
কামদেৱ	I-LOC
যদিও	O
ইয়াত	O
মদন	B-PER
কামদেৱৰ	I-PER
উপাসনা	O
কৰা	O
নহয়	O
।	O

বিদায়	O
ক্তিষ্টি	B-PER
।	O

তেওঁ	O
অৱশ্যে	O
স্বীকাৰ	O
কৰিছে	O
যে	O
অলপতে	O
হাজোৰে	B-LOC
ল'ৰা	O
প্ৰফেছৰ	O
প্ৰবীণ	B-PER
দাসৰ	I-PER
হাজো	O
সম্বন্ধে	O
কিতাপ	O
ওলাএছে	O
আৰু	O
সেইখনতেওঁ	O
সিদিনা	O
মাত্ৰ	O
পঢ়িছে	O
।	O

দুপৰীয়া	O
ভাতৰ	O
লগত	O
খাবৰ	O
বাবে	O
অসমীই	B-PER
বনাইছিল	O
সাগৰীয়	O
মাছ	O
টেঙা	O
আঞ্জা	O
।	O

বৰ্তমানৰ	O
সত্ৰাধিকাৰ	O
হ'ল	O
শ্ৰী	O
শ্ৰী	O
ৰমানন্দ	B-PER
দেৱগোস্বামী	I-PER
।	O

মন্দিৰ	O
নগৰীস্থ	O
এই	O
মন্দিৰটো	O
ভগৱান	O
বিষ্ণুৰ	B-PER
অৱতাৰ	O
কৃষ্ণৰ	B-PER
।	O

দেৱীয়ে	O
ক'লে	O
যে	O
নৰকে	B-PER
যদি	O
মন্দিৰ	O
দৰ্শনাৰ্থীসকলৰ	O
সুবিধাৰ্থে	O
নীলাচল	B-LOC
পাহাৰৰ	I-LOC
নামনিৰ	O
পৰা	O
মন্দিৰলৈ	O
একে	O
নিশাৰ	O
ভিতৰতে	O
এটা	O
শিলৰ	O
খটখটি	O
সাজি	O
দিয়ে	O
,	O
তেন্তে	O
তেওঁ	O
নৰকৰ	B-PER
সৈতে	O
বিয়াত	O
বহিবলৈ	O
ৰাজি	O
আছে	O
।	O

বিদেশী	O
বিনিয়োগকাৰীক	O
আকৰ্ষণ	O
কৰিবৰ	O
বাবেই	O
চহৰখন	O
সামগ্ৰিক	O
বিকাশৰ	O
সৰ্বাধিক	O
গুৰুত্ব	O
দিছিল	O
চন্দ্ৰবাবুৱে	B-PER
।	O

মাধৱ	B-LOC
আহি	O
যি	O
ঠাইত	O
জিৰণি	O
লৈ	O
প্ৰমীলা	B-PER
-	O
অৰ্জুনৰ	B-PER
বিবাদৰ	O
মীমাংসা	O
কৰি	O
দুয়োৰে	O
মিলন	O
ঘটাইছিল	O
সেই	O
ঠায়ে	O
পৰবৰ্তী	O
কালত	O
মাধৱ	B-LOC
থান	I-LOC
আৰু	O
পাহাৰটো	O
মাধৱ	B-LOC
পাহাৰ	I-LOC
হল	O
বুলি	O
জনশ্ৰুতি	O
আছে	O
।	O

কাৰেংঘৰৰ	B-LOC
নিৰ্মাণ	O
কৰোঁতা	O
বঙালী	O
মুছলমান	O
সম্প্ৰদায়ৰ	O
ঘনশ্যামউদিনৰ	B-PER
ঘৰ	O
।	O

মাধৱদেৱ	B-PER
গুৰুজনাই	O
স্থাপন	O
কৰা	O
কীৰ্তনঘৰত	O
এখনেই	O
গুৰু	O
আসন	O
আছিল	O
আৰু	O
তাৰ	O
সম্মুখতে	O
শৰণ	O
দিয়াৰ	O
ব্যৱস্থা	O
আছিল	O
।	O

শিৱক	B-PER
বুঢ়া	O
বা	O
লিঙ্গ	O
ৰূপত	O
বিস্তৰ	O
ভাৱে	O
প্ৰাচীন	O
অসমত	B-LOC
পূজা	O
কৰা	O
হৈছিল	O
।	O

শিৱ	B-PER
বিৰিণাৰ	O
তলত	O
উদ্ধাৰ	O
হোৱা	O
বাবে	O
কোৱা	O
হয়	O
বিৰিণাৰ	O
ঈশ্বৰ	O
-	O
বিন্নেশ্বৰ	B-LOC
,	O
ক্ৰমে	O
অপভ্ৰংশ	O
হৈ	O
বিল্বেশ্বৰ	B-LOC
আৰু	O
বেলশৰ	B-LOC
হয়	O
।	O

কিযনো	O
উক্ত	O
ঠাইতে	O
মহাৰাজ	O
জম্বুলোচনে	B-PER
সেই	O
অপূৰ্ব	O
ঘটনাটো	O
দেখিবলৈ	O
পাইছিল	O
।	O

অনিলক	B-PER
গাইড	O
হিচাপে	O
লৈ	O
বন্দনা	B-PER
আৰু	O
বিমানে	B-PER
হাজোৰ	B-LOC
অন্যান্য	O
ঠাই	O
চাবলৈ	O
নামি	O
গ'ল	O
মাহচাউল	O
গলিয়াই	O
গলিয়াই	O
।	O

বানৰজাক	B-PER
সহায়	O
কৰিবলৈ	O
তেওঁৰ	O
ইষ্টদেৱ	O
ভগবান	O
শিৱইও	B-PER
যুদ্ধত	O
লিপ্ত	O
হয়	O
।	O

এই	O
থান	O
ডিবৰু	B-LOC
সত্ৰৰ	I-LOC
সত্ৰাধিকাৰৰ	O
দুহিতা	O
কলি	B-PER
আইৰ	I-PER
প্ৰতি	O
উছৰ্গিত	O
।	O

বাণৰজায়েও	B-PER
নিজৰ	O
ভুল	O
উপলব্ধি	O
কৰি	O
ঊষাক	B-PER
অনিৰুদ্ধলৈ	B-PER
বিয়া	O
দিয়ে	O
।	O

ব্ৰহ্মপুত্ৰৰ	B-LOC
পাৰত	O
স্থিত	O
এই	O
পাহাৰত	O
সৰু	O
-	O
ডাঙৰ	O
আঠপহীয়া	O
শিলত	O
কটা	O
পদুম	O
ফুল	O
,	O
ডাঙৰ	O
শিলাখণ্ডত	O
কটা	O
দশাৱতাৰ	O
মূৰ্তিৰ	O
লগতে	O
নৰসিংহৰ	B-PER
হিৰণ্যকশিপুৰ	B-PER
বধৰ	O
শিলামূৰ্তি	O
,	O
অপৰূপা	O
অপ্সৰাৰ	B-PER
মূৰ্তি	O
আদি	O
আছে	O
।	O

বাপেক	O
চেমুৱেল	B-PER
অগাধ	O
সম্পত্তিৰ	O
মালিক	O
।	O

দেৱীৰ	O
উগ্ৰ	O
অগ্ৰসনৰ	O
বাবে	O
বশিষ্ঠ	B-PER
মুনিৰ	O
তপস্যা	O
ভংগ	O
হয়	O
।	O

লিমাত	B-LOC
বেচি	O
ৰাতি	O
ঘূৰি	O
নুফুৰিবলৈ	O
মোক	O
সকিয়াই	O
দিছিল	O
ডা:	O
জগদীশ	B-PER
মহন্তই	I-PER
।	O

তেওঁ	O
প্ৰসিদ্ধ	O
পক্ষীবিজ্ঞানী	O
স্বৰ্গীয়	O
ছলিম	B-PER
আলি	I-PER
ৰ	O
লগত	O
জাতিংগা	B-LOC
ভ্ৰমণ	O
কৰে	O
।	O

মোৰ	O
তৃতীয়	O
ভাল	O
লগা	O
কথাটো	O
হ'ল	O
কলম্বোত	B-LOC
চৰকাৰী	O
বাছবোৰত	B-PER
লিখা	O
টাটা	O
শব্দটো	O
।	O

মই	O
চিচিঙৰ	B-PER
সুধিলোঁ	O
-	O
চিচিং	B-PER
,	O
তুমি	O
পিছে	O
ক'ৰপৰা	O
আহিনো	O
আমাৰ	O
ঘৰত	O
ওলালাহি	O
?	O
মুখ্যমন্ত্ৰী	O
হৈয়েই	O
চন্দ্ৰবাবু	B-PER
নাইডুৱে	I-PER
গুৰুত্ব	O
দিছিল	O
কৰ্মসংস্থাপন	O
সৃষ্টিত	O
।	O

ইয়াৰে	O
পিছত	O
ভিমাসুৰ	B-PER
অহংকাৰী	O
হৈ	O
পৰে	O
আৰু	O
বিভিন্ন	O
ৰজাক	O
বশ	O
আৰু	O
বন্দী	O
কৰা	O
আৰম্ভ	O
কৰে	O
।	O

ঘটনাটো	O
দেখি	O
টুকুৰা	B-PER
হতভম্ব	O
হ'ল	O
আৰু	O
অৱশেষত	O
এই	O
সকলো	O
কথা	O
বিজনীৰ	B-LOC
ৰজাৰ	O
ওচৰত	O
বিৱৰি	O
ক'লেগৈ	O
।	O

জ্যোতি	B-LOC
ভাৰতীৰ	I-LOC
যাদুঘৰত	O
শৈশৱৰ	O
বিষ্ণুপ্ৰসাদ	B-PER
ৰাভাৰ	I-PER
ফটো	O
,	O
নটসূৰ্য	B-PER
ফণী	I-PER
শৰ্মা	I-PER
,	O
নৃত্যশিল্পী	O
শোণিত	B-PER
কোঁৱৰ	I-PER
গজেন	B-PER
বৰুৱা	I-PER
,	O
গীত	O
ৰচি	O
থকা	O
অৱস্থাত	O
বিষ্ণু	B-PER
প্ৰসাদ	I-PER
ৰাভাৰ	I-PER
ফটো	O
,	O
ৰূপকোঁৱৰৰ	B-PER
মাতৃ	O
কিৰণময়ী	B-PER
আগৰৱালাৰ	I-PER
গহনা	O
থোৱা	O
যতন	O
,	O
জ্যোতি	B-PER
প্ৰসাদৰ	I-PER
অৰ্গেন	O
আদি	O
সংৰক্ষিত	O
হৈ	O
আছে	O
।	O

আমাৰ	O
কাষৰ	O
কোঠাতে	O
আছিল	O
ডিব্ৰুগড়ৰ	B-LOC
শশীকান্ত	B-PER
শইকীয়া	I-PER
আৰু	O
তেজপুৰৰ	B-LOC
ডা:	O
প্ৰদীপ	B-PER
বেদশৰ্মা	I-PER
।	O

কুমাৰ	B-PER
ভাস্কৰ	I-PER
বৰ্মাৰ	I-PER
ডুবিৰ	B-LOC
তাম্ৰলিপিয়ে	O
এইখন	O
পীঠস্থানৰ	O
মহত্ত্ব	O
আৰু	O
গৰিমা	O
বহন	O
কৰি	O
আহিছে	O
।	O

মন্দিৰটো	O
দেৱী	O
দিক্কৰ	B-PER
বাসিনীৰ	I-PER
প্ৰতি	O
উৎসৰ্গিত	O
।	O

তাইৰ	O
নাম	O
চেণ্টিলিনা	B-PER
।	O

বজালী	B-LOC
পৰগণাৰ	O
দক্ষিণ	O
দিশত	O
স্বৰ্গদেউ	O
শিৱসিংহৰ	B-PER
দিনত	O
স্থাপন	O
কৰা	O
হয়	O
পৰিহৰেশ্বৰ	B-LOC
দেৱালয়	I-LOC
।	O

নীলাচল	B-LOC
পাহাৰত	I-LOC
অৱস্থিত	O
কামাখ্যা	B-PER
দেৱীৰ	I-PER
এই	O
মন্দিৰকেই	O
অসমৰ	B-LOC
সবাতোকৈ	O
প্ৰসিদ্ধ	O
আৰু	O
প্ৰভাৱশালী	O
মন্দিৰ	O
বুলি	O
ভবা	O
হয়	O
।	O

গীতাৰ	B-PER
লগতে	O
এখন	O
বিৰাট	O
গাড়ীত	O
আমি	O
গ্ৰীন	B-LOC
উইচলৈ	I-LOC
যাত্ৰা	O
আৰম্ভ	O
কৰিলো	O
।	O

আমিও	O
জয়	O
মাতাদি	B-PER
ধ্বনি	O
দিছোঁ	O
।	O

সম্ভৱতঃ	O
মন্দিৰৰ	O
গাত	O
খোদিত	O
আৰু	O
চৌপাশে	O
সিঁচৰতি	O
হৈ	O
থকা	O
শৃংগাৰৰত	O
ভংগিমাৰ	O
ভাস্কৰ্যসমূহৰ	O
বাবে	O
জনমানসত	O
হিন্দুৰ	O
প্ৰেম	O
আৰু	O
যৌনতাৰ	O
দেৱতা	O
মদন	B-PER
কামদেৱৰ	I-PER
নামে	O
ঠাই	O
পাইছিল	O
।	O

সেয়েহে	O
গুৰুজনাই	O
মাধৱদেৱৰ	B-PER
লগত	O
আলোচনা	O
কৰি	O
সেই	O
ঠাই	O
পৰিত্যাগ	O
কৰাৰ	O
সিদ্ধান্ত	O
লয়	O
।	O

জিনা	B-PER
নামৰ	O
মিডওৱাইফ	O
এজনীয়	O
আমাক	O
লপেটপত	O
সুন্দৰকৈ	O
কেন্দ্ৰটোৰ	O
কাৰ্যক্ৰমণিকা	O
দেখুৱালে	O
।	O

এনেতে	O
ডা:	O
বাচাৰ	B-PER
আহি	O
ওলাল	O
।	O

আউনীআটী	B-LOC
সত্ৰ	I-LOC
প্ৰতিষ্ঠা	O
কৰিছিল	O
নিৰঞ্জন	B-PER
পাঠকদেৱে	I-PER
।	O

আমেৰিকা	B-LOC
যুক্তৰাষ্ট্ৰৰ	I-LOC
কল্পবিজ্ঞান	O
লেখক	O
এল.	B-PER
স্প্ৰিউগ	I-PER
ডি	I-PER
কেম্পয়ে	I-PER
কাজিৰঙাক	B-LOC
লৈ	O
কাজিৰঙা	O
,	O
অসম	O
নামে	O
এটা	O
কবিতা	O
ৰচনা	O
কৰে	O
।	O

শ্লোক	O
১.৫৯	O
আছে	O
গ'নন্দা	O
১	O
এই	O
বংশৰ	O
কাশ্মীৰৰ	B-LOC
প্ৰথম	O
ৰজা	O
,	O
তেওঁ	O
মগধৰাজ	O
জৰাসন্ধৰ	B-PER
বংশধৰ	O
আছিল	O
।	O

কিছু	O
সময়ৰ	O
পিছত	O
ফিলিপ্স	B-PER
আহিল	O
।	O

এতিয়ালৈকে	O
১৫	O
জন	O
ব্যক্তিয়ে	O
সত্ৰাধিকাৰ	O
পদত	O
অধিষ্ঠিত	O
হৈছে	O
-	O
জয়হৰিদেৱ	B-PER
,	O
লক্ষ্মীনাৰায়ণদেৱ	B-PER
,	O
জয়ৰামদেৱ	B-PER
,	O
বলোৰামদেৱ	B-PER
,	O
হৰিদেৱ	B-PER
,	O
কৃষ্ণদেৱ	B-PER
,	O
বাসুদেৱ	B-PER
,	O
ৰঘুদেৱ	B-PER
,	O
হৰিদেৱ	B-PER
,	O
ভদ্ৰকৃষ্ণদেৱ	B-PER
,	O
যোগচন্দ্ৰদেৱ	B-PER
,	O
পীতাম্বৰদেৱ	B-PER
,	O
কৃষ্ণচন্দ্ৰদেৱ	B-PER
,	O
শ্ৰী	B-PER
শ্ৰী	I-PER
হৰিচন্দ্ৰদেৱ	I-PER
,	O
শ্ৰী	B-PER
শ্ৰী	I-PER
পৰমানন্দদেৱ	I-PER
।	O

সতীৰ	B-PER
দেহৰ	O
অংগ	O
পৰা	O
সেই	O
ঠাইসমূহত	O
শক্তিপীঠ	O
আৰু	O
শিৱই	B-PER
জিৰোৱা	O
ঠাইসমূহত	O
শৱধাম	O
গঢ়ি	O
উঠিছিল	O
।	O

এদিন	O
ৰাতি	O
সপোনত	O
ঊষাই	B-PER
এজন	O
সুদৰ্শন	O
ৰাজকোঁৱৰক	O
দেখা	O
পায়	O
আৰু	O
প্ৰেমত	O
পৰে	O
।	O

ইয়াত	O
ৰাম	B-PER
,	O
সীতা	B-PER
,	O
লক্ষ্মণৰ	B-PER
মূৰ্তি	O
আছে	O
।	O

দৰাচলতে	O
ই	O
ভগৱান	O
শিৱৰহে	B-PER
উপাসনাস্থলী	O
।	O

বেঙেনাআটী	B-LOC
সত্ৰ	I-LOC
শংকৰদেৱৰ	B-PER
মাহীমাকৰ	O
নাতি	O
মুৰাৰীদেৱে	B-PER
প্ৰতিষ্ঠা	O
কৰিছিল	O
।	O

এইবোৰ	O
মহাৰাজ	O
ৰণবীৰে	B-PER
প্ৰতিষ্টা	O
কৰা	O
।	O

জ্যোতি	B-LOC
ভাৰতী	I-LOC
বা	O
পকী	O
হ'ল	O
ৰূপকোঁৱৰ	B-PER
জ্যোতিপ্ৰসাদ	I-PER
আগৰৱালাৰ	I-PER
পিতৃগৃহ	O
।	O

ইয়াত	O
শিৱ	B-PER
,	O
পাৰ্বতী	B-PER
,	O
গণেশ	B-PER
,	O
বিষ্ণু	B-PER
আদিৰ	O
লগতে	O
অন্যান্য	O
দেৱ	O
-	O
দেৱীৰ	O
অসমীয়া	O
শৈলীৰ	O
মূৰ্তি	O
পোৱা	O
গৈছে	O
।	O

সেয়ে	O
এই	O
গড়টোৰ	O
নাম	O
অগ্নিগড়	B-LOC
হ'ল	O
।	O

ৰাষ্ট্ৰীয়	O
উদ্যানখনৰ	O
মূল	O
এলেকাটো	O
দুইভাগে	O
বিভক্ত	O
-	O
উত্তৰৰ	O
প্ৰায়	O
৫০%	O
এলেকা	O
উচ্চভূমিৰ	O
সমতল	O
আৰু	O
দক্ষিণৰ	O
প্ৰায়	O
৫০%	O
এলেকা	O
ব্ৰহ্মপুত্ৰৰ	B-LOC
বানপানী	O
আৰু	O
গৰাখহনীয়াৰ	O
দ্বাৰা	O
সৃষ্টি	O
হোৱা	O
পাললিক	O
প্লাৱনভূমি	O
।	O

উত্তৰ	B-LOC
গোৱাৰ	I-LOC
কেলেংগিউট	B-LOC
সমুদ্ৰতীৰ	O
পানাজীৰ	B-LOC
পৰা	O
১৫	O
কি:মি:	O
আঁতৰত	O
।	O

চাকৰিৰ	O
সংক্ৰান্তত	O
মই	O
বৰ্তমান	O
ডিগবৈৰ	B-LOC
পৰা	O
আহি	O
অন্ধ্ৰপ্ৰদেশৰ	B-LOC
টেনালী	B-LOC
নামৰ	O
ঠাইখনত	O
আছোঁহি	O
।	O

এই	O
ঠাইডোখৰৰ	O
নাম	O
হাজো	B-LOC
কেনেকৈ	O
হ'ল	O
তাক	O
সঠিককৈ	O
ঠাৱৰ	O
কৰিব	O
পৰা	O
হোৱা	O
নাই	O
যদিও	O
এই	O
বিষয়ে	O
বিভিন্ন	O
প্ৰকাৰ	O
কিম্বদন্তি	O
আছে	O
।	O

আজি	O
আমাৰ	O
যাত্ৰা	O
আজমেৰলৈ	B-LOC
।	O

সেইদিনা	O
ৰাতি	O
স্বৰ্গদেৱে	O
সপোনত	O
দেখিলে	O
যে	O
দিখৌৰ	B-LOC
গৰ্ভত	O
দেৱীৰ	O
জাগ্ৰত	O
বিগ্ৰহ	O
আছে	O
।	O

এইক্ষেত্ৰত	O
কেৰালাও	B-LOC
এখন	O
উল্লেখযোগ্য	O
ঠাই	O
।	O

বৰ্তমান	O
পশ্চিমবংগ	B-LOC
আৰু	O
বাংলাদেশৰ	B-LOC
মাজেৰে	O
বৈ	O
যোৱা	O
এই	O
নদী	O
প্ৰাচীন	O
কামৰূপ	B-LOC
ৰাজ্যৰ	O
সীমা	O
আছিল	O
।	O

তিনিচুকীয়া	B-LOC
জিলাত	O
৩৪০	O
বৰ্গ	O
কি:মি:	O
মাটিকালিৰে	O
ডিব্ৰু	B-LOC
ছৈখোৱা	I-LOC
অভয়াৰণ্য	I-LOC
আছে	O
।	O

ইমানদিনে	O
ছাবমেৰিনৰ	O
বিষয়ে	O
পঢ়িছিলোঁ	O
বা	O
ছবিত	O
দেখিছিলোঁ	O
,	O
যেযু	B-LOC
দ্বীপত	I-LOC
গৈ	O
তাত	O
উঠাৰ	O
হেঁপাহত	O
মন	O
উৎফুল্লিত	O
হৈ	O
আছিল	O
।	O

সীমাহীন	O
মাধুৰ্যৰে	O
ভৰা	O
বিশাখাপট্টনমৰ	B-LOC
বুৰঞ্জী	O
আৰু	O
আৱিষ্কাৰৰ	O
বিষয়ে	O
অধ্যয়ন	O
কৰিলে	O
সকলোৱে	O
বিশাখাপট্টনমক	B-LOC
পূব	O
সাগৰীয়	O
উপকূলৰ	O
এখন	O
ৰত্নখচিত	O
দেশ	O
বুলি	O
অভিমত	O
দাঙি	O
ধৰে	O
।	O

ইয়াত	O
থকা	O
প্ৰতীক	O
চিহ্নবোৰে	O
সাগৰৰ	O
উপকূলত	O
থকা	O
যেযু	B-LOC
দ্বীপৰ	I-LOC
অস্তিত্ব	O
,	O
জীৱ	O
-	O
জন্তু	O
চিকাৰ	O
কৰি	O
খোৱাৰ	O
পৰা	O
খেতি	O
-	O
বাতি	O
কৰালৈকে	O
আৰু	O
কেনেদৰে	O
পশ্চিমীয়া	O
সংস্কৃতিৰ	O
প্ৰভাৱ	O
পৰিল	O
আদিৰ	O
উপৰি	O
পূব	B-LOC
এছিয়াৰ	I-LOC
মানুহৰ	O
মনঃস্তত্ব	O
আৰু	O
দ্বিপটোৰ	O
পূব	O
-	O
পশ্চিম	O
সীমা	O
নিৰ্ধাৰণপৰ্যন্ত	O
সকলোখিনি	O
প্ৰকট	O
কৰি	O
দেখুৱাইছে	O
।	O

সেই	O
হিচাপে	O
হোৱাইট	B-LOC
হাউছৰ	I-LOC
কৰ্তৃপক্ষই	O
হোৱাইট	B-LOC
হাউছৰ	I-LOC
অতিথিশালাতে	O
এসপ্তাহৰ	O
আগৰে	O
পৰা	O
থাকিব	O
পৰাকৈ	O
কোঠা	O
সংৰক্ষণ	O
কৰিছিল	O
।	O

ইচ্ছা	O
আছিল	O
গ্ৰীন	B-LOC
টী	I-LOC
মিউজিয়াম	I-LOC
,	O
বনছাই	B-LOC
মিউজিয়াম	I-LOC
আদি	O
চোৱাৰ	O
,	O
কিন্তু	O
সময়ৰ	O
অভাৱত	O
হৈ	O
নুঠিল	O
।	O

আগতে	O
ইয়াক	O
পাটকাই	B-LOC
পৰ্বতমালাৰ	I-LOC
পাদদেশৰ	O
অৰণ্যৰ	O
অংশ	O
বুলি	O
গণ্য	O
কৰা	O
হৈছিল	O
।	O

বিশ্বাস	O
কৰিব	O
পৰা	O
নাই	O
আমি	O
যে	O
ৱাছিংটনৰ	B-LOC
ৰাজপথেৰে	O
খোজকাঢ়িছো	O
।	O

আৰু	O
এইদৰে	O
মূৰ্তিটো	O
অশ্বক্ৰান্ত	B-LOC
মন্দিৰত	I-LOC
স্থাপন	O
কৰা	O
হ'ল	O
।	O

জয়সাগৰৰ	B-LOC
পাৰত	O
জয়দৌল	B-LOC
মন্দিৰ	I-LOC
অৱস্থিত	O
।	O

বনাঞ্চলখন	O
কাৰ্বি	B-LOC
আংলং	I-LOC
পূৰ্ব	I-LOC
সংমণ্ডলৰ	I-LOC
অন্তৰ্গত	O
।	O

এই	O
উদ্যোগবোৰত	O
তৈয়াৰী	O
ক্ৰিকেট	O
বেট	O
ভাৰতৰ	B-LOC
বিভিন্ন	O
ঠাইৰ	O
লগতে	O
ছিংগাপুৰ	B-LOC
,	O
ইংলেণ্ড	B-LOC
ইত্যাদি	O
পৃথিৱীৰ	O
বিভিন্ন	O
ঠাইলৈ	O
ৰপ্তানি	O
হয়	O
।	O

বিশ্বৰ	O
৭	O
শতাংশ	O
ভূভাগ	O
দখল	O
কৰি	O
থকা	O
ইউৰোপত	B-LOC
বাস	O
কৰে	O
বিশ্বৰ	O
২৫	O
শতাংশ	O
লোকে	O
।	O

সাগৰপৃষ্ঠাৰ	O
পৰা	O
প্ৰায	O
১৮০০	O
মিটাৰ	O
উচ্চতাত	O
অৱস্থিত	O
এই	O
ঠাইডোখৰৰ	O
নাম	O
টাটো	B-LOC
।	O

গোৱালপাৰা	B-LOC
নগৰৰ	O
১২%	O
অধিবাসীৰ	O
বয়স	O
ছবছৰৰ	O
অনুৰ্ধৰ	O
।	O

দক্ষিণে	O
ব্ৰহ্মপুত্ৰ	B-LOC
নদী	O
আৰু	O
উত্তৰে	O
ব্ৰহ্মপুত্ৰৰ	B-LOC
সুঁতি	O
খেৰকুটীয়াৰ	B-LOC
লগত	O
সোৱণশিৰি	B-LOC
নদী	I-LOC
লগ	O
লাগি	O
নদীদ্বীপটোৰ	O
গঠন	O
কৰিছে	O
।	O

শেষ	O
মধ্যযুগৰ	O
প্ৰথম	O
অৱস্থাত	O
নিৰ্মিত	O
গুৰুত্বপূৰ্ণ	O
স্থাপত্য	O
-	O
কলা	O
হিচাপে	O
বিবেচিত	O
মহেশ্বৰ	B-LOC
দৌলৰ	I-LOC
মণ্ডপ	O
অংশ	O
ইতিমধ্যে	O
ভাগি	O
পৰিছে	O
।	O

মানস	B-LOC
ৰাষ্ট্ৰীয়	I-LOC
উদ্যানৰ	I-LOC
নামটো	O
ৰাষ্ট্ৰীয়	O
উদ্যান	O
খনৰ	O
মাজেৰে	O
বৈ	O
যোৱা	O
ব্ৰহ্মপুত্ৰৰ	B-LOC
অন্যতম	O
প্ৰধান	O
উপনৈ	O
মানাহ	B-LOC
নৈ	I-LOC
ৰ	O
পৰা	O
লোৱা	O
হৈছে	O
।	O

৮৩৭৪৩	O
বৰ্গ	O
কি:মি:	O
মাটিকালিৰ	O
অৰুণাচলত	B-LOC
মুঠ	O
বাৰখন	O
জিলা	O
আছে	O
।	O

তিৰুমালা	B-LOC
পৰ্বতৰ	O
নামনিত	O
অৱস্থিত	O
এই	O
মন্দিৰত	O
আটকধুনীয়া	O
স্থাপত্যকলাৰে	O
নিৰ্মিত	O
।	O

ইযাত	O
ছাবমেৰাইন	B-LOC
মিউজিয়াম	I-LOC
,	O
বিশাখা	B-LOC
মিউজিয়াম	I-LOC
,	O
কেইবাখনো	O
উদ্যান	O
,	O
বহুতো	O
স্মৃতি	O
চিহ্ন	O
আছে	O
।	O

তেওঁলোকৰ	O
ইতিহাস	O
বিৰজিত	O
কাহিনী	O
কুচকোৰ	B-LOC
বাট	O
-	O
পথ	O
,	O
দেৱাল	O
,	O
অট্টালিকা	O
সকলোতে	O
বিৰাজমান	O
।	O

পানাজীৰ	B-LOC
পৰা	O
৩৯	O
কি:মি:	O
আঁতৰত	O
কোলভা	B-LOC
গোৱাৰ	B-LOC
আটাইতকৈ	O
গুৰুত্বপূৰ্ণ	O
উপকূলীয়	O
অঞ্চল	O
।	O

কলি	B-LOC
আই	I-LOC
থান	I-LOC
হিন্দু	O
ধৰ্মাৱলম্বী	O
লোকসকলৰ	O
পৱিত্ৰ	O
উপাসনাস্থল	O
।	O

আমাৰ	O
দেশৰ	O
পূবলৈ	O
চোৱা	O
নীতিয়ে	O
অসমলৈ	B-LOC
আনিব	O
পৰা	O
সম্ভাৱনাসমূহৰ	O
বাস্তৱ	O
ৰূপত	O
আৰম্ভণি	O
হ'ল	O
ভিয়েটনামত	B-LOC
।	O

তিনিচুকীয়াৰপৰা	B-LOC
গুইজানৰ	B-LOC
প্ৰৱেশ	O
পথলৈ	O
১০	O
কি:মি:	O
আৰু	O
ধোলা	B-LOC
প্ৰৱেশ	I-LOC
পথলৈ	O
৫০	O
কি:মি:	O
।	O

যোৱা	O
৪৮৫	O
বছৰ	O
ধৰি	O
ঢেকীয়াখোৱা	B-LOC
বৰ	I-LOC
নামঘৰ	I-LOC
এইগছি	O
বন্তি	O
জ্বলি	O
আছে	O
।	O

এই	O
গোটেইকেইটা	O
গুৱাহাটীৰ	B-LOC
অন্তৰ্গত	O
।	O

হাৰিয়ানাত	B-LOC
আমি	O
য়ি	O
ঠাইত	O
নামিলোঁ	O
,	O
মানুহে	O
হাভেলি	O
বুলি	O
কয়	O
।	O

উমানন্দত	B-LOC
বিখ্যাত	O
উমানন্দ	B-LOC
দেৱালয়	I-LOC
আছে	O
।	O

সঁচাকৈয়ে	O
শ্ৰীলংকাৰ	B-LOC
গাড়ীবোৰৰ	O
কথা	O
বৰ	O
আমোদজনক	O
।	O

ইয়াৰে	O
এটা	O
জগদ্ধাত্ৰী	B-LOC
দ'ল	I-LOC
আনটো	O
বৰপাত্ৰ	B-LOC
দ'ল	I-LOC
নামে	O
জনা	O
যায়	O
।	O

তেওঁ	O
জানিছিল	O
যে	O
ওমানৰ	B-LOC
বিমানবন্দৰৰ	O
যাত্ৰীৰ	O
বয়	O
-	O
বস্তু	O
অনা	O
-	O
নিয়াৰ	O
ব্যৱস্থাত	O
কোনো	O
খুঁত	O
নাই	O
।	O

এই	O
অঞ্চলৰ	O
মাজেদি	O
ব্ৰহ্মপুত্ৰৰ	B-LOC
অন্যতম	O
উপনদী	O
জীয়াভৰলী	B-LOC
বৈ	O
গৈছে	O
।	O

প্ৰকৃতিৰ	O
মনোমোহা	O
ৰূপেৰে	O
আৱৰা	O
পৰশুৰামকুণ্ডত	B-LOC
হেজাৰ	O
বছৰৰ	O
আগৰে	O
পৰা	O
ভাৰতৰ	O
বিভিন্ন	O
পৰ্যটকে	O
আহি	O
ভিৰ	O
কৰিছে	O
।	O

নামেৰী	B-LOC
ৰাষ্ট্ৰীয়	I-LOC
উদ্যান	I-LOC
আৰু	O
ব্যাঘ্ৰ	O
সংৰক্ষণ	O
বনাঞ্চল	O
অসমৰ	B-LOC
শোণিতপুৰ	B-LOC
জিলাত	O
হিমালয়ৰ	B-LOC
পাদদেশত	O
অৱস্থিত	O
এখন	O
ৰাষ্ট্ৰীয়	O
উদ্যান	O
।	O

গুৱাহাটীৰ	B-LOC
পৰা	O
প্ৰায়	O
২	O
কিলোমিটাৰ	O
দূৰৈত	O
উত্তৰ	B-LOC
ট্ৰাংক	I-LOC
ৰোডৰ	I-LOC
পৰা	O
৫	O
কিল'মিটাৰ	O
পূবে	O
বৰবংশৰ	B-LOC
মৌজাৰ	O
কাটনীপাৰা	B-LOC
গাঁৱৰ	O
ওচৰতে	O
থকা	O
শিলৰ	O
মূৰ্তি	O
উদ্ধাৰ	O
হোৱা	O
বুলি	O
প্ৰত্যেক্ষদৰ্শীৰ	O
মুখে	O
শুনি	O
এবাৰ	O
চাই	O
অহাৰ	O
লোভ	O
সামৰিব	O
নোৱাৰিলো	O
।	O

সেই	O
সময়ত	O
তেজপুৰত	B-LOC
একমাত্ৰ	O
পকী	O
ব্যক্তিগত	O
বাসভৱন	O
আছিল	O
বাবেই	O
এই	O
ঘৰটোক	O
পকী	B-LOC
নামেৰে	O
জনা	O
গৈছিল	O
।	O

পূৰ্বতে	O
এই	O
উদ্যানৰ	O
নাম	O
ক'ল	B-LOC
পাৰ্ক	I-LOC
আছিল	O
।	O

আৰু	O
মন্দিৰ	O
দৰ্শনকৰি	O
এইবাৰ	O
উত্তৰ	B-LOC
গুৱাহাটী	I-LOC
আভিমুখে	O
যাত্ৰ	O
কৰিলো	O
।	O

পাটিয়ালাৰ	B-LOC
ৰাজ্যভাষা	O
আইনখন	O
অতি	O
কটকটীয়াকৈ	O
বলৱৎ	O
কৰা	O
আছে	O
।	O

তেজপুৰ	B-LOC
চহৰৰ	O
পশ্চিম	O
দিশত	O
,	O
চিত্ৰলেখা	B-LOC
উদ্যানৰ	I-LOC
কাষতে	O
এক	O
বিস্তৃত	O
অঞ্চল	O
এই	O
পুখুৰীয়ে	O
আৱৰি	O
লৈ	O
তেজপুৰ	B-LOC
চহৰৰ	O
সৌন্দৰ্য্য	O
বৰ্দ্ধন	O
কৰিছে	O
।	O

অচিনাকি	O
এখন	O
গাড়ীত	O
এজাক	O
অচিনাকি	O
বহিৰাগত	O
পুৰুষৰ	O
লগত	O
নিঃসংকোচে	O
,	O
নিৰ্ভয়ে	O
এজনী	O
গাভৰুৱে	O
এনেদৰে	O
যাত্ৰা	O
কৰাৰ	O
কথা	O
অসম	B-LOC
বা	O
আন	O
ৰাজ্য	O
আমাৰ	O
বাবে	O
কল্পনা	O
কৰিব	O
নোৱাৰা	O
কথা	O
।	O

ৰাইমনা	B-LOC
ৰাষ্ট্ৰীয়	I-LOC
উদ্যানৰ	I-LOC
প্ৰধান	O
আকৰ্ষণ	O
হৈছে	O
সোণালী	O
বান্দৰ	O
আৰু	O
এই	O
বান্দৰ	O
বিধক	O
বড়োলেণ্ড	B-LOC
অঞ্চলৰ	O
শুভংকৰ	O
বুলি	O
গণ্য	O
কৰা	O
হয়	O
।	O

বিশাখাপট্টনমত	B-LOC
আছে	O
দেশৰ	O
হৎ	O
জাহাজ	O
নিৰ্মাণ	O
কাৰখানা	O
,	O
প্ৰকৃতিৰ	O
পোতাশ্ৰয়	O
।	O

তাইৰ	O
সতে	O
কথা	O
পাতি	O
জানিব	O
পাৰিলো	O
য়ে	O
তাই	O
মেচুকালৈ	B-LOC
য়াব	O
।	O

যিখন	O
নদীয়েদি	O
তেওঁ	O
নাওবাই	O
আহিছিল	O
হেই	O
নদীখন	O
চামপৰা	B-LOC
বুলি	O
জনা	O
যায়	O
।	O

মহামায়া	B-LOC
ধামৰ	I-LOC
আন	O
এক	O
পূজাৰ	O
স্থান	O
হৈছে	O
মহালয়া	B-LOC
স্নানঘাট	I-LOC
মন্দিৰ	O
।	O

তাৰ	O
পৰা	O
উভতি	O
অহাৰ	O
পথত	O
আমাৰ	O
বাবে	O
আৰু	O
এটা	O
বিস্ময়	O
আছিল	O
যেযু	B-LOC
দ্বীপৰ	I-LOC
ৰহস্যময়	O
পথ	O
,	O
সেই	O
পথত	O
গাড়ীৰে	O
গৈ	O
থাকোঁতে	O
ষ্টাৰ্ট	O
বন্ধ	O
কৰি	O
তললৈ	O
নামি	O
গ'লেও	O
ওপৰলৈ	O
উঠা	O
যেন	O
লাগিল	O
।	O

মাজুলী	B-LOC
২৬°	O
৪৮′	O
ৰ	O
পৰা	O
২৭°	O
১২′	O
উত্তৰ	O
অক্ষাংশ	O
আৰু	O
৯৩°	O
৩৯′	O
ৰ	O
পৰা	O
৯৪°	O
৩৫′	O
দ্ৰাঘিমাংশত	O
অৱিস্থত	O
অসমৰ	B-LOC
যোৰহাট	B-LOC
জিলাৰ	O
উত্তৰ	O
দিশত	O
মাজুলী	B-LOC
অৱস্থিত	O
।	O

নেঘেৰীটিং	B-LOC
শিৱদ'ল	I-LOC
অসমৰ	B-LOC
প্ৰাচীন	O
স্থাপত্য	O
কলাৰ	O
অনুপম	O
নিদৰ্শন	O
।	O

তেওঁ	O
সদায়	O
টুক্ৰেশ্বৰী	B-LOC
পাহাৰৰ	I-LOC
আশে	O
-	O
পাশে	O
গৰু	O
চৰাইছিল	O
।	O

ভাৰতবৰ্ষৰ	B-LOC
সকলো	O
ঠাইতে	O
থকা	O
শক্তিপীঠ	O
আৰু	O
শিৱধাম	O
সমূহৰ	O
প্ৰতিষ্ঠাৰ	O
একো	O
-	O
একোটা	O
পৌৰাণিক	O
কাহিনী	O
বা	O
জনশ্ৰুতি	O
আছে	O
।	O

সেই	O
বাবেই	O
এয়াৰ	O
নাম	O
অশ্বক্লান্ত	B-LOC
হয়	O
।	O

কালক্ৰমত	O
মানুহৰ	O
মুখবাগৰি	O
এই	O
পবিত্ৰা	B-LOC
,	O
পবিতৰা	B-LOC
হয়	O
।	O

ইয়াৰ	O
ভিতৰত	O
জয়দৌল	B-LOC
শ্ৰেষ্ঠ	O
।	O

বৰ্তমান	O
গুৱাহাটীৰ	B-LOC
পৰা	O
মাজুলীলৈ	B-LOC
লখিমপুৰ	B-LOC
-	I-LOC
ঢকুৱাখনা	I-LOC
পথ	I-LOC
হৈ	O
পোনপটীয়া	O
নৈশ	O
বাছসেৱাৰ	O
ব্যৱস্থা	O
আছে	O
।	O

অতীজৰ	O
কলীয়া	B-LOC
মহন্ত	I-LOC
থান	I-LOC
বা	O
কলি	B-LOC
আই	I-LOC
থান	I-LOC
কালক্ৰমত	O
ব্ৰহ্মপুত্ৰত	B-LOC
জাহ	O
গ'ল	O
।	O

তিৰুপতিৰ	B-LOC
ওচৰৰ	O
বিশেষ	O
আকৰ্ষণ	O
হ'ল	O
তিৰুচানুৰ	B-LOC
।	O

প্ৰথম	O
অৱস্থাত	O
এই	O
সত্ৰখনৰ	O
নাম	O
নৰোৱা	B-LOC
সত্ৰ	I-LOC
।	O

জয়সাগৰ	B-LOC
পুখুৰীৰ	I-LOC
পাৰত	O
জয়	B-LOC
দৌল	I-LOC
,	O
শিৱ	B-LOC
দৌল	I-LOC
,	O
দেৱী	B-LOC
ঘৰ	I-LOC
,	O
ঘনশ্যাম	B-LOC
দৌল	I-LOC
অৱস্থিত	O
।	O

যদি	O
তিৰুপতি	B-LOC
মন্দিৰৰ	I-LOC
লগতে	O
পদ্মাৱতী	B-LOC
দেৱী	I-LOC
মন্দিৰ	I-LOC
দৰ্শন	O
কৰা	O
নহয়	O
,	O
তেতিয়াহ'লে	O
তিৰুপতি	B-LOC
দৰ্শন	O
আধৰুৱা	O
হৈ	O
ৰয়	O
বুলি	O
কোৱা	O
হয়	O
।	O

পূব	O
উপকূলৰ	O
অতি	O
গুৰুত্বপূৰ্ণ	O
পৰ্যটনস্থলী	O
ৰাম	B-LOC
-	I-LOC
কৃষ্ণ	I-LOC
বীচ্চ	I-LOC
।	O

নাছিল	O
মন্ত্ৰী	O
-	O
বিধায়কৰ	O
লগত	O
মোৰ	O
কোনো	O
গঢ়	O
সম্বন্ধতাতে	O
অৰুণাচলত	B-LOC
এতিয়া	O
আমাৰ	O
অসমৰ	B-LOC
নিচিনা	O
থলুৱাৰ	O
প্ৰাধান্য	O
।	O

মাজুলী	B-LOC
আগেয়ে	O
যোৰহাট	B-LOC
জিলাৰ	O
অন্তৰ্ভুক্ত	O
আছিল	O
।	O

পৰ্যটকসকলে	O
পোটাশালীস্থিত	B-LOC
নামেৰী	B-LOC
ৰেঞ্জ	O
অফিচলৈ	O
আহি	O
কাউণ্টাৰ	O
টিকট	O
বুকিং	O
কৰিব	O
পাৰে	O
।	O

আয়াৰলেণ্ডত	B-LOC
দেখিলোঁ	O
একোটা	O
অঞ্চলত	O
ঘৰবোৰ	O
একেধৰণৰ	O
।	O

ইতিহাসৰ	O
পাতত	O
বিভিন্ন	O
সময়ত	O
মামলাপুৰম	B-LOC
,	O
কডালমালাই	B-LOC
,	O
অৰ্থসেতু	B-LOC
,	O
কল্লাভৰম	B-LOC
,	O
মল্লাই	B-LOC
,	O
মামাল্লাই	B-LOC
আদি	O
নামেৰে	O
উজ্বল	O
হৈ	O
থকা	O
এই	O
ঠাইখনৰ	O
বুকুতে	O
আছে	O
বহু	O
ইতিহাসমৃদ্ধ	O
কাহিনী	O
।	O

এই	O
ক'ৰিড'ৰে	O
ঐতিহাসিক	O
আৰু	O
আবাসিক	O
দিশৰপৰা	O
গুৰুত্বপূৰ্ণ	O
অঞ্চল	O
যেনে	O
নীলাচল	B-LOC
পাহাৰ	I-LOC
,	O
পাণ্ডু	B-LOC
,	O
মালিগাঁওক	B-LOC
সংযোগ	O
কৰি	O
দুটা	O
ভাগ	O
হৈছে	O
।	O

হাতীবোৰে	O
নাগালেণ্ডলৈ	B-LOC
প্ৰব্ৰজন	O
কৰাৰ	O
বাবে	O
চাহ	O
বাগিছাবোৰৰ	O
মাজৰে	O
যায়	O
আৰু	O
সেইবাবে	O
চোৰাং	O
চিকাৰৰ	O
লক্ষ্য	O
হয়	O
।	O

জয়	B-LOC
সাগৰৰ	I-LOC
পাৰত	O
অৱস্থিত	O
জয়	B-LOC
দৌল	I-LOC
শ্ৰীকেশৱৰায়	O
বিষ্ণু	O
প্ৰতি	O
উৎসৰ্গিত	O
।	O

বৰ্তমানে	O
এই	O
কুণ্ড	O
ব্ৰহ্মপুত্ৰত	B-LOC
বিলীন	O
হৈছে	O
।	O

ডিব্ৰু	B-LOC
নদীৰ	I-LOC
উত্তৰ	O
পাৰৰ	O
সীমাৰে	O
আবৃত	O
হোৱাৰ	O
কাৰণে	O
,	O
ডিব্ৰু	B-LOC
ছৈখোৱা	I-LOC
ঘাটৰ	I-LOC
ওচৰত	O
অৱস্থিত	O
কাৰণে	O
ৰাষ্ট্ৰীয়	O
উদ্যানখনৰ	O
নামকৰণ	O
কৰা	O
হ'ল	O
ডিব্ৰু	B-LOC
-	I-LOC
ছৈখোৱা	I-LOC
ৰাষ্ট্ৰীয়	I-LOC
উদ্যান	I-LOC
।	O

ইয়াৰ	O
বাবে	O
দেৰগাঁৱৰ	B-LOC
পৰা	O
ৰাজধানী	O
ৰংপুৰলৈ	B-LOC
বৰআলি	B-LOC
নামৰ	O
এটি	O
চমু	O
পথ	O
আছিল	O
।	O

আটাইতকৈ	O
চকুত	O
লগা	O
কথাটো	O
হ'ল	O
প্ৰদেশখনৰ	O
নামৰ	O
আখৰ	O
দুটাৰ	O
ওপৰত	O
সৰুকৈ	O
শ্ৰীলংকাৰ	B-LOC
ৰাষ্ট্ৰীয়	O
মোহৰ	O
।	O

তেজপুৰ	B-LOC
চহৰ	O
আৰু	O
গুৱাহাটীৰ	B-LOC
পৰা	O
এই	O
বনাঞ্চলৰ	O
দুৰত্ব	O
ক্ৰমে	O
৪০	O
কিমি	O
আৰু	O
১৮১	O
কিমি	O
।	O

গুৱাহাটী	B-LOC
মহানগৰীৰ	O
কোলাহলপুৰ্ণ	O
আৰু	O
প্ৰদূষিত	O
পৰিৱেশৰ	O
পৰা	O
মই	O
যেন	O
শৈশৱৰ	O
নিৰ্মল	O
আকাশখনৰ	O
তললৈ	O
ঢাপলি	O
মেলিছোঁ	O
,	O
য'ত	O
আছে	O
গছ	O
-	O
বন	O
-	O
লতিকা	O
,	O
ধাননি	O
পথাৰৰ	O
পৰা	O
অহা	O
এটা	O
আজন্ম	O
চিনাকি	O
গোন্ধ	O
,	O
শুকান	O
কৰকৰীয়া	O
মৰা	O
টান	O
মাটিত	O
বৰষুণক	O
প্ৰথমটোপাল	O
পানী	O
পৰি	O
নিৰ্গত	O
হোৱা	O
পোৰা	O
পোৰা	O
,	O
গোন্ধ	O
,	O
নিয়ৰৰ	O
টোপালত	O
ওলোমি	O
থকা	O
জোনাক	O
আৰু	O
স্বয়ং	O
মোৰ	O
আপুৰুগীয়া	O
শৈশৱ	O
।	O

মতাপুং	B-LOC
-	I-LOC
মাগুৰীক	I-LOC
গুৰুত্বপূৰ্ণ	O
চৰাইৰ	O
এলেকা	O
ৰূপে	O
অভিহিত	O
কৰা	O
হৈছে	O
।	O

দীপৰ	B-LOC
বিলৰ	I-LOC
দ্ৰাঘিমাংশ	O
হৈছে	O
২৬.৬	O
মিনিট	O
৮	O
ছেকেণ্ড	O
আৰু	O
অক্ষাংশ	O
হৈছে	O
১১.৩১	O
মিনিট	O
২	O
ছেকেণ্ড	O
।	O

এই	O
চে	B-LOC
-	I-LOC
ৰাই	I-LOC
-	I-LOC
ডয়	I-LOC
পৰৱৰ্তী	O
কালত	O
চৰাইদেউ	B-LOC
নামেৰে	O
বিখ্যাত	O
হৈ	O
উঠে	O
।	O

মানস	B-LOC
ৰাষ্ট্ৰীয়	I-LOC
উদ্যানত	I-LOC
বৰ্তমানলৈকে	O
সৰ্বমুঠ	O
৫৫	O
বিধৰ	O
স্তন্যপায়ী	O
জন্তু	O
,	O
৪৫০	O
প্ৰকাৰৰ	O
পক্ষী	O
,	O
৫০	O
বিধ	O
সৰীসৃপ	O
আৰু	O
৩	O
বিধ	O
উভচৰ	O
প্ৰাণীৰ	O
প্ৰজাতি	O
পোৱা	O
গৈছে	O
।	O

ডিমা	B-LOC
-	I-LOC
হাছাও	I-LOC
জিলাৰ	O
বৰ্তমানৰ	O
স্বাক্ষৰতাৰ	O
হাৰ	O
৭৮.৯৯%	O
।	O

গোৱালপাৰা	B-LOC
জিলাত	O
বিধানসভাৰ	O
চাৰিটা	O
সমষ্টি	O
আছে	O
-	O
পূব	B-LOC
গোৱালপাৰা	I-LOC
,	O
পশ্চিম	B-LOC
গোৱালপাৰা	I-LOC
,	O
জলেশ্বৰ	B-LOC
আৰু	O
দুধনৈ	B-LOC
।	O

গাইজনীয়ে	O
হেনো	O
নিতৌ	O
শেষ	O
নিশা	O
ডিঙিৰ	O
বান্ধ	O
খুলি	O
সন্ধ্যাঝাৰ	B-LOC
অৰণ্যলৈ	I-LOC
গৈ	O
এজোপা	O
বিৰিণা	O
গছৰ	O
ওপৰত	O
ওহাৰ	O
পাতি	O
গাখীৰ	O
ঢালি	O
পুনৰ	O
গোহালিলৈ	O
ঘূৰি	O
আহিছিল	O
।	O

শোধনাগাৰৰ	O
চাকৰি	O
ত্যাগ	O
কৰি	O
ওমানত	B-LOC
থকা	O
স্বামীৰ	O
ওচৰলৈ	O
যোৱাৰ	O
চূড়ান্ত	O
সিদ্ধান্ত	O
ময়ে	O
গ্ৰহণ	O
কৰিছিলোঁ	O
।	O

ই	O
অসমৰ	B-LOC
ডিব্ৰুগড়	B-LOC
আৰু	O
তিনিচুকীয়া	B-LOC
জিলাত	O
বিস্তৃত	O
হৈ	O
আছে	O
।	O

পেৰুত	B-LOC
আমাৰ	O
আজি	O
শেষ	O
দিন	O
।	O

ইয়াৰে	O
মাজেৰে	O
ব্ৰহ্মপুত্ৰকে	B-LOC
ধৰি	O
চাৰিখন	O
গুৰুত্বপূৰ্ণ	O
নৈ	O
বৈ	O
গৈছে	O
।	O

তিৰুপতিও	B-LOC
পৰ্যটকৰ	O
এখন	O
আকৰ্ষণীয়	O
ঠাই	O
।	O

কামপুৰ	B-LOC
-	O
বৈঠালাংছ	B-LOC
সংযোগী	O
গড়কাপ্তানী	O
পথৰ	O
জৰিয়তে	O
থানলৈ	O
যাতায়াতৰ	O
সুবিধা	O
আছে	O
।	O

লিমাত	B-LOC
আবেলি	O
ছ	O
টা	O
।	O

অসম	B-LOC
ৰাজ্যিক	I-ORG
সংগ্ৰহালয়ৰ	I-ORG
ইতিহাস	O
আৰম্ভ	O
হয়	O
কুৰি	O
শতিকাৰ	O
আৰম্ভণিতেই	O
।	O

বাসুদেৱত	B-LOC
এটা	O
অতি	O
সুন্দৰ	O
অতিথিশালা	O
আছে	O
।	O

গৰমপানী	B-LOC
অভয়াৰণ্যৰ	I-LOC
অৱস্থিতি	O
অক্ষাংশ	O
২৬°৪২'	O
উ.	O
আৰু	O
দ্ৰাঘিমাংশ	O
৯৩°৭২৫'	O
পূ.	O
।	O

এই	O
সকলৰ	O
বংশধৰ	O
চিলাবন্ধাৰ	B-LOC
বিভিন্ন	O
গাঁৱত	O
বাসবাস	O
কৰে	O
।	O

শোণিতপুৰ	B-LOC
জিলাৰ	O
২২০	O
বৰ্গ	O
কি:মি:	O
এলেকাজুৰি	O
অৱস্থিত	O
সোণাই	B-LOC
ৰুপাই	I-LOC
অভয়াৰণ্য	I-LOC
।	O

পোৱা	B-LOC
মক্কাক	I-LOC
লৈ	O
নানান	O
জনশ্ৰুতি	O
আছে	O
।	O

নামবৰ	B-LOC
-	I-LOC
দৈগ্ৰুং	I-LOC
অভয়াৰণ্যৰ	I-LOC
বনাঞ্চল	O
ক্ৰান্তীয়	O
অৰ্ধ	O
চিৰসেউজীয়া	O
যদিও	O
কিছুপৰিমাণে	O
চিৰসেউজীয়া	O
তথা	O
জলাহ	O
ভূমিও	O
দেখা	O
যায়	O
।	O

কাজিৰঙা	B-LOC
ৰাষ্ট্ৰীয়	I-LOC
উদ্যানৰ	I-LOC
স'তে	O
প্ৰায়	O
একে	O
ধৰণৰ	O
বনাঞ্চল	O
তথা	O
পৃথিৱী	O
বিখ্যাত	O
এশিঙীয়া	O
গঁড়ৰ	O
বাসস্থান	O
হোৱাৰ	O
বাবে	O
বহুতে	O
ওৰাঙক	B-LOC
‘মিনি	B-LOC
কাজিৰঙা'	I-LOC
বুলিও	O
আখ্যা	O
দিয়ে	O
।	O

এই	O
মহকুমাৰ	O
সদৰ	O
আছিল	O
আছালু	B-LOC
।	O

আগৰ	O
দিনত	O
বুঢ়ীগোসানী	B-LOC
দেৱালয়ক	I-LOC
বৰপূজাঘৰ	B-LOC
দ'ল	I-LOC
বুলিও	O
জনা	O
গৈছিল	O
।	O

যুদ্ধ	O
অন্ত	O
পৰাৰ	O
পাছত	O
ইংৰাজ	O
সৈন্যই	O
এই	O
ঘোঁৰাবোৰ	O
ইংলেণ্ডলৈ	B-LOC
ঘূৰাই	O
নিনি	O
বনত	O
মুকলি	O
কৰি	O
দিযে	O
।	O

বশিষ্ঠাশ্ৰম	B-LOC
গুৱাহাটী	B-LOC
মহানগৰৰ	I-LOC
পৰা	O
প্ৰায়	O
১১	O
কিলোমিটাৰ	O
আঁতৰত	O
অৱস্থিত	O
।	O

এই	O
ৰাষ্ট্ৰীয়	O
উদ্যান	O
ভূটানৰ	B-LOC
ৰয়েল	B-LOC
মানস	I-LOC
ৰাষ্ট্ৰীয়	I-LOC
উদ্যানৰ	I-LOC
সৈতে	O
সংলগ্ন	O
হৈ	O
আছে	O
।	O

অশ্বক্ৰান্ত	B-LOC
মন্দিৰলৈ	I-LOC
যাবলৈ	O
আহতে	O
থকা	O
শিলৰ	O
পথটো	O
এতিয়া	O
ভালদৰে	O
নিৰ্মাণ	O
কৰি	O
দিয়া	O
হৈছে	O
।	O

উত্তৰে	O
ড'হ'ৰ	B-LOC
ছিংগাপুৰ	I-LOC
ক'জৱে	I-LOC
আৰু	O
পশ্চিমে	O
ছুৱাছ	B-LOC
ছেকেণ্ড	I-LOC
লিংক	I-LOC
পথেৰে	I-LOC
এই	O
সংযোগ	O
স্থাপন	O
কৰা	O
হৈছে	O
।	O

সেই	O
গাওঁখন	O
ফকিৰটোলা	B-LOC
বুলি	O
বৰ্তমান	O
পৰিচিত	O
।	O

টৰ্নেডো	O
আৰু	O
বুমাৰেং	O
সুবিধা	O
থকা	O
ভাৰতৰ	B-LOC
বৃহত্তৰ	O
উদ্যানসমূহৰ	O
মাজত	O
এক'লেণ্ড	B-LOC
অন্যতম	O
।	O

যোৰহাট	B-LOC
চহৰৰ	O
পৰা	O
ফ্ৰেীৰে	O
মাজুলীত	B-LOC
উপস্থিত	O
হ'বলৈ	O
প্ৰায়	O
৩	O
ঘণ্টা	O
সময়ৰ	O
প্ৰয়োজন	O
হয়	O
।	O

মাতা	O
বৈষ্ণদেৱীৰ	B-LOC
পাছতে	O
দ্বিতীয	O
আৰু	O
শক্তিশালী	O
মন্দিৰ	O
হিচাপে	O
এই	O
মন্দিৰক	O
মান্য়তা	O
প্ৰদান	O
কৰা	O
হয	O
।	O

উদ্যানত	O
বিৰাজমান	O
পৰিস্থিতি	O
তন্ত্ৰসমূহ	O
হৈছে	O
-	O
গ্ৰীষ্মমণ্ডলীয়	O
আৰু	O
অৰ্ধগ্ৰীষ্মমণ্ডলীয়	O
আৰ্দ্ৰ	O
বহলপত্ৰী	O
বনাঞ্চলৰ	O
অন্তৰ্গত	O
ব্ৰহ্মপুত্ৰ	B-LOC
উপত্যকাৰ	O
অৰ্ধ	O
-	O
চিৰসেউজ	O
বনাঞ্চল	O
আৰু	O
গ্ৰীষ্মমণ্ডলীয়	O
আৰু	O
অৰ্ধগ্ৰীষ্মমণ্ডলীয়	O
ঘাঁহনি	O
,	O
ছাভানা	O
আৰু	O
জোপোহা	O
পৰিস্থিতি	O
তন্ত্ৰৰ	O
অন্তৰ্গত	O
টেৰাই	O
-	O
ডুয়াৰ	O
ছাভানা	O
আৰু	O
ঘাঁহনিৰ	O
সঘনাই	O
বানপানী	O
হৈ	O
থকা	O
প্ৰকাৰ	O
।	O

কোৱা	O
বাহুল্য	O
হুৱানোকোত	B-LOC
থকা	O
দিন	O
কেইটাত	O
তেওঁৰ	O
আমাৰ	O
বন্ধু	O
আৰু	O
দোভাষীৰ	O
বাম	O
কৰিছিল	O
।	O

জয়সাগৰৰ	B-LOC
দেৱী	B-LOC
দৌলক	I-LOC
দেৱীঘৰ	O
বা	O
দেৱালয়	O
বুলিও	O
জনা	O
যায়	O
।	O

দিক্কৰ	B-LOC
বাসিনীৰ	I-LOC
দুটা	O
ৰূপ	O
বিদ্যমান	O
,	O
তীক্ষ্ণ	O
কণ্ঠ	O
আৰু	O
ললিত	O
কণ্ঠ	O
।	O

ই	O
তিনিচুকীয়া	B-LOC
জিলাৰ	O
পৰা	O
মাত্ৰ	O
১৩	O
কি:মি:	O
দূৰৈত	O
অৱস্থিত	O
।	O

গোলাঘাট	B-LOC
জিলাৰ	O
কমাৰবন্ধাৰ	B-LOC
পৰা	O
ডিব্ৰুগড়	B-LOC
জিলাৰ	O
জয়পুৰলৈ	B-LOC
নিৰ্মাণ	O
কৰা	O
এই	O
সুদীৰ্ঘ	O
আলিটোকে	O
বোলা	O
হৈছিল	O
ধোদৰ	B-LOC
আলি	I-LOC
।	O

ডিমা	B-LOC
-	I-LOC
হাছাও	I-LOC
জিলা	O
আৰু	O
কাৰ্বি	B-LOC
আংলং	I-LOC
জিলাক	O
সংলগ্ন	O
কৰি	O
স্বায়িত্ব	O
শাসিত	O
জিলা	O
এটা	O
সংসদীয়	O
সমষ্টি	O
।	O

নন্দিকেশ্বৰ	B-LOC
অঞ্চলটো	O
ঐতিহ্যমণ্ডিত	O
অঞ্চল	O
বুলি	O
ইয়াত	O
সিচৰিত	O
হৈ	O
থকা	O
দেৱ	O
দেৱালয়	O
,	O
সা	O
-	O
সৰঞ্জাম	O
,	O
বাচনৰ	O
ভগ্নাৱশেষ	O
,	O
শিলামূৰ্ত্তি	O
,	O
খোদিত	O
চিত্ৰ	O
,	O
পাট	O
কুৱা	O
,	O
আদিয়ে	O
প্ৰমাণ	O
দিয়ে	O
।	O

নৱগ্ৰহ	B-LOC
মন্দিৰৰ	I-LOC
লগত	O
ভালেমান	O
কিংবদন্তি	O
আৰু	O
জনশ্ৰুতি	O
জড়িত	O
হৈ	O
আছে	O
।	O

নামেৰী	B-LOC
ৰাষ্ট্ৰীয়	I-LOC
উদ্যানৰ	I-LOC
মূল	O
সমস্যা	O
হৈছে	O
দাঁতিকাষৰিয়া	O
অঞ্চলৰ	O
বেদখলকাৰী	O
তথা	O
কিছুমান	O
গাঁৱৰ	O
মানুহে	O
অৰণ্যৰ	O
ভিতৰচৰাত	O
অবৈধভাৱে	O
চোৰাং	O
চিকাৰৰ	O
লক্ষ্যৰে	O
প্ৰৱেশ	O
কৰি	O
জীৱ	O
-	O
জন্তুসমূহৰ	O
ক্ষতিসাধন	O
কৰিবলৈ	O
চেষ্টা	O
কৰে	O
।	O

ভূটানৰ	B-LOC
এইটো	O
প্ৰান্তৰ	O
যাতায়তৰ	O
পথেৰে	O
পাণবাঙলৈ	B-LOC
যাব	O
পাৰি	O
।	O

তেখেতৰ	O
নামৰ	O
পৰাই	O
এই	O
আশ্ৰমৰ	O
নাম	O
বশিষ্ঠাশ্ৰম	B-LOC
হয়	O
।	O

ইয়াক	O
বৰ্তমান	O
হৰগৌৰী	B-LOC
মন্দিৰ	I-LOC
বুলি	O
জনা	O
যায়	O
।	O

ইয়াৰ	O
বিপৰীতে	O
ছিংগাপুৰ	B-LOC
ডাঙৰ	O
-	O
দীঘল	O
হ'ব	O
ধৰিছে	O
।	O

এই	O
দুটা	O
দ'লক	O
বৰপাত্ৰ	B-LOC
দ'ল	I-LOC
বুলি	O
কোৱা	O
হয়	O
।	O

ভাৰতৰ	B-LOC
ভিন্ন	O
প্ৰান্তৰ	O
পৰা	O
অহা	O
লাখ	O
লাখ	O
ভক্তই	O
তিনিওদিন	O
কামাখ্যা	B-LOC
মন্দিৰৰ	I-LOC
চৌপাশে	O
থাকি	O
নাম	O
-	O
কীৰ্তন	O
কৰে	O
।	O

এইক্ষেত্ৰত	O
এই	O
অৰণ্যখন	O
সুৰক্ষা	O
দিয়াত	O
চৰকাৰে	O
অসমৰ	B-LOC
আন	O
আন	O
ৰাষ্ট্ৰীয়	O
উদ্যানৰ	O
দৰে	O
নামেৰীকো	B-LOC
উন্নত	O
সা	O
-	O
সুবিধা	O
প্ৰদান	O
কৰি	O
এনেধৰণৰ	O
কাৰ্য	O
-	O
কলাপ	O
প্ৰতিহত	O
কৰিবলৈ	O
ব্যৱস্থা	O
ল'ব	O
পাৰে	O
।	O

গুৱাহাটী	B-LOC
এখন	O
মজলীয়া	O
আকাৰৰ	O
নগৰ	O
আৰু	O
জনসংখ্যাৰ	O
ফালৰপৰা	O
ভাৰতত	B-LOC
ইয়াৰ	O
স্থান	O
প্ৰায়	O
৫০তম	O
।	O

দ্ৰুত	O
-	O
পৰিৱৰ্তনশীল	O
যুগৰ	O
সৈতে	O
যুঁজি	O
এইখ	O
নগৰী	O
জীয়াই	O
নাথাকি	O
কি	O
গুৱাহাটী	B-LOC
জীয়াই	O
থাকিব	O
?	O
দক্ষিণ	B-LOC
গোৱাৰ	I-LOC
উল্লেখনীয়	O
পৰ্যটনস্থলীসমূহৰ	O
ভিতৰত	O
পালোলেম	B-LOC
,	O
আগোণ্ডা	B-LOC
,	O
বেটালবাটিম	B-LOC
,	O
ক'লভা	B-LOC
,	O
মাজোৰাদা	B-LOC
,	O
বোগমালো	B-LOC
,	O
বেটুল	B-LOC
আদিবোৰ	O
প্ৰধান	O
।	O

ইয়াৰ	O
গৰঙা	B-LOC
বিলৰ	I-LOC
আশে	O
-	O
পাশে	O
পিকনিকৰ	O
বাবে	O
অতি	O
সুন্দৰ	O
ঠাই	O
আছে	O
।	O

আমেৰিকাৰ	B-LOC
পেনিন	B-LOC
ছালভামিয়াৰ	O
মেৰীশ্যাণ্ডত	O
ইয়াৰ	O
মুখ্য	O
কাৰ্যালয়	O
।	O

জয়সাগৰ	B-LOC
পুখুৰীক	I-LOC
জয়সাগৰ	B-LOC
বৰপুখুৰী	I-LOC
বুলিও	O
জনা	O
যায়	O
।	O

আন্দামানলৈ	B-LOC
যাবলৈ	O
কলকতা	B-LOC
আৰু	O
চেন্নাইৰ	B-LOC
পৰা	O
নিয়মিত	O
বিমানৰ	O
সুবিধা	O
আছে	O
।	O

চিনকিউৰিম	B-LOC
,	O
কেনড'লিম	B-LOC
,	O
আগুৱাডা	B-LOC
,	O
মিৰামাৰ	B-LOC
আদিও	O
উত্তৰ	B-LOC
গোৱাৰ	I-LOC
উল্লেখযোগ্য	O
পৰ্যটনস্থলী	O
।	O

সেই	O
মাটিকালিয়েই	O
পবিতৰা	B-LOC
অভয়াৰণ্যৰ	I-LOC
মাটিকালি	O
।	O

আমেৰিকাত	B-LOC
তিনিদিনৰ	O
কৰ্ম	O
তালিকা	O
আমাৰ	O
বাবে	O
প্ৰস্তুত	O
আছিল	O
।	O

খেলা	O
-	O
ধূলাৰ	O
ক্ষেত্ৰত	O
যেযু	B-LOC
দ্বীপ	I-LOC
যথেষ্ট	O
আগবঢ়া	O
।	O

ভালেমান	O
ঐতিহাসিক	O
স্মৃতিচিহ্নই	O
কৰডোবাৰ	B-LOC
গুৰুত্ব	O
বাঢ়াইছে	O
।	O

ই	O
কাৰ্বি	B-LOC
আংলং	I-LOC
,	O
কাজিৰঙা	B-LOC
লেণ্ডস্কেপৰ	O
এটা	O
উল্লেখযোগ্য	O
অংশ	O
।	O

পেৰুলৈ	B-LOC
আমি	O
গৈছিলো	O
তাৰ	O
জনস্বাস্থ্য	O
বিষয়ৰ	O
ওপৰত	O
ক্ষেত্ৰভিত্তিক	O
অধ্যয়ন	O
কৰিবলৈ	O
।	O

আমি	O
আবেলি	O
৩	O
বজাত	O
ছিংগাপুৰত	B-LOC
উপস্থিত	O
হৈছিলোঁ	O
।	O

হাজো	B-LOC
গুৱাহাটী	B-LOC
লোক	I-LOC
সভা	O
সমষ্টিৰ	O
অন্তৰ্ভুক্ত	O
।	O

চহৰখন	O
অসম	B-LOC
আৰু	O
মেঘালয়ৰ	B-LOC
সীমাত	O
অৱস্থিত	O
,	O
আৰু	O
ডিমা	B-LOC
হাচাও	I-LOC
জিলাৰ	O
সদৰঠাই	O
হাফলঙৰ	B-LOC
পৰা	O
ইয়াৰ	O
দূৰত্ব	O
প্ৰায়	O
১১২	O
কিলোমিটাৰ	O
।	O

বশিষ্ঠ	B-LOC
নদী	I-LOC
,	O
কালমনি	B-LOC
নদী	I-LOC
আৰু	O
বৰষুণৰ	O
পানীয়েই	O
দীপৰ	B-LOC
বিলৰ	I-LOC
পানীৰ	O
প্ৰধান	O
উৎস	O
।	O

নিউয়ৰ্ক	B-LOC
নগৰৰ	O
অলিয়ে	O
-	O
গলিয়ে	O
ঘূৰি	O
-	O
ফুৰি	O
ভৰিৰ	O
বিষ	O
উঠিল	O
।	O

ই	O
হিমালয়ৰ	B-LOC
পাদদেশত	O
অৱস্থিত	O
।	O

তদুপৰি	O
মণিপুৰৰ	B-LOC
পৰ্যটন	O
আকৰ্ষণসমূহো	O
সিচৰিত	O
হৈ	O
আছে	O
ইম্ফলৰ	B-LOC
আশে	O
-	O
পাশে	O
।	O

প্ৰিন্স	B-LOC
ষ্ট্ৰিটত	I-LOC
প্ৰথম	O
বৃটিছ	O
প্ৰেছ	O
আৰম্ভ	O
হৈছিল	O
বুলি	O
জানিব	O
পাৰিলো	O
।	O

তাৰ	O
ভিতৰত	O
আলব'লাফিয়া	B-LOC
মিল	I-LOC
,	O
মিলছ	B-LOC
অৱ	I-LOC
গুৱাডালকুইভাৰ	I-LOC
,	O
চেবকাডিলাৰ	B-LOC
পুৰাতাত্ত্বিক	O
স্থান	O
,	O
মেক্সিমিয়ান	B-LOC
পেলেচ	I-LOC
,	O
কৰডোবাৰ	B-LOC
ৰোমান	I-LOC
মন্দিৰ	I-LOC
আদি	O
অন্যতম	O
আকৰ্ষণীয়	O
আৰু	O
ঐতিহ্যমণ্ডিত	O
স্থান	O
।	O

জন্মুত	B-LOC
ভালেমান	O
মন্দিৰ	O
আছে	O
।	O

মাধৱ	B-LOC
মন্দিৰৰ	I-LOC
ওচৰত	O
মাধৱ	B-LOC
পুখুৰী	I-LOC
নামৰ	O
এটা	O
ডাঙৰ	O
পুখুৰীও	O
আছে	O
।	O

জনজাতীয়	O
লোকসকলৰ	O
উপৰিও	O
হাফলঙৰ	B-LOC
জনসংখ্যাৰ	O
বুজন	O
সংখ্যক	O
অজনজাতীয়	O
লোকো	O
আছে	O
।	O

ডিমা	B-LOC
-	I-LOC
হাছাও	I-LOC
জিলা	O
ভাৰতীয়	O
সংবিধানৰ	O
ষষ্ঠ	O
অনুচ্ছেদৰ	O
অন্তৰ্গত	O
জিলা	O
।	O

ইম্ফল	B-LOC
মণিপুৰৰ	B-LOC
ৰাজধানী	O
।	O

১২শ	O
-	O
১৫শ	O
শতিকাৰ	O
মাজত	O
মধ্যযুগৰ	O
সময়ছোৱাত	O
কমতা	B-LOC
ৰাজ্যৰ	O
পতনৰ	O
পিছত	O
নগৰখনে	O
পূৰ্বৰ	O
গৰিমা	O
হেৰুৱায়	O
আৰু	O
প্ৰধানতঃ	O
পশ্চিমৰ	O
কোচ	B-LOC
হাজো	I-LOC
আৰু	O
পূবৰ	O
আহোম	O
ৰাজ্যৰ	O
কূটনৈতিক	O
থলী	O
হৈ	O
পৰে	O
।	O

এনে	O
এখন	O
থান	O
হ'ল	O
গাংমৌ	B-LOC
থান	I-LOC
।	O

বাসুদেব	B-LOC
থানৰ	I-LOC
মূৰ্ত্তিসমূহ	O
ভালেমান	O
কালৰ	O
পুৰণি	O
।	O

জনাৰ্দন	B-LOC
দেৱালয়	I-LOC
এটা	O
বিষ্ণু	O
মন্দিৰ	O
।	O

জয়সাগৰৰ	B-LOC
পূবফালে	O
খৰিকটীয়া	B-LOC
আলিয়েদি	I-LOC
২	O
কি:মি:	O
আতঁৰত	O
লখিমীসাগৰ	B-LOC
পুখুৰী	I-LOC
আৰু	O
তাৰ	O
পাৰত	O
দুটা	O
দ'ল	O
পোৱা	O
যায়	O
।	O

ডিব্ৰুগড়	B-LOC
চহৰৰ	O
সমীপতে	O
অৱস্থিত	O
এই	O
সৰু	O
গাঁওখন	O
প্ৰকৃতাৰ্থতেই	O
এখন	O
সহজে	O
ভ্ৰমণ	O
কৰিব	O
পৰা	O
অপূৰ্ব	O
পৰ্যটনস্থলী	O
।	O

ব্ৰহ্মপুত্ৰৰ	B-LOC
বানপানী	O
যথেষ্ট	O
সংখ্যক	O
পশুৰ	O
মৃত্যুৰ	O
কাৰণ	O
হৈ	O
পৰে	O
।	O

পৰশুৰামকুণ্ড	B-LOC
উত্তৰ	B-LOC
-	I-LOC
পূৰ্বাঞ্চলৰ	I-LOC
টিজুৰ	B-LOC
পৰা	O
১৩কি:মি:	O
দূৰত	O
অৱস্থিত	O
।	O

অন্ধ্ৰ	B-LOC
প্ৰদেশৰ	I-LOC
আন	O
ঠাইৰ	O
ভিতৰতে	O
বিশাখাপট্টনম	B-LOC
অধিক	O
মোহনীয়	O
।	O

ৰংঘৰ	B-LOC
এছিয়াৰ	B-LOC
প্ৰথমটো	O
পেভিলিয়ন	O
হিচাপে	O
প্ৰখ্যাত	O
।	O

ৰাফটিং	O
নামেৰিৰ	B-LOC
অন্য	O
এক	O
আকৰ্ষণ	O
।	O

ভিজাগৰ	B-LOC
পৰা	O
৭৫	O
কি:মি:	O
দূৰত্বত	O
অৱস্থিত	O
টাইদা	B-LOC
।	O

শ্ৰী	B-LOC
সূৰ্য	I-LOC
পাহাৰৰ	I-LOC
দক্ষিণ	O
পাদদেশত	O
,	O
খননকাৰীসকলে	O
এটা	O
শিলৰ	O
বিশিষ্ট	O
প্ৰাচীৰৰ	O
পানীৰ	O
কুণ্ড	O
পাইছিল	O
।	O

ই	O
গুৱাহাটী	B-LOC
আৰু	O
যোৰহাটৰ	B-LOC
পৰা	O
ক্ৰমান্বয়ে	O
১৯০	O
আৰু	O
১১০	O
কিমি	O
দুৰত্বত	O
অৱস্থিত	O
।	O

অসমৰ	B-LOC
সত্ৰসমূহ	O
ভক্তি	O
আন্দোলনৰ	O
বাহক	O
।	O

ইয়াৰ	O
গাতে	O
লাগি	O
থকা	O
মতাপুং	B-LOC
,	O
মাগুৰি	B-LOC
বিল	O
দুখনক	O
পৰিভ্ৰমী	O
পক্ষীৰ	O
ৰম্যভূমি	O
বুলিব	O
পাৰি	O
।	O

উমানন্দ	B-LOC
বিশ্বৰ	O
আটাইতকৈ	O
ক্ষুদ্ৰ	O
নদীদ্বীপ	O
।	O

ইয়াৰ	O
আশে	O
-	O
পাশে	O
সিঁচৰত	O
হৈ	O
থকা	O
ধ্বংসাৱশেষ	O
সমূহ	O
অসমৰ	B-LOC
ৰাজ্যিক	O
সংৰক্ষিত	O
স্মৃতিচিহ্নসমূহৰ	O
তালিকাত	O
অন্তৰ্ভুক্ত	O
।	O

জাতিংগা	B-LOC
হৈছে	O
অসমৰ	B-LOC
ডিমা	B-LOC
হাছাও	I-LOC
জিলাৰ	O
অন্তৰ্গত	O
এখন	O
গাঁও	O
।	O

সুন্দৰ	O
নৈসৰ্গিক	O
শোভা	O
আৰু	O
চৌদিশে	O
সিঁচৰতি	O
হৈ	O
থকা	O
অসংখ্য	O
শৈল	O
স্থাপত্য	O
আৰু	O
ভাস্কৰ্যৰ	O
ভগ্নাৱশেষৰ	O
বাবে	O
এই	O
দেৱালয়	O
অসমৰ	B-LOC
এটা	O
উল্লেখযোগ্য	O
পৰ্যটন	O
কেন্দ্ৰ	O
।	O

এই	O
অৰ্কিডসমূহৰ	O
ভিতৰত	O
থ্ৰিক্স্‌পেৰাম	O
একুমিনাটিচিয়াম	O
নামৰ	O
প্ৰজাতিটো	O
ভাৰতত	B-LOC
প্ৰথমবাৰৰ	O
বাবে	O
পোৱা	O
গৈছে	O
।	O

বাল্টিমোৰত	B-LOC
আমি	O
মাত্ৰ	O
ছয়জন	O
মানুহ	O
উঠিছো	O
।	O

জম্মুত	B-LOC
দৰ্শনীয়	O
স্থান	O
আৰু	O
বহু	O
ৰৈ	O
গৈছিল	O
দৰ্শনৰ	O
অপেক্ষাত	O
।	O

নাইনিতাললৈ	B-LOC
যাবলৈ	O
দিল্লী	B-LOC
,	O
বেৰেলী	B-LOC
,	O
আলমোৰা	B-LOC
,	O
ৰাণীখেটৰ	B-LOC
পৰা	O
উপযুক্ত	O
বাছৰ	O
যোগাযোগ	O
আছে	O
।	O

গুৱাহাটীৰ	B-LOC
পঞ্চতীৰ্থৰ	O
অন্যতম	O
উগ্ৰতাৰা	B-LOC
দেৱালয়	I-LOC
গুৰুত্বপূৰ্ণ	O
শক্তিপীঠ	O
।	O

অতি	O
বিতোপন	O
ৰুচিকন্দ্ৰা	B-LOC
বীচ্চ	I-LOC
সোণালী	O
বালি	O
পৰ্যটকৰ	O
বাবে	O
আকৰ্ষণ	O
।	O

তেজপুৰ	B-LOC
চহৰ	O
,	O
গুৱাহাটী	B-LOC
,	O
যোৰহাট	B-LOC
তথা	O
নগাঁৱৰ	B-LOC
পৰা	O
ইয়াৰ	O
দুৰত্ব	O
ক্ৰমান্বয়ে	O
৪০	O
,	O
২২০	O
,	O
২১৫	O
আৰু	O
১১০	O
কিলোমিটাৰ	O
।	O

যোৱা	O
পাঁচ	O
বছৰৰ	O
ভিতৰত	O
মদন	B-LOC
-	I-LOC
কামদেৱ	I-LOC
মন্দিৰ	I-LOC
কাৰুকাৰ্য	O
খচিত	O
ভেটিভাগ	O
ওলাই	O
পৰে	O
আৰু	O
লগতে	O
ডেৰশৰো	O
অধিক	O
দেৱ	O
-	O
দেৱীৰ	O
মূৰ্তি	O
আৱিষ্কৃত	O
হয়	O
।	O

ই	O
গুৱাহাটীৰ	B-LOC
পৰা	O
প্ৰায়	O
২৪	O
কি:মি:	O
দুৰত্বত	O
অৱস্থিত	O
।	O

শিৱসাগৰ	B-LOC
জিলাৰ	O
৩৩.৯৩	O
বৰ্গ	O
কি:মি:	O
এলেকাজুৰি	O
পানী	B-LOC
-	I-LOC
দিহিং	I-LOC
পক্ষী	I-LOC
অভয়াৰণ্যত	I-LOC
বিভিন্ন	O
প্ৰজাতিৰ	O
চৰাই	O
পোৱা	O
যায়	O
।	O

কেইখনমান	O
চহৰ	O
পাৰ	O
হোৱাৰ	O
পাছত	O
আমি	O
আটলাণ্টিক	B-LOC
সাগৰৰ	I-LOC
একেবাৰে	O
কাষৰ	O
ৱাটাৰ	B-LOC
ভিল্লে	I-LOC
নামৰ	O
ঠাইখন	O
পালোঁগৈ	O
।	O

সেই	O
সময়ত	O
সমগ্ৰ	O
অঞ্চলটোৰ	O
নাম	O
গাংমৌ	B-LOC
আছিল	O
।	O

তাম্ৰেশ্বৰী	B-LOC
মন্দিৰ	I-LOC
বা	O
কেঁচাই	B-LOC
খাইতি	I-LOC
শাল	I-LOC
অসম	B-LOC
-	O
অৰুণাচল	B-LOC
প্ৰদেশৰ	I-LOC
সীমান্তত	O
অৱস্থিত	O
এক	O
ঐতিহাসিক	O
মন্দিৰ	O
।	O

মাজুলীৰ	B-LOC
প্ৰতিখন	O
গাঁৱৰে	O
প্ৰাণকেন্দ্ৰস্বৰূপ	O
নামঘৰত	O
নাম	O
-	O
কীৰ্তন	O
কৰাৰ	O
উপৰি	O
বিভিন্ন	O
সামাজিক	O
আলোচনা	O
,	O
মেল	O
-	O
মিটিং	O
আদি	O
কৰে	O
।	O

হাফলং	B-LOC
এই	O
জিলাৰ	O
সদৰ	O
।	O

কুচকো	B-LOC
হুৱানোকো	O
,	O
মচু	B-LOC
-	I-LOC
পিচুৰ	I-LOC
খবৰ	O
ললে	O
।	O

পোৱামক্কা	B-LOC
হাজোৰ	B-LOC
গৰুড়াচল	B-LOC
পাহাৰত	I-LOC
অৱস্থিত	O
।	O

গুপ্তেশ্বৰ	B-LOC
দেৱালয়	I-LOC
বা	O
গুপ্তেশ্বৰ	B-LOC
মন্দিৰ	I-LOC
হৈছে	O
অসমৰ	B-LOC
শোণিতপুৰ	B-LOC
জিলাৰ	O
পশ্চিম	O
প্ৰান্তত	O
ঢেকীয়াজুলি	B-LOC
চহৰৰ	O
অৱস্থিত	O
হিন্দু	O
ধৰ্মৰ	O
এক	O
দেৱালয়	O
।	O

কালিকা	O
পুৰাণত	O
উল্লিখিত	O
মতে	O
দিক্কৰ	B-LOC
বাসিনী	I-LOC
নামৰ	O
এখন	O
শক্তিপীঠ	O
আছিল	O
।	O

তেওঁ	O
ফোন	O
কৰি	O
পশ্চিম	B-LOC
আযাৰলেণ্ডৰ	I-LOC
দুঠাইত	O
গাঁওলীয়া	O
পৰিৱেশত	O
ঘৰ	O
ঠিক	O
কৰিলে	O
।	O

যোৰহাট	B-LOC
নগৰৰ	O
পৰিসীমা	O
৯.২০	O
বৰ্গ	O
কি:মি:	O
আৰু	O
ইয়াত	O
পৌৰসভাৰ	O
অন্তৰ্গত	O
১৯টা	O
ৱাৰ্ড	O
আছে	O
।	O

স্পেইনৰ	B-LOC
আটাইতকৈ	O
দৰ্শনীয়	O
স্থানবোৰৰ	O
অন্যতম	O
এই	O
বাৰ্চিলোনা	B-LOC
ইয়াৰ	O
আধুনিক	O
নগৰশৈলীৰ	O
কাৰণেও	O
বিখ্যাত	O
।	O

আনহাতে	O
,	O
দৌলটো	O
গড়গাঁও	B-LOC
নগৰৰ	O
পশ্চিম	O
দিশত	O
দিখৌ	B-LOC
নৈৰ	O
বিপৰীতে	O
আছে	O
।	O

ডিব্ৰু	B-LOC
-	I-LOC
ছৈখোৱা	I-LOC
ৰাষ্ট্ৰীয়	I-LOC
উদ্যানৰ	I-LOC
নিকটতম	O
চহৰ	O
হৈছে	O
তিনিচুকীয়া	B-LOC
।	O

পূব	B-LOC
কাৰ্বি	I-LOC
আংলং	I-LOC
অভয়াৰণ্যৰ	I-LOC
মাটিকালি	O
প্ৰায়	O
২২১.৮১	O
বৰ্গকিলোমিটাৰ	O
।	O

শিৱদৌলৰ	B-LOC
কলচীটোত	O
থকা	O
সোণখিনি	O
এৰুৱাই	O
নিবৰ	O
কাৰণে	O
মানে	O
কলচীটোলৈ	O
গুলিয়াইছিল	O
,	O
কিন্তু	O
কলচীটো	O
বা	O
সোণখিনি	O
খহাব	O
নোৱাৰিলে	O
।	O

নগৰ	O
সংযোগী	O
পথসমূহৰ	O
ভিতৰত	O
সকলোতকৈ	O
গুৰুত্বপূৰ্ণ	O
হৈছে	O
দক্ষিণৰফালে	O
জি.	B-LOC
এছ.	I-LOC
ৰোড	I-LOC
।	O

গোটেই	O
সত্ৰখন	O
পূবহাটী	B-LOC
,	O
পশ্চিমহাটী	B-LOC
,	O
উত্তৰ	B-LOC
হাটী	I-LOC
,	O
দক্ষিণ	B-LOC
হাটী	I-LOC
,	O
কলয়া	B-LOC
হাটী	I-LOC
আৰু	O
আই	B-LOC
গোঁসানীৰ	I-LOC
ভকতৰ	I-LOC
হাটী	I-LOC
নামে	O
ছয়খন	O
হাটীত	O
বিভক্ত	O
।	O

এই	O
ব্লক	O
তিনিটা	O
হৈছে	O
-	O
ভেঁৰজান	B-LOC
,	O
বৰাজান	B-LOC
আৰু	O
পদুমনি	B-LOC
।	O

তেখেতৰ	O
নামৰেই	O
এই	O
দ'লটিৰ	O
নাম	O
বগীদ'ল	B-LOC
ৰখা	O
হয়	O
।	O

নন্দিকেশ্বৰ	B-LOC
গাঁৱক	O
কেন্দ্ৰ	O
কৰি	O
পাৰ্শ্ববৰ্তী	O
পোন্ধৰ	O
-	O
ষোল্লখন	O
গাঁৱৰ	O
এটা	O
বৃহৎ	O
অঞ্চলক	O
প্ৰতিনিধিত্ব	O
কৰি	O
এই	O
বুঢ়া	B-LOC
গোঁসাই	I-LOC
দেৱালয়	I-LOC
অৱস্থিত	O
।	O

এই	O
ক্ষেত্ৰ	O
চাৰিখন	O
হৈছে	O
বুঢ়াপাহাৰ	B-LOC
,	O
বাগৰি	B-LOC
,	O
মধ্য	B-LOC
আৰু	O
পূৰ্ব	B-LOC
।	O

উল্লেখ্য	O
যে	O
বিশ্বৰ	O
বিভিন্ন	O
প্ৰান্তৰ	O
,	O
বিশেষকৈ	O
বিশ্বৰ	O
ইউৰোপ	B-LOC
,	O
আমেৰিকা	B-LOC
আৰু	O
অষ্ট্ৰেলিয়াৰ	B-LOC
পৰ্যটকৰসকলৰ	O
মনত	O
ভাল	O
ভাব	O
সৃষ্টি	O
কৰিবলৈ	O
হ'লে	O
এখন	O
দেশৰ	O
উন্নত	O
ব্যৱস্থা	O
থকা	O
প্ৰয়োজন	O
।	O

জয়পুৰৰ	B-LOC
পৰা	O
আজমেৰলৈ	B-LOC
শাৰী	O
শাৰী	O
নিম	O
আৰু	O
বকুল	O
গছ	O
।	O

গুৱাহাটীৰ	B-LOC
পৰা	O
শ্বিলঙলৈ	B-LOC
তাৰ	O
পৰাই	O
সহজে	O
এক	O
অৱিস্মৰণীয়	O
আৰু	O
অসামান্য	O
যাত্ৰা	O
কৰিব	O
পাৰি	O
মওলিনঙলৈ	B-LOC
।	O

জপেত	O
পইচা	O
নোহোৱাকৈ	O
কেৱল	O
কাৰ্ড	O
এখন	O
লৈ	O
আমেৰিকা	B-LOC
ঘূৰি	O
আহিব	O
পাৰে	O
।	O

অৱশ্যে	O
মদন	B-LOC
কামদেৱ	I-LOC
নিৰ্মাণ	O
কৰা	O
সময়ত	O
অসমত	B-LOC
পোৰা	O
ইটাৰ	O
ব্যৱহাৰ	O
হোৱা	O
নাছিল	O
।	O

বহুলোকে	O
পুণা	B-LOC
চহৰৰ	O
ওচৰৰ	O
ভিমাশঙ্কৰ	B-LOC
ধামকো	I-LOC
দ্বাদশ	O
জ্যোতিলিংগ	O
ৰূপে	O
আৰাধনা	O
কৰে	O
।	O

ইয়াক	O
উপৰি	O
লতাক	B-LOC
হ্ৰদো	I-LOC
পৰ্যটনৰ	O
বাবে	O
অন্যতম	O
আকৰ্ষণৰ	O
বাবে	O
কেন্দ্ৰ	O
হৈ	O
উঠিব	O
।	O

পশ্চিম	O
অংশত	O
অৱস্থিত	O
ক'ৰিডৰত	O
গুৱাহাটীৰ	B-LOC
পৰা	O
দেশৰ	O
আন	O
আন	O
অঞ্চল	O
সংযোগী	O
ৰেলপথসমূহ	O
অৱস্থিত	O
।	O

আকাশৰ	O
পৰা	O
গংগা	B-LOC
নমাই	O
অনা	O
বাবে	O
এই	O
সৰোবৰ	O
আকাশীগংগা	B-LOC
নামেৰে	O
জনাজাত	O
।	O

অসমৰ	B-LOC
এই	O
মদনকামদেৱ	B-LOC
দেৱালয়তহে	I-LOC
এনে	O
ভাস্কৰ্য	O
আবিষ্কাৰ	O
কৰা	O
হৈছে	O
।	O

কেতবোৰ	O
বিৰল	O
প্ৰজাতিৰ	O
লগতে	O
কেইবাটাও	O
প্ৰজাতিৰ	O
গৰিষ্ঠসংখ্যক	O
পক্ষীৰ	O
আশ্ৰয়স্থল	O
হিচাবে	O
ডিব্ৰু	B-LOC
-	I-LOC
ছৈখোৱা	I-LOC
ৰাষ্ট্ৰীয়	I-LOC
উদ্যান	I-LOC
বিশেষভাৱে	O
উল্লেখযোগ্য	O
ৰাষ্ট্ৰীয়	O
উদ্যান	O
হৈ	O
পৰিছে	O
।	O

কাজিৰঙাক	B-LOC
লৈ	O
কেইবাখনো	O
কিতাপ	O
,	O
গান	O
ৰচনা	O
কৰা	O
হোৱাৰ	O
উপৰিও	O
কেবাখনো	O
তথ্য	O
-	O
চিত্ৰ	O
নিৰ্মাণ	O
কৰা	O
হৈছে	O
।	O

ৰাতিপুৱা	O
লিমা	B-LOC
বাছষ্টেণ্ডত	O
গাড়ীখন	O
সোমাই	O
গ'ল	O
।	O

জন্মু	B-LOC
মন্দিৰনগৰী	O
কাশ্মীৰ	B-LOC
ভূস্বৰ্গ	O
আৰু	O
লাডাখ	B-LOC
বৰফৰ	O
ঘৰ	O
হিচাপে	O
খ্যাত	O
।	O

হয়গ্ৰীৱ	B-LOC
মাধৱ	I-LOC
মন্দিৰ	I-LOC
অসমৰ	B-LOC
কামৰূপ	B-LOC
জিলাৰ	O
হাজোত	B-LOC
অৱস্থিত	O
এক	O
দেৱালয়	O
।	O

এই	O
সকলো	O
ভাৰতৰ	B-LOC
পৰা	O
অহা	O
।	O

যদিহে	O
আপুনি	O
শীতকালত	O
মাজুলীলৈ	B-LOC
যায়	O
,	O
তেন্তে	O
সৰিয়হৰ	O
বিশাল	O
বিশাল	O
হালধীয়া	O
পথাৰবোৰেও	O
আপোনাক	O
অবিস্মৰণীয়	O
আনন্দদায়ক	O
অভিজ্ঞতাৰ	O
মুখামুখি	O
কৰাব	O
।	O

দিল্লী	B-LOC
পাই	O
বাকী	O
দুজন	O
বন্ধুৱে	O
মন	O
নকৰা	O
বাবে	O
কিতাপখন	O
মোৰেই	O
হ'ল	O
।	O

সেই	O
অনুসৰি	O
ইয়াৰ	O
নাম	O
পোৱামক্কা	B-LOC
হয়	O
আৰু	O
ই	O
মুছলমানসকলৰ	O
পৱিত্ৰ	O
স্থান	O
বুলি	O
গণ্য	O
কৰা	O
হয়	O
।	O

আগতে	O
কাজিৰঙাত	B-LOC
সাতোটা	O
ভিন্ন	O
প্ৰজাতিৰ	O
শগুন	O
দেখা	O
গৈছিল	O
।	O

স্বদেশৰ	O
ভিতৰত	O
ৰাজস্থানতে	B-LOC
আটাইতকৈ	O
বেছি	O
ঘূৰা	O
হৈছে	O
এটা	O
সুবিধাৰ	O
বাবে	O
।	O

জয়সাগৰ	B-LOC
পুখুৰীৰ	I-LOC
পাৰত	O
জয়	B-LOC
দৌল	I-LOC
,	O
শিৱ	B-LOC
দৌল	I-LOC
,	O
দেৱী	B-LOC
ঘৰ	I-LOC
,	O
ঘনশ্যাম	B-LOC
দৌল	I-LOC
অৱস্থিত	O
।	O

পানী	O
মেটেকা	O
কাজিৰঙাত	B-LOC
সতকাই	O
চকুত	O
পৰা	O
এবিধ	O
আগ্ৰাসী	O
জল	O
-	O
উদ্ভিদ	O
।	O

কুচকো	B-LOC
দক্ষিণ	B-LOC
আমেৰিকাৰ	I-LOC
শৈল	O
ভাস্কৰ্যৰ	O
ৰাজধানী	O
।	O

ৰাজধানী	O
ইম্ফললৈ	B-LOC
দেশৰ	O
প্ৰধান	O
নগৰসমূহ	O
যেনে	O
নতুন	B-LOC
দিল্লী	I-LOC
,	O
কলকাতা	B-LOC
,	O
গুৱাহাটী	B-LOC
,	O
শিলচৰ	B-LOC
আদিৰ	O
পৰা	O
নিয়মীয়া	O
বিমান	O
যোগাযোগৰ	O
ব্যৱস্থা	O
আছে	O
।	O

কাজিৰঙাত	B-LOC
পলসুৱা	O
ভূমিৰ	O
বিস্তৰ	O
ক্ষেত্ৰ	O
বিৰাজমান	O
।	O

ৰাতি	O
৮	O
-	O
৩০বজাত	O
আমাৰ	O
বিমানখন	O
দিল্লী	B-LOC
অভিমুখে	O
উৰা	O
মাৰিল	O
।	O

প্ৰতিখনৰ	O
সদৰ	O
ক্ৰমে	O
ঘোঁৰাকাটি	B-LOC
,	O
বাগৰি	B-LOC
,	O
কঁহৰা	B-LOC
আৰু	O
অগৰাতলী	B-LOC
।	O

অসমৰ	B-LOC
ভিন্ন	O
প্ৰান্তত	O
মৈদাম	O
সমূহ	O
দেখা	O
যায়	O
আৰু	O
চৰাইদেউত	B-LOC
আটাইটকৈ	O
বেছি	O
ঘনত্বত	O
মৈদাম	O
সমূহ	O
আছে	O
।	O

দুয়োটা	O
মন্দিৰক	O
একেলগে	O
অশ্বক্ৰান্ত	B-LOC
মন্দিৰ	I-LOC
পাহাৰটোক	O
অশ্বক্ৰান্ত	B-LOC
পাহাৰ	I-LOC
বোলা	O
হয়	O
।	O

পৃথিৱীৰ	O
সপ্তম	O
আশ্বৰ্যৰ	O
ভিতৰত	O
মাচু	B-LOC
-	I-LOC
পিচু	I-LOC
অন্যতম	O
।	O

তিনিচুকীয়াৰ	B-LOC
পৰা	O
বাছেৰে	O
যাব	O
পাৰি	O
।	O

যাত্ৰাৰ	O
৪৫	O
মিনিটৰ	O
পাছতে	O
আমি	O
হাৰিযানাত	B-LOC
সোমালোঁ	O
।	O

গোৱালাপাৰা	B-LOC
,	O
উত্তৰ	B-LOC
-	I-LOC
পূব	I-LOC
ভাৰতৰ	I-LOC
অসম	B-LOC
ৰাজ্যত	O
অৱস্থিত	O
গোৱালপাৰা	B-LOC
জিলাৰ	O
সদৰঠাই	O
।	O

তেজপুৰ	B-LOC
নগৰৰ	O
পৰা	O
প্ৰায়	O
পাঁচ	O
কিলোমিটাৰ	O
পশ্চিমে	O
দ	B-LOC
-	I-LOC
পৰ্বতীয়া	I-LOC
নামৰ	O
গাঁৱত	O
ইতিহাস	O
প্ৰসিদ্ধ	O
দ	B-LOC
-	I-LOC
পৰ্বতীয়াৰ	I-LOC
শিলৰ	O
দুৱাৰ	O
অৱস্থিত	O
।	O

যিহেতু	O
আমাৰ	O
টিকট	O
ডাবলিনলৈ	B-LOC
আছে	O
,	O
গতিকে	O
আমি	O
এয়াৰপ'ৰ্টৰ	O
বাছ	O
এখনত	O
উঠি	O
ডাবলিনলৈ	B-LOC
যাব	O
লগা	O
প্লেনৰ	O
ওচৰ	O
পালোঁগৈ	O
।	O

বিশ্বনাথ	B-LOC
ক্ষেত্ৰ	I-LOC
বিশ্বনাথ	B-LOC
চাৰিআলি	I-LOC
নগৰৰ	O
পৰা	O
প্ৰায়	O
১০	O
কি:মি:	O
দক্ষিণৰ	O
এখন	O
প্ৰাচীনতম	O
পবিত্ৰ	O
স্থান	O
।	O

নগাঁও	B-LOC
চহৰৰ	O
পৰা	O
প্ৰায়	O
১৮	O
কিলোমিটাৰ	O
নিলগৰ	O
বৰদোৱা	B-LOC
নামে	O
ঠাইত	O
এই	O
তীৰ্থস্থান	O
অৱস্থিত	O
।	O

গুৱাহাটীৰ	B-LOC
পশ্চিমে	O
প্ৰায়	O
৩৩০	O
কি:মি:	O
দূৰত	O
জাতিংগা	B-LOC
অৱস্থিত	O
।	O

হাজোৰ	B-LOC
হয়গ্ৰীব	B-LOC
-	I-LOC
মাধৱ	I-LOC
মন্দিৰত	I-LOC
থকা	O
শালগছ	O
আৰু	O
ডুবিৰ	B-LOC
এই	O
তালগছ	O
বহুত	O
ওখ	O
বাবে	O
,	O
আৰু	O
ওখ	O
হৈ	O
দেখা	O
দেখি	O
হ'লেই	O
বৰ্তমান	O
মৰি	O
যোৱা	O
পুষ্পভদ্ৰা	B-LOC
নদীখন	I-LOC
পুনৰ	O
ববলৈ	O
ধৰিব	O
বুলি	O
বজালীবাসীয়ে	O
এই	O
প্ৰবাদমতে	O
বিশ্বাস	O
কৰে	O
।	O

কামৰূপ	B-LOC
জিলাৰ	O
বাইহাটা	B-LOC
চাৰাআলিৰ	I-LOC
ওচৰত	O
দেৱানগিৰি	B-LOC
পাহাৰত	I-LOC
একাদশ	O
-	O
দ্বাদশ	O
শতিকাৰ	O
দেৱালয়	O
মদন	B-LOC
-	I-LOC
কামদেৱ	I-LOC
অৱস্থিত	O
।	O

পৰশুৰামকুণ্ড	B-LOC
হৈছে	O
অতি	O
জনপ্ৰিয়	O
,	O
ধাৰ্মিকসকলৰ	O
মনৰ	O
পছন্দৰ	O
পৰ্যটনভূমি	O
।	O

মহা	O
সমুদ্ৰৰ	O
মাজত	O
ষ্টেচু	B-LOC
অৱ	I-LOC
লিবাৰ্টি	I-LOC
।	O

বিশ্বৰ	O
সুন্দৰতম	O
আৰু	O
দৰ্শনীয়	O
ঠাইবোৰৰ	O
ভিতৰত	O
স্পেইন	B-LOC
অন্যতম	O
।	O

লিমাৰ	B-LOC
মানুহবোৰ	O
সহজ	O
-	O
সৰল	O
যেন	O
লাগিল	O
।	O

গুৱাহাটীলৈ	B-LOC
অহা	O
পৰ্যটকৰ	O
কাৰণে	O
এই	O
মন্দিৰসমূহো	O
অন্যতম	O
আকৰ্ষণীয়	O
স্থান	O
।	O

বৰ্তমান	O
দেৰগাঁৱ	B-LOC
শিৱদৌলৰ	I-LOC
পূজাৰী	O
ব্ৰাহ্মনসকলৰ	O
সৰহ	O
ভাগেই	O
আহোমযুগত	O
ভাটী	O
ফালৰ	O
পৰা	O
অহা	O
।	O

কলাৰ	O
এটা	O
আকৰ্ষণীয়	O
অংশ	O
,	O
কাৰণ	O
পূব	O
ভাৰতত	B-LOC
এই	O
উপবৃত্তাকাৰ	O
আকৃতি	O
বৰ	O
কম	O
দেখিবলৈ	O
পোৱা	O
যায়	O
।	O

হাফলঙৰ	B-LOC
জলবায়ু	O
সেমেকা	O
অৰ্ধক্ৰান্তীয়	O
জলবায়ু	O
।	O

চিত্ৰলেখা	B-LOC
উদ্যানক	I-LOC
তেজপুৰৰ	B-LOC
এক	O
যাদুঘৰ	O
বুলিব	O
পাৰি	O
।	O

তেৱেঁই	O
নীলাচল	B-LOC
পাহাৰত	I-LOC
প্ৰথম	O
এই	O
মন্দিৰ	O
প্ৰতিষ্ঠা	O
কৰিছিল	O
।	O

লণ্ডনত	B-LOC
বিগবাং	B-LOC
চাইছিলোঁ	O
।	O

বিমানখনে	O
দিল্লীৰ	B-LOC
আকাশত	O
এক	O
বক্ৰগতিত	O
উৰি	O
ফুৰিছে	O
।	O

একেদৰে	O
গুৱাহাটীৰ	B-LOC
পৰা	O
শৰাইঘাট	B-LOC
দলং	O
পাৰহৈ	O
ৰাস্তাৰেও	O
এই	O
মন্দিৰলৈ	O
যাব	O
পাৰি	O
।	O

কেলেংগিউটৰ	B-LOC
পৰ্যটন	O
বিভাগে	O
বিশেষ	O
ধৰণে	O
পৰ্যটকৰ	O
উপযোগীকৈ	O
গঢ়ি	O
তুলিছে	O
।	O

শোণিতপুৰ	B-LOC
জিলাৰ	O
প্ৰধান	O
শৈৱ	O
পীঠস্থান	O
সমূহৰ	O
ভিতৰত	O
নাগশংকৰ	B-LOC
মন্দিৰ	I-LOC
অন্যতম	O
।	O

কেলেংগিউটত	B-LOC
ৰেষ্টোৰাঁ	O
,	O
বাৰৰ	O
পৰা	O
আৰম্ভ	O
কৰি	O
বেংক	O
,	O
পোষ্ট	O
অফিচ	O
,	O
ৰিছ'ৰ্ট	O
,	O
ফৰেইন	O
এক্সচেঞ্জ	O
অফিচ	O
আদি	O
সুবিধাৰ	O
উপৰি	O
চিকিৎসা	O
সেৱাৰো	O
অনায্ন্য	O
সুবিধা	O
আছে	O
।	O

সুধিলো	O
,	O
কৰ	O
মানুহ'	O
কলে	O
,	O
বাৰ্মাৰ	B-LOC
।	O

গোৰ্খে	B-LOC
গাঁৱৰ	O
পুৱাটো	O
এক	O
বিশেষ	O
কাৰমত	O
মোৰ	O
মানসপটত	O
দীৰ্ঘদিন	O
ৰৈ	O
যোৱাৰ	O
সম্ভাৱনা	O
আছে	O
।	O

এই	O
বিখ্যাত	O
মন্দিৰটো	O
নীলাচল	B-LOC
পাহাৰৰ	I-LOC
শীৰ্ষভাগত	O
অৱস্থিত	O
।	O

শীতকালৰ	O
ৰাজধানী	O
হিচাপে	O
বিখ্যাত	O
জন্মু	B-LOC
চহৰক	O
প্ৰৱেশদ্বাৰ	O
বুলিব	O
পাৰি	O
।	O

নিয়মিত	O
বাছ	O
চলাচল	O
কৰে	O
হায়দৰাবাদ	B-LOC
,	O
টিজাবাদ	B-LOC
,	O
ভুৱনেশ্বৰ	B-LOC
,	O
চীন	B-LOC
আৰু	O
তিৰুপতিৰ	B-LOC
পৰা	O
।	O

তেতিয়ালৈকে	O
নামেৰী	B-LOC
ৰাষ্ট্ৰীয়	I-LOC
উদ্যানখন	I-LOC
লগিংৰ	O
বাবে	O
যথেষ্ট	O
ব্যৱহাৰ	O
কৰা	O
হৈছিল	O
।	O

বুঢ়ীগোসানী	B-LOC
দেৱালয়	I-LOC
হৈছে	O
যোৰহাট	B-LOC
চহৰৰ	O
মাজমজিয়াত	O
গড়	B-LOC
আলিৰ	I-LOC
পূবে	O
অৱস্থিত	O
এক	O
শাক্ত	O
মন্দিৰ	O
।	O

নিয়মীয়া	O
মৌচুমী	O
বায়ুৰ	O
প্ৰৱাহ	O
থাকিলে	O
মাজুলীত	B-LOC
২০০	O
ৰ	O
পৰা	O
৩০০	O
ছেণ্টিমিটাৰ	O
বৰষুণ	O
হয়	O
।	O

লতাক	B-LOC
হ্ৰদ	I-LOC
উত্তৰ	B-LOC
-	I-LOC
পূব	I-LOC
ভাৰতৰ	I-LOC
বৃহৎ	O
পৰিচ্ছন্ন	O
পানীৰ	O
হ্ৰদ	O
।	O

সেয়েহে	O
এই	O
মন্দিৰটোক	O
হয়গ্ৰীৱ	B-LOC
মন্দিৰ	I-LOC
বুলি	O
কোৱা	O
হয়	O
।	O

পৰশুৰামকুণ্ড	B-LOC
অৰুণাচল	B-LOC
প্ৰদেশৰ	I-LOC
এখন	O
অতি	O
মনোৰম	O
তীৰ্থভূমি	O
।	O

ওৰাং	B-LOC
ৰাষ্ট্ৰীয়	I-LOC
উদ্যানৰ	I-LOC
মুঠ	O
মাটিকালি	O
৭৮.৮১	O
বৰ্গ	O
কি.	O
মি.	O
।	O

বছৰি	O
৫০	O
মিলিয়নটকৈও	O
অধিক	O
পৰ্যটকে	O
স্পেইনৰ	B-LOC
অপৰূপ	O
সৌন্দৰ্যক	O
উপভোগ	O
কৰি	O
আহিছে	O
।	O

গুৱাহাটী	B-LOC
মহানগৰীৰ	O
জালুকবাৰীৰ	B-LOC
পৰা	O
প্ৰায়	O
৫	O
কিল'মিটাৰ	O
পশ্চিমত	O
৩৭	B-LOC
নং	I-LOC
ৰাষ্ট্ৰীয়	I-LOC
ঘাইপথৰ	I-LOC
কাষতে	O
মন্দিৰটোৰ	O
অৱস্থিতি	O
।	O

নগৰখনত	O
জলাশয়	O
যেনে	O
হশিলা	B-LOC
বিল	I-LOC
,	O
কুমৰী	B-LOC
বিল	I-LOC
,	O
উৰপদ	B-LOC
বিল	I-LOC
আদি	O
অৱস্থিত	O
।	O

ইয়াৰ	O
উপৰি	O
এই	O
মন্দিৰৰ	O
ভিতৰত	O
থকা	O
শ্ৰীঅনডাল	B-LOC
,	O
শ্ৰীপাৰ্থসাৰথি	B-LOC
আৰু	O
শ্ৰীভেংকটেশ্বৰ	B-LOC
মন্দিৰকেইটাও	O
প্ৰসিদ্ধ	O
।	O

যোৰহাটক	B-LOC
অসমৰ	B-LOC
সাংস্কৃতিক	O
প্ৰাণকেন্দ্ৰ	O
বুলিও	O
কোৱা	O
হয়	O
।	O

এসময়ত	O
ই	O
শক্তিৰ	O
অধিষ্ঠাত্ৰী	O
দেৱী	O
কালীৰ	I-PER
এক	O
মুখ্য	O
পূজন	O
স্থলী	O
আছিল	O
।	O

১৯৮১	B-DATE
চনৰ	I-DATE
১৬	B-DATE
জুলাইত	I-DATE
এই	O
নৱনিৰ্মিত	O
গাংমৌথানখন	B-LOC
প্ৰতিষ্ঠা	O
কৰা	O
হয়	O
।	O

ৰবিবাৰ	O
২৭	B-DATE
তাৰিখ	I-DATE
।	O

অৱশেষত	O
,	O
১৯৯৯	B-DATE
চনৰ	I-DATE
৮	B-DATE
এপ্ৰিল	I-DATE
তাৰিখে	O
এফআৰডব্লু/২৮/৯০/১৫৪	O
নং	O
চৰকাৰী	O
বিজ্ঞপ্তি	O
যোগে	O
ৰাষ্ট্ৰীয়	O
উদ্যান	O
হিচাপে	O
ঘোষণা	O
কৰা	O
হয়	O
।	O

গৱৰ্ণৰ	O
জেনেৰেল	O
নৰ্থব্ৰুকৰ	B-PER
জাহাজ	O
১৮৭৪	B-DATE
চনৰ	I-DATE
২৭	B-DATE
আগষ্টত	I-DATE
গুৱাহাটীৰ	B-LOC
শুক্ৰেশ্বৰ	B-LOC
ঘাটত	I-LOC
উপস্থিত	O
হয়	O
।	O

০৩	B-DATE
-	I-DATE
০৮	I-DATE
-	I-DATE
২০১৬	I-DATE
তাৰিখৰ	O
জোখ	O
-	O
মাখ	O
অনুসৰি	O
মাটিৰ	O
পৰা	O
১	O
ফুট	O
১১	O
ইঞ্চি	O
উচ্ছতাত	O
প্ৰথম	O
শাৰীৰ	O
দেৱকোষ্ঠসমূহ	O
আছে	O
।	O

২	B-DATE
মে	I-DATE
ৰাতিপুৱা	O
৯	O
বজাত	O
হপচকিন	B-ORG
বিশ্ববিদ্যালয়ৰ	I-ORG
ইন্টাৰনেচনেল	O
বিভাগত	O
আমাৰ	O
আলোচনা	O
আকৌ	O
কাৰ্ল	B-PER
টেইলৰৰ	I-PER
সৈতে	O
।	O

১৯৯৪	B-DATE
চনৰ	I-DATE
১৭	B-DATE
আগষ্টত	I-DATE
গুৱাহাটী	B-ORG
তাৰকাগৃহ	I-ORG
স্থাপন	O
কৰা	O
হৈছিল	O
।	O

১৮৭২	B-DATE
চনৰ	I-DATE
৯	B-DATE
আগষ্টত	I-DATE
গোলাঘাট	B-LOC
মহকুমাৰ	O
১	O
,	O
৮১	O
,	O
৩৬৪	O
হেক্টৰ	O
বনভূমিক	O
নামবৰ	B-LOC
সংৰক্ষিত	I-LOC
বনাঞ্চল	I-LOC
হিচাপে	O
ঘোষণা	O
কৰা	O
হৈছিল	O
।	O

১৯৮৫	B-DATE
চনত	I-DATE
ওৰাঙক	B-LOC
অভয়াৰণ্য	O
আৰু	O
১৯৯৯	B-DATE
চনৰ	I-DATE
১৩	B-DATE
এপ্ৰিলত	I-DATE
ৰাষ্ট্ৰীয়	O
উদ্যান	O
ৰূপে	O
স্বীকৃতি	O
দিয়া	O
হয়	O
।	O

১৯১৫	B-DATE
চনৰ	I-DATE
৩১	B-DATE
মে'	I-DATE
তাৰিখে	O
ব্ৰিটিছ	O
সকলে	O
২২৭৬/আৰ	O
নং	O
চৰকাৰী	O
বিজ্ঞপ্তি	O
যোগে	O
এলেকাটোক	O
ওৰাং	B-LOC
গেম	I-LOC
অভয়াৰণ্য	I-LOC
হিচাপে	O
ঘোষোণা	O
কৰে	O
।	O

১৯৮৮	B-DATE
চনৰ	I-DATE
২	B-DATE
ফেব্ৰুৱাৰী	I-DATE
তাৰিখে	O
অসমৰ	B-LOC
ৰাজ্যপাল	O
মহামান্য	O
শ্ৰীভীষ্ম	B-PER
নাৰায়ণ	I-PER
সিং	I-PER
দেৱে	O
এই	O
প্ৰকল্পটোৰ	O
আধাৰশিলা	O
স্থাপন	O
কৰে	O
।	O

অসম	B-ORG
চৰকাৰে	I-ORG
নলগাহৰি	O
আৰু	O
খাগৰিকটা	O
শহাৰ	O
বাসস্থানৰ	O
সংৰক্ষণৰ	O
বাবে	O
১৯৮০	B-DATE
চনৰ	I-DATE
২২	B-DATE
আগষ্টত	I-DATE
এক	O
জাননীৰ	O
জৰিয়তে	O
বৰনদীক	B-LOC
অভয়াৰণ্যলৈ	O
উন্নীত	O
কৰে	O
।	O

প্ৰথমবাৰৰ	O
কাৰণে	O
আয়ুধৰ	B-PER
(	O
আমাৰ	O
সন্তান	O
)	O
সৈতে	O
আমি	O
২০১০	B-DATE
চনৰ	I-DATE
১	B-DATE
আগষ্টৰ	I-DATE
সন্ধিয়া	O
৮	O
বজাত	O
ওমান	B-FAC
বিমানবন্দৰত	I-FAC
উপস্থিত	O
হ'লোঁ	O
।	O

দূৰণিবতীয়া	O
ৰে'লসমূহ	O
শিমলুগুৰি	B-FAC
জংশ্যনত	I-FAC
ৰয়	O
।	O

যোৰহাটৰ	B-LOC
পৰা	O
নিয়মীয়াভাৱে	O
কলকাতা	B-LOC
,	O
গুৱাহাটী	B-LOC
আৰু	O
নতুন	B-LOC
দিল্লী	I-LOC
লৈ	O
ইণ্ডিগ'	B-FAC
বিমান	I-FAC
সেৱাৰ	I-FAC
বিমান	O
চলাচল	O
কৰে	O
।	O

তাইৰ	O
টয়োটো	O
কোৰোলা	O
গাডীখনত	O
উঠি	O
বল্টিমোৰ	B-FAC
ষ্টেচন	I-FAC
পালো	O
।	O

ক'লো	O
স্কাই	B-FAC
ট্ৰেইন	I-FAC
ষ্টেচনলৈ	I-FAC
।	O

লেক	B-FAC
হাউছ	I-FAC
,	O
এভাৰেষ্ট	B-FAC
হোটেল	I-FAC
আদি	O
নাইনিতালৰ	B-LOC
অতি	O
সুন্দৰ	O
সা	O
-	O
সুবিধা	O
থকা	O
ঠাই	O
।	O

ৰাতিপুৱা	O
৬	O
-	O
০০	O
বজাত	O
নিয়ৰ্কক	B-FAC
আন্তৰ্জাতিক	I-FAC
বিমান	I-FAC
বন্দৰ	I-FAC
পালো	O
।	O

তাত	O
নিউ	B-FAC
আচিয়ানা	I-FAC
নামৰ	O
এখন	O
ধাবা	O
আছে	O
।	O

ৰাষ্ট্ৰীয়	O
উদ্যানখনৰ	O
নিকটতম	O
ৰেল	O
ষ্টেচন	O
হৈছে	O
তিনিচুকীয়া	B-FAC
ৰেল	I-FAC
ষ্টেচন	I-FAC
।	O

আকৌ	O
লিমাৰ	B-LOC
জে	B-FAC
-	I-FAC
চাভেজ	I-FAC
বিমান	I-FAC
বন্দৰ	I-FAC
।	O

গুৱাহাটীৰ	B-LOC
বৰঝাৰস্থিত	B-LOC
লোকপ্ৰিয়	B-FAC
গোপীনাথ	I-FAC
বৰদলৈ	I-FAC
আন্তঃৰাষ্ট্ৰীয়	I-FAC
বিমানবন্দৰ	I-FAC
উত্তৰ	B-LOC
পূৰ্বাঞ্চলৰ	I-LOC
মুখ্য	O
আন্তঃৰাষ্ট্ৰীয়	O
বিমানবন্দৰ	O
।	O

হোটেল	B-FAC
টামলোলৈ	I-FAC
জিৰণি	O
ললো	O
।	O

হোটেল	B-FAC
চাহুদেৰ	I-FAC
চকিদাৰে	O
ৰাতিপুৱা	O
৫	O
-	O
৩০	O
বজাত	O
জগাই	O
দিলে	O
।	O

দমদম	B-FAC
আস্থানৰ	I-FAC
পৰা	O
পুৱা	O
সাত	O
বজাত	O
দৈনিক	O
এখন	O
বাছ	O
দিঘালৈ	B-LOC
যায়	O
।	O

গৰমপানী	B-LOC
অভয়াৰণ্যৰ	I-LOC
নিকটৱৰ্তী	O
ৰেল	O
জংচনটো	O
হৈছে	O
ফৰকাটিঙ	B-FAC
জংচন	I-FAC
।	O

গুলচন	B-FAC
হোটেলৰ	I-FAC
২৩৯	O
নং	O
কোঠাটো	O
কামৰূপৰ	B-LOC
ভূপেন্দ্ৰনাথ	B-PER
শৰ্মা	I-PER
আৰু	O
আমাৰ	O
ভাগত	O
পৰিছিল	O
।	O

লখিমপুৰ	B-LOC
জিলাৰ	O
নকাড়ী	B-LOC
আৰু	O
ধেমাজি	B-LOC
জিলাৰ	O
গোগামুখ	B-LOC
সমীপতম্‌	O
ৰেলৱে	O
ষ্টেচন	O
আৰু	O
লখিমপুৰৰ	B-FAC
লীলাবাৰী	I-FAC
বিমানবন্দৰ	I-FAC
হৈছে	O
সমীপতম্‌	O
বিমান	O
বন্দৰ	O
।	O

ই	O
গ্ৰেচনৰ	B-LOC
নিয়াৰ্ক	B-FAC
বন্দৰৰ	I-FAC
দৰে	O
কাঢ়া	O
চেক	O
নাই	O
।	O

গুৱাহাটীৰ	B-LOC
পৰা	O
লোহিত	B-MISC
এক্সপ্ৰেছেৰে	I-MISC
আমি	O
দুটা	O
ৰাতি	O
যাত্ৰা	O
কৰাৰ	O
পাছত	O
তৃতীয়	O
দিনা	O
উপস্থিত	O
হৈছিলোঁগৈ	O
জন্মু	B-FAC
-	I-FAC
তাৱি	I-FAC
ষ্টেচনত	I-FAC
।	O

আমি	O
পুৱা	O
৯	O
বাজি	O
১৫	O
মিনিটত	O
কলিকতাৰ	B-LOC
দমদম	B-FAC
এয়াৰপৰ্টত	I-FAC
প্লেনত	O
উঠিলো	O
।	O

আমি	O
উভতিলো	O
আকৌ	O
নিউয়ৰ্ক	B-FAC
বিমান	I-FAC
বন্দৰ	I-FAC
।	O

গুৱাহাটীৰ	B-LOC
লোকপ্ৰিয়	B-FAC
গোপীনাথ	I-FAC
বৰদলৈ	I-FAC
আন্তৰ্জাতিক	I-FAC
বিমান	I-FAC
বন্দৰলৈ	I-FAC
ইয়াৰ	O
পৰা	O
দূৰত্ব	O
২১৯	O
কি:মি:	O
।	O

দিহিং	B-MISC
পাটকাই	I-MISC
বৰ্ষাৰণ্য	I-MISC
উৎসৱে	I-MISC
বিশ্বৰ	O
সকলো	O
প্ৰান্তৰ	O
পৰা	O
পৰ্য্যটকক	O
আকৰ্ষণ	O
কৰে	O
।	O

দুৰ্গা	B-MISC
পূজাৰ	I-MISC
সময়ত	O
ইয়াৰ	O
ম'হ	O
বলি	O
দিয়াৰো	O
পৰম্পৰা	O
আছে	O
।	O

বিল্বেশ্বৰ	B-LOC
দেৱালয়ত	I-LOC
দুৰ্গা	B-MISC
পূজা	I-MISC
হয়	O
যদিও	O
ইয়াৰ	O
পূজাৰ	O
দেৱী	O
মৃণ্ময়	O
মূৰ্তি	O
নহয়	O
।	O

মণিপুৰৰ	B-LOC
পৰম্পৰাগত	O
ৰাসলীলা	B-MISC
উৎসৱ	O
আৰু	O
নৃত্যই	O
কেৱল	O
মণিপুৰী	B-MISC
সংস্কৃতিকে	O
মহিমামণ্ডিত	O
কৰা	O
নাই	O
বৰং	O
এই	O
নৃত্যটোৱে	O
ভাৰতীয়	B-MISC
শাস্ত্ৰীয়	O
ধাৰাটোত	O
বিশিষ্ট	O
স্থান	O
অধিকাক	O
কৰিবলৈ	O
সক্ষম	O
হৈছে	O
।	O

গড়মূৰ	B-LOC
সত্ৰত	I-LOC
শৰৎ	O
ঋতুৰ	O
শেষৰ	O
ভাগত	O
ৰাস	B-MISC
উৎসৱ	I-MISC
পালন	O
কৰা	O
হয়	O
।	O

বহুৱা	B-MISC
নাচ	I-MISC
অসমৰ	B-LOC
সোণোৱাল	B-MISC
কছাৰীসকলৰ	I-MISC
এক	O
ধৰ্মীয়	O
অনুষ্ঠান	O
।	O

শিৱৰাত্ৰিৰ	B-MISC
দিনা	O
লংকেশ্বৰ	B-LOC
মন্দিৰত	I-LOC
বিশাল	O
মেলা	O
বহে	O
।	O

ইয়াৰ	O
ৰঙিয়াগৃহ	O
নৃত্য	B-MISC
,	O
ভাওনা	B-MISC
আদিৰ	O
কাৰণে	O
সজা	O
হৈছিল	O
।	O

ৰূপকোঁৱৰ	O
জ্যোতিপ্ৰসাদ	B-PER
আগৰৱালাই	I-PER
তেজপুৰতেই	B-LOC
প্ৰথম	O
অসমীয়া	O
চলচ্চিত্ৰ	O
জয়মতীৰ	B-MISC
সকলো	O
কাম	O
সম্পাদনা	O
কৰে	O
।	O

সুবিধা	O
অনুযায়ী	O
তেওঁলোকে	O
গণেশ	B-MISC
পূজা	I-MISC
এদিন	O
কৰে	O
।	O

ৰমজান	B-MISC
মাহটোৰ	O
ভ্ৰমণ	O
কৰা	O
সত্ত্বেও	O
হিন্দু	B-MISC
-	O
মুছলমানক	B-MISC
পৃথক	O
কৰিব	O
পৰা	O
বিশেষ	O
পোছাক	O
আমি	O
বৰ	O
বেছি	O
লোকে	O
পৰিধান	O
কৰা	O
দেখা	O
নিছিলো	O
।	O

নিত্যপূজাৰ	O
বাহিৰেও	O
জন্মাষ্টমী	B-MISC
,	O
ফল্গূৎসৱ	B-MISC
অশোকাষ্টমী	B-MISC
আদি	O
এই	O
মন্দিৰত	O
পালন	O
কৰা	O
প্ৰধান	O
উৎসৱ	O
অশ্বক্ৰান্ত	B-LOC
পাহাৰৰ	I-LOC
ওচৰতে	O
অশ্বক্ৰান্ত	B-LOC
নামৰ	O
কুণ্ড	O
এটা	O
আছিল	O
।	O

বৈচাগু	B-MISC
অসমৰ	B-LOC
বড়ো	B-MISC
জনগোষ্ঠীৰ	O
এটা	O
জনপ্ৰিয়	O
ঋতুকালীন	O
উৎসৱ	O
।	O

বৰ্তমান	O
সময়ত	O
পৰিহৰেশ্বৰ	B-LOC
দেৱালয়ত	I-LOC
প্ৰচলিত	O
দেৱদাসী	B-MISC
নৃত্যৰ	I-MISC
২২টা	O
নৃত্যৰ	O
ভংগীমা	O
আৰু	O
১২টা	O
তালৰ	O
বোল	O
পুনৰুদ্ধাৰ	O
কৰিব	O
পৰা	O
গৈছে	O
।	O

ইতিহাস	O
অনুসৰি	O
মহাভাৰতত	B-MISC
উল্লেখিত	O
কুৰুক্ষেত্ৰ	B-MISC
যুদ্ধৰ	I-MISC
পাছত	O
পঞ্চ	O
-	O
পাণ্ডৱে	O
অশ্বমেধ	B-MISC
যজ্ঞ	I-MISC
পাতি	O
নিজৰ	O
ক্ষমতা	O
প্ৰতিপন্ন	O
কৰিবলৈ	O
যজ্ঞৰ	O
ঘোঁৰা	O
এৰিছিল	O
।	O

অক্টোবৰ	O
বা	O
নৱেম্বৰত	O
অনুষ্ঠিত	O
হয়	O
পায়	B-MISC
কথিন	I-MISC
উৎসৱ	O
।	O

মৃত্যুৰ	O
সময়ত	O
তেওঁৰ	O
কাষত	O
আছিল	O
তেওঁৰ	O
কুকুৰটো	O
নাম	O
তাৰ	O
জেনো	O
বাল্টিমোৰৰ	B-LOC
নাগৰিকে	O
খৃষ্টমাচৰ	B-MISC
দিনলৈ	O
তেওঁৰ	O
মৃত্যুৰ	O
বিষয়	O
গম	O
পোৱা	O
নাছিল	O
।	O

আনকি	O
যোৱা	O
বছৰ	O
মই	O
গণপতি	B-MISC
পূজা	I-MISC
আৰু	O
নৱৰাত্ৰীত	B-MISC
পালন	O
কৰা	O
দাণ্ডিয়া	B-MISC
নৃত্য	I-MISC
দেখিবলৈ	O
পাইছিলো	O
।	O

আউনীআটী	B-LOC
সত্ৰ	I-LOC
পালনাম	B-MISC
আৰু	O
অপ্সৰা	B-MISC
নৃত্যৰ	I-MISC
প্ৰাণকেন্দ্ৰ	O
।	O

আন	O
কেইটামান	O
আকৰ্ষণীয়	O
অনুষ্ঠানৰ	O
ভিতৰত	O
বুদ্ধ	B-MISC
পুৰ্ণিমা	I-MISC
,	O
পই	B-MISC
নক	I-MISC
হক	I-MISC
অন্যতম	O
।	O

এই	O
মন্দিৰটো	O
শিৱপূজাৰ	B-MISC
পীঠস্থানৰ	O
দৰে	O
হৈ	O
পৰিছে	O
।	O

ইয়াৰ	O
উপৰি	O
ধ্ৰপদী	B-MISC
সংগীত	I-MISC
আদি	O
সংস্কৃতিৰো	O
ই	O
প্ৰাণকেন্দ্ৰস্বৰূপ	O
।	O

অনুষ্ঠিত	O
বাণ	B-ORG
থিয়েটাৰত	I-ORG
১৯০৬	B-DATE
চনত	I-DATE
অনুষ্ঠিত	O
কৰা	O
কৰ্ণবধ	B-MISC
ভাওনাৰে	I-MISC
বাণ	O
ৰঙ্গমঞ্চৰ	O
শুভাৰম্ভ	O
কৰা	O
হৈছিল	O
।	O

এই	O
সত্ৰতে	O
ওঠৰ	O
মাহ	O
কটাই	O
মাহাপুৰুষ	O
শংকৰদেৱে	B-PER
বৰগীত	B-MISC
আৰু	O
কীৰ্তনঘোষাখনো	B-MISC
সমাপ্ত	O
কৰিছিল	O
।	O

মাজুলীত	B-LOC
প্ৰতিবছৰে	O
চাৰিদিনীয়াকৈ	O
মাজুলী	B-MISC
মহোৎসৱ	I-MISC
উদ্‌যাপন	O
কৰা	O
হয়	O
।	O

বাৰেচহৰীয়া	B-MISC
ভাওনা	I-MISC
হৈছে	O
২০০	O
বছৰ	O
পুৰণি	O
জামুগুৰিহাটত	B-LOC
অনুষ্ঠিত	O
হোৱা	O
এক	O
মহোৎসৱ	O
।	O

ফাগুন	O
-	O
চ'ত	O
মাহত	O
কেইবাদিনীয়া	O
কাৰ্যসূচীৰে	O
ইয়াত	O
দৌল	B-MISC
উৎসৱ	I-MISC
পালন	O
কৰা	O
হয়	O
।	O

মন্দিৰটোত	O
প্ৰতিবছৰে	O
দুৰ্গা	B-MISC
পূজা	I-MISC
আৰু	O
শিৱ	B-MISC
পূজা	I-MISC
ধুমধামেৰে	O
আয়োজন	O
কৰা	O
হয়	O
।	O

আচৰিত	O
কথা	O
যে	O
হোৱাইট	B-ORG
হাউছৰ	I-ORG
কৰ্তৃপক্ষই	O
তেওঁক	O
জনালে	O
আগতীয়া	O
বুকিঙৰ	O
কাৰণে	O
হোৱাইট	B-LOC
হাউছৰ	I-LOC
গেষ্ট	O
হাউছ	O
সম্পূৰ্ণৰূপে	O
ভৰ্তি	O
হৈ	O
আছে	O
।	O

বন্য	O
প্ৰাণীৰ	O
সহায়ক	O
হবলৈ	O
ভাৰতীয়	B-ORG
সেনাৰ	I-ORG
সহযোগত	O
কেবাটাও	O
কৃত্ৰিম	O
চাপৰি	O
সজোৱা	O
হৈছে	O
।	O

সৌসিদিনা	O
এপিগ্ৰাফিক	B-ORG
ছছাইটিৰ	I-ORG
এটা	O
দলে	O
বৰদোৱা	B-LOC
আৰু	O
আলিপুখুৰী	B-LOC
পাটকিবৰী	I-LOC
দুয়ো	O
স্থান	O
ভ্ৰমণ	O
কৰোঁতে	O
আমাৰো	O
লগতে	O
থকাৰ	O
সৌভাগ্য	O
ঘটিছিল	O
।	O

ভাৰতৰ	B-ORG
পুৰাতত্ত্ব	I-ORG
জৰীপ	I-ORG
বিভাগৰ	I-ORG
পূব	O
মাণ্ডলিক	O
অধীক্ষক	O
,	O
পুৰাতত্ত্ববিদ	O
ৰাখাল	B-PER
দাস	I-PER
বন্দোপাধ্যায়ে	I-PER
১৯২১	B-DATE
-	I-DATE
১৯২২	I-DATE
চনত	I-DATE
খননকাৰ্য	O
চলাই	O
দ	O
-	O
পৰ্বতীয়াত	O
স্থাপত্য	O
আৰু	O
ভাস্কৰ্য	O
-	O
কলাৰ	O
নিদৰ্শনটো	O
আৱিষ্কাৰ	O
কৰে	O
।	O

প্ৰথমাৱস্থাত	O
সংগ্ৰহালয়টোৰ	O
সম্পদ	O
সমূহ	O
দৰং	B-ORG
কলেজত	I-ORG
সংৰক্ষণ	O
কৰা	O
আছিল	O
,	O
তাৰ	O
পিছত	O
তেজপুৰ	B-ORG
সাহিত্য	I-ORG
সভা	I-ORG
ভৱনলৈ	O
স্থানান্তৰ	O
কৰা	O
হয়	O
আৰু	O
শেষত	O
২০০২	B-DATE
চনত	I-DATE
,	O
স্থায়ী	O
ভাবে	O
ব্ৰিটিছৰ	O
দিনৰে	O
ঐতিহাসিক	O
ডাক	O
বঙলালৈ	O
স্থানান্তৰ	O
কৰা	O
হয়	O
।	O

কাজিৰঙাক	B-PER
বাৰ্ডলাইফ	B-ORG
ইণ্টাৰনেশ্যনেলৰ	I-ORG
দ্বাৰা	O
গুৰুত্বপূৰ্ণ	O
পক্ষী	O
ক্ষেত্ৰ	O
হিচাপে	O
চিহ্নিত	O
কৰা	O
হৈছে	O
।	O

ভাৰত	B-ORG
চৰকাৰৰ	I-ORG
অধীনত	O
১৯৭৭	B-DATE
চনৰ	I-DATE
পৰা	O
হিন্দুস্থান	B-ORG
মেচিন	I-ORG
টুলছ	I-ORG
নামেৰে	O
মেচিন	O
তৈয়াৰ	O
আৰম্ভ	O
কৰা	O
ফেক্টৰীটোত	O
৩৯০	O
গৰাকী	O
কৰ্মী	O
আৰু	O
৮০	O
গৰাকী	O
অভিযন্তা	O
নিযোগ	O
হৈ	O
আছে	O
।	O

১৯৮০	B-DATE
চনৰ	I-DATE
পৰাই	O
আলফা	B-ORG
সদস্যৰ	O
দ্বাৰা	O
চোৰাং	O
চিকাৰী	O
নিধনৰ	O
কথা	O
জানিব	O
পৰা	O
গৈছে	O
।	O

খনন	O
কাৰ্যৰ	O
পৰা	O
পোৱা	O
বেছিভাগ	O
পুৰাকীৰ্তি	O
প্ৰদৰ্শনৰ	O
বাবে	O
এএচআই	B-ORG
সেই	O
স্থানত	O
এটা	O
জাদুঘৰ	O
প্ৰতিষ্ঠা	O
কৰিছিল	O
।	O

অসম	B-ORG
সাহিত্য	I-ORG
সভাৰ	I-ORG
এক	O
মুখ্য	O
কাৰ্য্যালয়	O
ৰাধাকান্ত	B-PER
সন্দিকৈয়ে	I-PER
দান	O
দিয়া	O
চন্দ্ৰকান্ত	B-LOC
সন্দিকৈ	I-LOC
ভৱন	I-LOC
ইয়াতে	O
অৱস্থিত	O
।	O

কলম্বোত	B-LOC
লংকা	B-ORG
অশোক	I-ORG
লিলেণ্ড	I-ORG
বাছৰ	O
ফেক্টৰি	O
বহুৱাইছে	O
।	O

গুৱাহাটী	B-ORG
তাৰকাগৃহ	I-ORG
ইয়াৰ	O
স্থাপত্য	O
আৰু	O
আধুনিক	O
প্ৰযুক্তিৰ	O
ব্যৱহাৰৰ	O
বাবে	O
জনা	O
যায়	O
।	O

আমাৰ	O
লক্ষ্য	O
স্থান	O
আছিল	O
ইণ্টাৰনেচনেল	B-ORG
চেণ্টাৰ	I-ORG
ফৰ	I-ORG
ছ'চিয়েল	I-ORG
ছায়েন্স	I-ORG
ৰিচাৰ্ছৰ	O
কনফাৰেন্স	O
হলটো	O
।	O

লাৰা	B-PER
মহাশয়াক	O
অনুৰোধ	O
কৰাত	O
ফিউচাৰ	B-ORG
জেনেৰেচন	I-ORG
মুখ্য	O
কাৰ্যলয়ৰ	O
পৰা	O
অনুমতি	O
লৈ	O
আমাৰ	O
যাত্ৰা	O
সুগম	O
কৰে	O
।	O

ডব্লিউডব্লিউএফ	B-ORG
-	I-ORG
ইণ্ডিয়া	I-ORG
আৰু	O
ভাৰত	B-ORG
চৰকাৰে	I-ORG
গ্ৰহণ	O
কৰা	O
এই	O
ইণ্ডিয়ান	O
ৰাইন'	O
ভিছন	O
২০২০	O
কৰ্মসূচীৰ	O
অধীনত	O
ভাৰতত	B-LOC
২০২০	B-DATE
চনৰ	I-DATE
ভিতৰত	O
এশি‌ঙিয়া	O
গঁড়ৰ	O
সংখ্যা	O
৩০০০	O
লৈ	O
বৃদ্ধি	O
কৰাৰ	O
পৰিকল্পনা	O
কৰা	O
হৈছে	O
।	O

পৱন	B-ORG
হংস	I-ORG
নামেৰে	O
চৰকাৰী	O
হেলিকপ্টাৰ	O
সেৱা	O
আছে	O
।	O

বিভাজনৰ	O
পাছত	O
চৰাইদেউ	B-LOC
জিলাত	O
আহোম	B-MISC
সম্ৰাজ্যৰ	O
প্ৰসাদ	O
কাৰেংঘৰ	B-LOC
,	O
এছিয়াৰ	B-LOC
পিৰামিডৰূপে	O
বিখ্যাত	O
চৰাইদেউ	B-LOC
মৈদাম	I-LOC
,	O
শ	B-LOC
-	I-LOC
ধোৱা	I-LOC
পুখুৰী	I-LOC
,	O
টেঙা	B-LOC
পুখুৰী	I-LOC
,	O
আহোম	B-ORG
সৈন্য	I-ORG
প্ৰশিক্ষণ	I-ORG
কেন্দ্ৰ	I-ORG
ইত্যাদিকে	O
কৰি	O
বহুতো	O
পুৰণি	O
গাঁও	O
থাকি	O
যায়	O
।	O

নলা	O
,	O
হোলা	O
,	O
খাল	O
,	O
বিল	O
আদিত	O
পৰি	O
থকা	O
শিল	O
,	O
উপায়ুক্ত	O
কাৰ্য্যালয়ৰ	O
গৃহ	O
নিৰ্মাণৰ	O
সময়ত	O
উদ্ধাৰ	O
হোৱা	O
বা	O
কাছাৰীৰ	B-LOC
সম্মুখত	O
পোৱা	O
শৈল	O
ভাস্কৰ্য্যসমূহৰ	O
লগতে	O
ডন	B-ORG
বস্ক'	I-ORG
বিদ্যালয়ৰ	I-ORG
সম্মুখত	O
পোৱা	O
বিভিন্ন	O
শিলা	O
স্তম্ভ	O
ইয়াত	O
সজাই	O
ৰখা	O
হৈছে	O
।	O

চি	B-ORG
এছ	I-ORG
টি	I-ORG
চিৰ	I-ORG
পৰা	O
দুখন	O
বাছ	O
ৰুবী	B-ORG
জেনেৰেল	I-ORG
হস্পিতালৰ	I-ORG
পৰা	O
পুৱা	O
৪.৩০	O
আৰু	O
৪.৪৫	O
বজাত	O
যাত্ৰা	O
আৰম্ভ	O
কৰে	O
।	O

২০০৫	B-DATE
চনত	I-DATE
ৱাইল্ডলাইফ	B-ORG
ট্ৰাষ্ট	I-ORG
অফ	I-ORG
ইণ্ডিয়াৰ	I-ORG
সহযোগত	O
কাজিৰঙাৰ	B-LOC
কৰ্মচাৰীয়ে	O
ইয়াক	O
নিৰ্মূল	O
কৰে	O
।	O

ভাৰতৰ	B-LOC
মুখ্য	O
বিমান	O
পৰিবহণ	O
সংস্থাসমূহ	O
যেনে	O
-	O
জেট	B-ORG
এয়াৰৱেজ	I-ORG
,	O
জেট	B-ORG
কনেক্ট	I-ORG
,	O
ইণ্ডিগ'	B-ORG
,	O
এয়াৰ	B-ORG
ইণ্ডিয়াই	I-ORG
এই	O
বিমান	O
বন্দৰকেইটালৈ	O
সেৱা	O
আগবঢ়ায়	O
।	O

১৯১৫	B-DATE
চনত	I-DATE
যোৰহাট	B-ORG
সাহিত্য	I-ORG
সভা	I-ORG
স্থাপিত	O
হয়	O
।	O

লন	B-ORG
এয়াৰলাইনৰ	I-ORG
বিমানখন	O
৭	O
বাজি	O
২৫	O
মিনিটত	O
উৰিবলৈ	O
ধৰিলে	O
।	O

শ্ৰীমন্ত	B-ORG
শংকৰদেৱ	I-ORG
কলাক্ষেত্ৰ	I-ORG
বা	O
চমুলৈ	O
কলাক্ষেত্ৰ	B-LOC
গুৱাহাটীৰ	B-LOC
পাঞ্জাবাৰীত	B-LOC
অৱস্থিত	O
এক	O
সাংস্কৃতিক	O
ভৱন	O
।	O

ৰাতি	O
বাৰ	O
বজাত	O
ক'ণ্টিনেচনেল	B-ORG
এয়াৰলাইনচ	I-ORG
নিউয়ৰ্ক	B-LOC
অভিমুখী	O
বিমানখন	O
এৰাৰ	O
সময়	O
।	O

১৯২১	B-DATE
-	I-DATE
১৯২২	I-DATE
চনত	O
ভাৰতীয়	B-ORG
পুৰাতত্ত্ব	I-ORG
জৰীপ	I-ORG
বিভাগৰ	I-ORG
খনন	O
কাৰ্যৰ	O
পৰা	O
দ	B-LOC
-	I-LOC
পৰ্বতীয়াত	I-LOC
উদ্ধাৰ	O
হয়	O
শিলৰ	O
মন্দিৰৰ	O
ওপৰত	O
আহোম	B-MISC
যুগত	O
শিল	O
আৰু	O
ইটাৰে	O
নিৰ্মিত	O
দেৱালয়ৰ	O
গাঁথনি	O
।	O

সমগ্ৰ	O
ভাৰতবৰ্ষত	B-LOC
৭০	O
শতাংশ	O
অট'ম'বাইলৰ	O
যন্ত্ৰপাতি	O
হিন্দুস্থান	B-ORG
মেচিন	I-ORG
টুলছে	I-ORG
যোগান	O
ধৰে	O
।	O

ইয়াৰ	O
প্ৰতিষ্ঠাপক	O
সংস্থান	O
কামৰূপ	B-ORG
অনুসন্ধান	I-ORG
সমিতি	I-ORG
আছিল	O
১৯১২	B-DATE
চনত	I-DATE
এদল	O
স্বেস্বাসেৱকৰ	O
দ্বাৰা	O
গঠিত	O
হোৱা	O
এক	O
সংস্থান	O
।	O

উইলিয়াম	B-PER
হলষ্টেদ	I-PER
জন	B-ORG
হপচনকিন	I-ORG
বিশ্ববিদ্যালয়ৰ	I-ORG
এজন	O
বিখ্যাত	O
শল্য	O
চিকিৎসক	O
আছিল	O
।	O

এনথেম	B-ORG
স্পৰ্ট	I-ORG
প্ৰাইভেট	I-ORG
লিমিটেড	I-ORG
নামৰ	O
এটা	O
ক্ৰিকেট	O
বেট	O
তৈয়াৰ	O
কৰা	O
ফেক্টৰীত	O
সোমালো	O
।	O

জন	B-ORG
হপকিনচ	I-ORG
বিশ্ববিদ্যালয়ৰ	I-ORG
পৰা	O
ওলাই	O
টানাৰহাইবাৰ	B-LOC
লৈ	O
যাত্ৰা	O
কৰিলো	O
।	O

২০১১	B-DATE
চনৰ	I-DATE
অসম	B-ORG
বিধান	I-ORG
সভাৰ	I-ORG
নিৰ্বাচনৰ	O
সময়ত	O
ডিমা	B-LOC
-	I-LOC
হাছাও	I-LOC
জিলাৰ	O
মুঠ	O
ভোটাৰৰ	O
সংখ্যা	O
আছিল	O
১	O
,	O
২৬	O
,	O
৮১৪	O
আৰু	O
সৰ্বমুঠ	O
১৩৯	O
-	O
টা	O
কেন্দ্ৰত	O
ভোটগ্ৰহণ	O
অনুষ্ঠিত	O
কৰা	O
হৈছিল	O
।	O

এটা	O
পথত	O
তেজপুৰৰ	B-LOC
বিখ্যাত	O
গণেশ	B-LOC
ঘাট	I-LOC
আৰু	O
আনটো	O
পথত	O
তেজপুৰৰ	B-LOC
উপায়ুক্তৰ	O
আবাসগৃহ	O
আৰু	O
তেজপুৰ	B-ORG
মহাবিদ্যালয়	I-ORG
দেখিবলৈ	O
পোৱা	O
যায়	O
।	O

ভাৰতীয়	B-ORG
জনতা	I-ORG
পাৰ্টিৰ	I-ORG
তপন	B-PER
কুমাৰ	I-PER
গগৈ	I-PER
যোৰহাট	B-LOC
লোকসভা	I-LOC
সমষ্টিৰ	O
বৰ্তমানৰ	O
সাংসদ	O
।	O

ৰাষ্ট্ৰীয়	B-ORG
গ্ৰাম্য	I-ORG
স্বাস্থ্য	I-ORG
আয়োগৰ	I-ORG
অধীনত	O
থকা	O
আশা	O
কৰ্মীবোৰৰ	O
লগত	O
পেৰুৰ	B-LOC
হেল্থ	O
প্ৰম'টাৰ	O
বোৰৰ	O
কাম	O
মিল	O
আছে	O
।	O

এক	O
বজাত	O
আমি	O
গৈ	O
এইচ	B-ORG
এম	I-ORG
টি	I-ORG
মেচিন	O
ফেক্টৰীত	O
উপস্থিত	O
হ'লো	O
।	O

সভাত	O
ৰাষ্ট্ৰীয়	B-ORG
বিজ্ঞান	I-ORG
সংগ্ৰহালয়	I-ORG
পৰিচালনা	I-ORG
সমিতিৰ	I-ORG
অধ্যক্ষ	O
আৰ	B-PER
চি	I-PER
চবতি	I-PER
,	O
কেন্দ্ৰীয়	O
চৰকাৰৰ	O
সাংস্কৃতিক	O
মন্ত্ৰাণালয়ৰ	O
যুটীয়া	O
সচিব	O
ড॰	O
বেণি	B-PER
ডি	I-PER
,	O
ৰাষ্ট্ৰীয়	B-ORG
বিজ্ঞান	I-ORG
সংগ্ৰহালয়	I-ORG
পৰিষদৰ	I-ORG
সঞ্চালক	O
জি	B-PER
এছ	I-PER
ৰৌটালা	I-PER
,	O
অসম	B-ORG
চৰকাৰৰ	I-ORG
বিজ্ঞান	I-ORG
আৰু	I-ORG
প্ৰযুক্তিবিদ্যা	I-ORG
পৰিষদৰ	I-ORG
আয়ুক্ত	O
সচিব	O
পৱন	B-PER
কুমাৰ	I-PER
বৰঠাকুৰ	I-PER
,	O
কেন্দ্ৰীয়	B-ORG
গৱেষণা	I-ORG
আৰু	I-ORG
প্ৰশিক্ষণ	I-ORG
পৰীক্ষাগাৰৰ	I-ORG
সঞ্চালক	O
এছ	B-PER
চৌধুৰী	I-PER
।	O

১৯২৮	B-DATE
চনত	I-DATE
তেজপুৰ	B-ORG
পৌৰসভাৰ	I-ORG
প্ৰথম	O
অসমীয়া	O
পৌৰপতি	O
পদ্মনাথ	B-PER
গোহাঞি	I-PER
বৰুৱাদেৱে	I-PER
ব্ৰহ্মপুত্ৰৰ	B-LOC
পাৰত	O
থকা	O
টিলাটোত	O
এখনি	O
উদ্যান	O
গঢ়ি	O
তোলে	O
আৰু	O
কালক্ৰমত	O
ইয়েই	O
অগ্নিগড়	B-LOC
ৰূপে	O
পৰিচিত	O
হৈ	O
পৰিল	O
।	O

আমি	O
গুৱাহাটী	B-ORG
মেডিকেল	I-ORG
কলেজৰ	I-ORG
ই.	O
এন.	O
টি	O
বিভাগটো	O
ডা:	O
সুৰেণ	B-PER
শৰ্মাৰ	I-PER
নামত	O
,	O
শল্য	O
চিকিৎসা	O
বিভাগটো	O
ডা:	O
যোগেশ	B-PER
মহন্ত	I-PER
,	O
ডা:	O
ভাবিত	B-PER
ডাউকাৰ	I-PER
নাম	O
উৰ্চগা	O
কৰিব	O
নোৱাৰিলোহেঁতেননে	O
ডা:	O
আই	B-PER
জাহানৰ	I-PER
নামত	O
ফিজিঅ'লজী	O
বিভাগটো	O
এই	O
সকল	O
ব্যক্তি	O
সকলোৰে	O
শ্ৰদ্ধাৰ	O
পাত্ৰ	O
আছিল	O
,	O
ৰোগীৰ	O
প্ৰতি	O
সদায়	O
সদয়	O
আছিল	O
আৰু	O
পইচাৰ	O
প্ৰতি	O
লোভ	O
নাছিল	O
।	O

অসম	B-ORG
চৰকাৰৰ	I-ORG
বিজ্ঞান	I-ORG
আৰু	I-ORG
প্ৰযুক্তিবিদ্যা	I-ORG
পৰিষদৰ	I-ORG
সহযোগত	O
ৰাষ্ট্ৰীয়	B-ORG
বিজ্ঞান	I-ORG
সংগ্ৰহালয়	I-ORG
পৰিচালনা	I-ORG
সমিতি	I-ORG
য়ে	O
এই	O
কেন্দ্ৰটোৰ	O
পৰিকল্পনা	O
,	O
আৰ্হি	O
প্ৰস্তুত	O
আৰু	O
নিৰ্মাণ	O
কৰিছে	O
।	O

আনহাতে	O
যোৰহাট	B-LOC
বিধানসভা	I-LOC
সমষ্টিৰ	O
বৰ্তমানৰ	O
বিধায়ক	O
হৈছে	O
ভাৰতীয়	B-ORG
জনতা	I-ORG
পাৰ্টিৰ	I-ORG
হিতেন্দ্ৰ	B-PER
নাথ	I-PER
গোস্বামী	I-PER
।	O

সেই	O
সময়ত	O
ছ'ছাইটি	B-ORG
অৱ	I-ORG
ফ্ৰেণ্ডছ	I-ORG
নামৰ	O
এটা	O
অনুষ্ঠানে	O
দাস	O
প্ৰথা	O
অন্যায়	O
,	O
অমানৱীয়	O
আৰু	O
খৃষ্টান	B-MISC
ধৰ্মৰ	O
পৰপিন্থী	O
বুলি	O
অভিযান	O
চলোৱাত	O
চেমুৱেলে	B-PER
সকলোবোৰ	O
দাসকে	O
মুকলি	O
কৰি	O
দিয়	O
।	O

কিন্তু	O
এই	O
সময়তে	O
ৰুদ্ৰ	B-PER
সিংহ	I-PER
নৰিয়াত	O
পৰে	O
আৰু	O
১৭১৪	B-DATE
খ্ৰীষ্টাব্দত	I-DATE
গুৱাহাটীৰ	B-LOC
চাউনিত	O
তেওঁৰ	O
মৃত্যু	O
হয়	O
।	O

১৯শ	O
শতিকাত	O
আন	O
কিছুমান	O
বনাঞ্চলো	O
ইয়াত	O
যোগ	O
কৰাৰ	O
ফলত	O
১৯৯৭	B-DATE
চনত	I-DATE
ইয়াৰ	O
মাটিকালি	O
২০৯৮.৬২	O
হেক্টৰ	O
হয়গৈ	O
।	O

১৭০৮	B-DATE
চনত	I-DATE
আহোম	B-MISC
স্বৰ্গদেউ	O
ৰুদ্ৰসিংহই	B-PER
জয়ন্তীয়া	B-MISC
ৰাজ্যৰ	O
পৰা	O
গোসানীৰ	O
বিগ্ৰহ	O
আনি	O
গড়গাঁৱত	B-LOC
স্থাপন	O
কৰিছিল	O
।	O

১৪৮০	B-DATE
চনত	I-DATE
আহোম	B-MISC
ৰজা	O
চুচেনফাই	B-PER
এই	O
মন্দিৰটো	O
নিৰ্মাণ	O
কৰিছিল	O
।	O

আহোম	O
ৰজা	O
শিৱসিংহৰ	B-PER
ৰাজত্ব	O
কালত	O
১৭৩০	B-DATE
খ্ৰীষ্টাব্দত	I-DATE
মন্দিৰৰ	O
বিগ্ৰহটো	O
পুনৰুদ্ধাৰ	O
হয়	O
আৰু	O
ৰজা	O
লক্ষমী	B-PER
সিংহৰ	I-PER
দিনত	O
১৭৭০	B-DATE
খ্ৰীষ্টাব্দত	I-DATE
মন্দিৰটি	O
নতুনকৈ	O
সজোৱা	O
হয়	O
।	O

১৮৯১	B-DATE
চনৰ	I-DATE
অসম	O
বন	O
নিয়ন্ত্ৰণ	O
আইনৰপৰা	O
আৰম্ভ	O
কৰি	O
২০০২	B-DATE
চনৰ	I-DATE
জৈৱবৈচিত্ৰ্য	O
সংৰক্ষণ	O
আইনলৈ	O
কেবাখনো	O
আইনৰ	O
জৰিয়তে	O
কাজিৰঙাক	B-LOC
বিশেষ	O
সুৰক্ষা	O
প্ৰদান	O
কৰা	O
হৈছে	O
।	O

১৯৭৬	B-DATE
চনত	I-DATE
কামকাজ	O
আৰম্ভ	O
হোৱা	O
এই	O
প্ৰকল্পটোৱে	O
১৯৮৪	B-DATE
চনৰ	I-DATE
পৰা	O
বিদ্যুৎ	O
উৎপাদন	O
কৰি	O
আহিছে	O
।	O

২০১১	B-DATE
চনৰ	I-DATE
লোকপিয়ল	O
অনুসৰি	O
গুৱাহাটী	B-LOC
মহনগৰৰ	O
জনসংখ্যা	O
৯৬৩৪২৯	O
জন	O
।	O

১৮০৬	B-DATE
চনত	I-DATE
স্বৰ্গদেউ	O
কমলেশ্বৰ	B-PER
সিংহ	I-PER
জয়সাগৰৰ	B-LOC
মন্দিৰ	O
পৰিদৰ্শন	O
কৰিছিল	O
।	O

বিভিন্ন	O
ধৰ্মীয়	O
তীৰ্থস্থান	O
,	O
বাৰে	O
-	O
বৰণীয়া	O
কৃষ্টি	O
-	O
সংস্কৃতি	O
তথা	O
মনোৰম	O
প্ৰাকৃতিক	O
প্ৰাচুৰ্যৰে	O
অঞ্চলটোক	O
প্ৰাণস্পৰ্শিত	O
কৰি	O
অনন্য	O
মাত্ৰা	O
প্ৰদান	O
কৰিছে	O
১৮৯৭	B-DATE
চনত	I-DATE
প্ৰবল	O
ভূঁইকপে	O
সৃষ্টি	O
কৰা	O
চানডুবি	B-LOC
বিলখনৰ	O
স্ফটিক	O
জলৰাশিয়ে	O
।	O

১৫২৯	B-DATE
শকাব্দ	I-DATE
এইজন	O
ৰজাই	O
ৰাজপাটত	O
বহি	O
২০	O
বছৰ	O
ৰাজত্ব	O
কৰিছিল	O
।	O

গুৰুত্বপূৰ্ণ	O
কথাটো	O
হ'ল	O
২০০৬	B-DATE
চনত	I-DATE
মওলিনঙে	B-LOC
লাভ	O
কৰিছে	O
এছিয়াৰ	B-LOC
সৱাটোকৈ	O
পৰিষ্কাৰ	O
গাঁওৰ	O
মৰ্যদা	O
।	O

২০১১	B-DATE
চনৰ	I-DATE
পৰা	O
ইয়াৰ	O
ওপৰত	O
নিষেধাজ্ঞা	O
আৰোপ	O
কৰা	O
হৈছে	O
।	O

১৮৯৭	B-DATE
আৰু	O
১৯৫০	B-DATE
চনৰ	I-DATE
ভূমিকম্পত	O
ইয়াৰ	O
বিস্তৰ	O
ক্ষতি	O
সাধন	O
হৈছিল	O
।	O

১৯৮৯	B-DATE
চনত	I-DATE
কোচিন	B-MISC
এক্সপ্ৰেছ'ত	I-MISC
বাংগালোৰলৈ	B-LOC
গৈছিলো	O
।	O

১৯৫০	B-DATE
চনৰ	I-DATE
ভূমিকম্পত	O
কলচীটো	O
খহি	O
পৰিছিল	O
যদিও	O
ইয়াক	O
আগৰ	O
স্থানত	O
স্থাপন	O
কৰা	O
হয়	O
।	O

হিন্দু	O
ধৰ্মৰ	O
চাৰি	O
ধামৰ	O
অন্যতম	O
ওড়িশাৰ	B-LOC
পুৰীত	B-LOC
অৱস্থিত	O
শ্ৰী	B-LOC
জগনাথ	I-LOC
মন্দিৰক	I-LOC
আৰ্হি	O
হিচাপে	O
২০১৪	B-DATE
চনত	I-DATE
এই	O
মন্দিৰ	O
নিৰ্মাণ	O
কৰা	O
হৈছিল	O
।	O

১৭০৮	B-DATE
চনত	I-DATE
জয়ন্তীয়া	B-MISC
ৰজা	O
ৰামসিংহ‍ই	B-PER
কছাৰী	B-MISC
ৰজা	O
তাম্ৰধ্বজক	B-PER
হৰুৱাই	O
আহোম	B-MISC
ৰজাৰ	O
বশ্যতা	O
অস্বীকাৰ	O
কৰে	O
।	O

১৯	O
বছৰ	O
বয়সতে	O
১৪৬৮	B-DATE
খ্ৰীষ্টাব্দত	I-DATE
শ্ৰীমন্ত	B-PER
শংকৰদেৱে	I-PER
বৰদোৱাতে	B-LOC
শ্ৰী	B-LOC
শ্ৰী	I-LOC
বটদ্ৰৱা	I-LOC
থানখনৰ	I-LOC
স্থাপন	O
কৰিছিল	O
।	O

২০১১	B-DATE
চনৰ	I-DATE
জৰীপ	O
অনুসৰি	O
,	O
উমৰাংছুৰ	B-LOC
জনসংখ্যা	O
১০৩৭৬	O
জন	O
।	O

কালাপাহাৰে	B-PER
প্ৰাচীন	O
মন্দিৰটো	O
ভাঙি	O
যোৱাৰ	O
পিছত	O
কোচ	O
ৰজা	O
ৰঘূদেৱে	B-PER
১৫৪৩	B-DATE
খ্ৰীষ্টাব্দত	I-DATE
মন্দিৰটোৰ	O
পুনৰ্নিৰ্মাণ	O
কৰে	O
।	O

স্বৰ্গদেৱ	O
প্ৰমত্তসিংহৰ	B-PER
দিনত	O
শিৱদৌলৰ	B-LOC
আৰ্হিত	O
কৰ্দৈশিৰীয়াকৈ	O
সত্ৰৰ	O
মঠটি	O
১৭৭১	B-DATE
শক	I-DATE
ত	O
নিৰ্মাণ	O
কৰা	O
হয়	O
।	O

২০০৫	B-DATE
চনত	I-DATE
কাজিৰঙা	B-LOC
ৰাষ্ট্ৰীয়	I-LOC
উদ্যানে	I-LOC
সংৰক্ষিত	O
বনাঞ্চল	O
হিচাপে	O
এশ	O
বছৰ	O
অতিক্ৰম	O
কৰে	O
।	O

এই	O
ৰাজমহলটো	O
সৰ্বপ্ৰথম	O
স্বৰ্গদেউ	O
ৰুদ্ৰসিংহ‍ই	B-PER
১৬৯৮	B-DATE
চনত	I-DATE
সাজি	O
উলিয়াইছিল	O
।	O

১৮৩৬	B-DATE
চনত	I-DATE
ডেভিদ	B-PER
স্কটৰ	I-PER
ইস্তহাৰত	O
সন্মতি	O
নিদি	O
ইংৰাজৰ	O
আনুগত্য	O
স্বীকাৰ	O
নকৰাত	O
সত্ৰৰ	O
২৪০০০	O
পুৰা	O
লাখেৰাজ	O
ভূমি	O
বৃত্তি	O
পৰিত্যাগ	O
কৰিব	O
লগা	O
হয়	O
।	O

ৰবীন	B-PER
বেনাৰ্জীৰ	I-PER
দ্বাৰা	O
নিৰ্মিত	O
তথ্যচিত্ৰ	O
কাজিৰঙা	B-LOC
১৯৬১	B-DATE
চনত	I-DATE
বাৰ্লিন	O
দূৰদৰ্শনত	O
প্ৰচাৰিত	O
হোৱাৰ	O
পাছতেই	O
কাজিৰঙা	B-LOC
আন্তৰ্জাতিক	O
ভাৱে	O
আলোচিত	O
হয়	O
।	O

১৮৮৪	B-DATE
চনৰ	I-DATE
আগৰ	O
পিয়লৰ	O
নক্সাত	O
এই	O
নদীৰ	O
অৱস্থিতিৰ	O
কথা	O
লিপিৱদ্ধ	O
কৰা	O
আছে	O
।	O

তদপৰি	O
গাঁওখনৰ	O
ঈন	O
এক	O
আকৰ্ষণৰ	O
সমূহ	O
হৈছে	O
বুঢ়ীদিহীংত	B-LOC
বোটিং	O
আনন্দ	O
,	O
১৯৩৭	B-DATE
চনত	I-DATE
নিৰ্মাত	O
পেগোডা	B-LOC
,	O
বৌদ্ধ	O
মঠ	O
,	O
প্ৰতীকী	O
অশোক	O
স্তম্ভ	O
,	O
পৰম্পৰাগত	O
সৰু	O
আৰু	O
সুন্দৰ	O
ঘৰবোৰ	O
,	O
পৰম্পৰাগত	O
নৃত্য	O
।	O

১৮৯৫	B-DATE
চনত	I-DATE
এই	O
মহকুমাৰ	O
সদৰ	O
হাফলঙলৈ	B-LOC
স্থানান্তৰ	O
কৰা	O
হয়	O
।	O

১৯৫৭	B-DATE
চনত	I-DATE
প্ৰতিষ্ঠা	O
হোৱা	O
এই	O
চিৰিয়াখানা	O
১৯৫৮	B-DATE
চনত	I-DATE
দৰ্শকৰ	O
বাবে	O
মুকলি	O
কৰা	O
হয়	O
।	O

২০০১	B-DATE
চনৰ	I-DATE
লোকপিয়ল	O
অনুসৰি	O
ডিমা	B-LOC
-	I-LOC
হাছাও	I-LOC
জিলাৰ	O
৬৮.৩%	O
লোকেই	O
অনুসূচিত	O
জনজাতিৰ	O
অন্তৰ্গত	O
।	O

২০০১	B-DATE
চনত	I-DATE
শিশুৰ	O
সংখ্যা	O
মুঠ	O
জনসংখ্যাৰ	O
১৬.৩৮%	O
আছিল	O
।	O

১৯৯৫	B-DATE
চনত	I-DATE
তেওঁ	O
২য়	O
বাৰৰ	O
বাবে	O
আৰু	O
২০০০	B-DATE
চনত	I-DATE
৩য়	O
বাৰৰ	O
বাবে	O
তেওঁ	O
নিৰ্বাচিত	O
হয়	O
।	O

১৭০২	B-DATE
-	I-DATE
০৩	I-DATE
চনত	O
স্বৰ্গদেউ	O
ৰুদ্ৰ	B-PER
সিংহই	I-PER
আহোম	B-MISC
ৰাজ্যৰ	O
ৰাজধানী	O
গড়গাঁৱৰ	B-LOC
পৰা	O
ৰংপুৰলৈ	B-LOC
স্থানান্তৰিত	O
কৰে	O
।	O

১৯৯০	B-DATE
চনত	I-DATE
ইয়াক	O
ৰাষ্ট্ৰীয়	O
উদ্যানৰ	O
মৰ্য্যদা	O
প্ৰদান	O
কৰা	O
হয়	O
।	O

১৯২৬	B-DATE
চনত	I-DATE
ইয়াক	O
সজা	O
হৈছিল	O
।	O

বৰদোৱা	O
গুৰু	O
চৰিতৰ	O
মতে	O
তেওঁ	O
আনুমানিক	O
১৪৩৮	B-DATE
শক	I-DATE
অৰ্থাৎ	O
১৫১৬	B-DATE
চনত	I-DATE
গাংমৌ	B-LOC
থানলৈ	I-LOC
আহিছিল	O
।	O

লাই	B-PER
ৰুদ্ৰসিংহ	I-PER
স্বৰ্গদেৱে	O
মাক	O
জয়মতীৰ	B-PER
স্মৃতি	O
ৰক্ষাৰ্থে	O
জেৰেঙা	B-LOC
পথাৰত	I-LOC
১৬১৯	B-DATE
শকৰ	I-DATE
আঘোন	O
মাহৰ	O
তিনিদিন	O
যোৱাত	O
জয়সাগৰ	B-LOC
পুখুৰী	I-LOC
খান্দিবলৈ	O
আৰম্ভ	O
কৰে	O
।	O

ইয়াৰ	O
প্ৰতিষ্ঠা	O
আৰু	O
বিকাশ	O
দৰাচলতে	O
হৈছিল	O
কাকতীয়	B-MISC
,	O
বাহমনি	B-MISC
আৰু	O
কুটুব	B-MISC
শ্বাহীসকলৰ	I-MISC
শাসনকালত	O
।	O

তেওঁলোকৰ	O
হেঁচাত	O
খাছী	B-MISC
সকল	O
আতঁৰি	O
মেঘালয়	B-LOC
পালেগৈ	O
।	O

অসমত	B-LOC
বাস	O
কৰা	O
চীন	B-LOC
-	O
তিব্বতীয়	B-LOC
মূলৰ	O
এটা	O
জনগোষ্ঠী	O
হ'ল	O
ৰাভা	B-MISC
জনগোষ্ঠী	O
।	O

আহোম	B-MISC
স্বৰ্গদেউ	O
ৰাজেশ্বৰ	B-PER
সিংহই	I-PER
বিশ্বনাথত	B-LOC
১৮	O
খন	O
দেৱালয়	O
দৰ্শন	O
কৰিছিল	O
বুলি	O
জনা	O
যায়	O
।	O

যোৰহাটৰ	B-LOC
পৰা	O
কেইবাখনো	O
দৈনিক	O
আৰু	O
সাপ্তাহিক	O
বাতৰি	O
কাকত	O
প্ৰকাশ	O
হয়	O
-	O
ইংৰাজীত	O
থে	B-MISC
নৰ্থ	I-MISC
ইষ্ট	I-MISC
টাইমছ	I-MISC
আৰু	O
থে	B-MISC
টেলিগ্ৰাফ	I-MISC
,	O
অসমীয়াত	O
সাপ্তাহিক	B-MISC
জনমভূমি	I-MISC
,	O
দৈনিক	B-MISC
জনমভূমি	I-MISC
,	O
আমাৰ	B-MISC
অসম	I-MISC
,	O
অসমীয়া	B-MISC
খবৰ	I-MISC
আৰু	O
দৈনিক	B-MISC
অগ্ৰদূত	I-MISC
,	O
হিন্দীত	O
পূৰ্বাঞ্চল	B-MISC
প্ৰহৰী	I-MISC
।	O

প্ৰশিক্ষিকা	O
আছিল	O
লাৰা	B-PER
এলটোবেলি	I-PER
তেওঁ	O
এজনী	O
আমেৰিকান	B-MISC
মহিলা	O
।	O

প্ৰায়	O
প্ৰতিকিলোমিটাৰৰ	O
আঁৰতে	O
আঁতৰে	O
লাডাখত	B-LOC
বৌদ্ধ	B-MISC
মঠ	O
পোৱা	O
যায়	O
।	O

বিশেষকৈ	O
পাছৰ	O
যুগৰ	O
আহোম	B-MISC
ৰাজত্ব	O
কালত	O
স্বৰ্গদেউ	O
সকলে	O
এনে	O
ব্যৱস্থা	O
গ্ৰহণ	O
কৰিছিল	O
।	O

হাতত	O
এটা	O
মাইক	O
লৈ	O
কোৰিয়ান	B-MISC
ভাষাত	O
অনৰ্গল	O
কথা	O
কৈ	O
যোৱা	O
মানুহজনৰ	O
কথাবোৰ	O
একো	O
বুজি	O
পোৱা	O
নাই	O
যদিও	O
গাইড	O
বুলি	O
জানিব	O
পাৰিলোঁ	O
।	O

এই	O
নগৰখন	O
ঐতিহাসিকভাৱে	O
কোঁচ	B-MISC
ৰাজবংশী	I-MISC
সাম্ৰাজ্যৰ	O
অন্তৰ্ভুক্ত	O
আছিল	O
।	O

এই	O
ৰাজপ্ৰাসাদটিৰ	O
কোঠালীবোৰ	O
সমান্তৰালকৈ	O
সজোৱা	O
আৰু	O
ইয়াৰ	O
কাৰুকাৰ্য	O
মোগল	B-MISC
শিল্প	O
শৈলীৰ	O
লগত	O
সাদৃশ্য	O
থকা	O
দেখা	O
যায়	O
।	O

কালিকা	B-MISC
পুৰাণৰ	I-MISC
মতে	O
,	O
ভগৱান	O
ব্ৰহ্মই	B-PER
এই	O
স্থানৰ	O
পৰাই	O
নটা	O
গ্ৰহ	O
আৰু	O
বিশ্বব্ৰহ্মাণ্ডৰ	O
আন	O
উপাদানবোৰ	O
নিৰ্মাণ	O
কৰিছিল	O
।	O

পৰৱৰ্তীকালত	O
আহোম	B-MISC
সকলে	O
এই	O
পুখুৰী	O
নাৱৰ	O
চলাচল	O
আৰু	O
নৌকা	O
বন্দৰৰ	O
মাধ্যম	O
হিচাপে	O
ব্যৱহাৰ	O
কৰিছিল	O
বুলি	O
জানিব	O
পৰা	O
যায়	O
।	O

চালিডা	O
স্পেনীচ	B-MISC
ভাষাত	O
লিখা	O
আছে	O
।	O

মোগলে	B-MISC
অসম	B-LOC
জয়	O
কৰিবলৈ	O
১৭বাৰ	O
প্ৰচেষ্টা	O
চলাইছিল	O
যদিও	O
প্ৰতিবাৰেই	O
পৰাজিত	O
হৈছিল	O
।	O

কথিত	O
আছে	O
ইঙ্কা	B-MISC
সম্ৰাট	O
মানকো	B-PER
কপোকে	I-PER
দশম	O
আৰু	O
দ্বাদশ	O
শতিকাৰ	O
মাজভাগত	O
এই	O
চহৰ	O
গঢ়ি	O
তুলিছিল	O
।	O

দেৱালত	O
স্বৰ্গীয়	O
গন্ধৰ্ব	B-PER
আৰু	O
অপ্সৰাৰ	B-PER
প্ৰতিচ্ছবি	O
আৰু	O
সেই	O
সময়ৰ	O
সামাজিক	O
জীৱনক	O
প্ৰতিনিধিত্ব	O
কৰা	O
ভাস্কৰ্য	O
যেনে	O
পূৰ্বৰ	O
আহোম	B-MISC
স্বৰ্গদেউসকলৰ	O
ক্ৰীড়া	O
আৰু	O
প্ৰিয়	O
খেলা	O
-	O
ধূলা	O
আদিৰে	O
সজাই	O
তোলা	O
হৈছে	O
।	O

ইংৰাজসকলৰ	B-MISC
দিনতই	O
সেই	O
বিলখনক	O
এক	O
বিশেষ	O
ৰূপত	O
সজাই	O
তোলাৰ	O
প্ৰয়াস	O
চলিছিল	O
।	O

পিছলৈ	O
তেওঁ	O
হিন্দু	B-MISC
ধৰ্মত	O
দীক্ষা	O
গ্ৰহণ	O
কৰিছিল	O
।	O

ডিমঙে	B-PER
বাংলাদেশী	B-MISC
টেক্সীৱালা	O
এটালৈ	O
ফোন	O
কৰিলে	O
।	O

ৰংঘৰ	B-LOC
হ'ল	O
এটা	O
দুমহলীয়া	O
ঐতিহাসিক	O
পকী	O
গৃহ	O
,	O
যাক	O
আহোম	B-MISC
শাসনকালত	O
পেভেলিয়ন	O
ৰূপে	O
ব্যৱহাৰ	O
কৰা	O
হৈছিল	O
।	O

প্ৰাগতিহাসিক	O
কালত	O
ফিলিছিয়ান	B-MISC
নামে	O
এটা	O
জনজাতিয়ে	O
ছিৰিয়াৰ	B-LOC
উপকূল	O
অঞ্চলত	O
বাণিজ্যৰ	O
ঘাটি	O
পাতিছিল	O
।	O

খ্ৰীষ্টিয়	O
চতুৰ্থ	O
শতিকাৰ	O
আগভাগত	O
জিতাৰী	B-MISC
বংশৰ	O
ৰজা	O
প্ৰতাপ	B-PER
সিংহই	I-PER
এই	O
মন্দিৰৰ	O
পুনৰুদ্ধাৰ	O
কৰে	O
।	O

১৮শ	O
শতিকাত	O
আহোম	B-MISC
শাসনৰ	O
শেষৰফালে	O
টুংখুঙীয়া	O
আহোম	B-MISC
ৰাজবংশই	O
যোৰহাটত	B-LOC
ৰাজধানী	O
স্থাপন	O
কৰিছিল	O
।	O

দিনৰ	O
দিনটো	O
ঘূৰি	O
ফুৰিলেও	O
ভাগৰ	O
নলগা	O
,	O
আমনি	O
নলগা	O
,	O
চাই	O
চাই	O
ভোক	O
-	O
পিয়াহ	O
নলগা	O
এই	O
বাগিচা	O
দুখন	O
সাজিছিল	O
মোগল	B-MISC
বাদশ্বাহ	O
জাহাংগীৰৰ	B-PER
ৰাজত্বকালত	O
।	O

মূলতঃ	O
ডিমাছা	B-MISC
আৰু	O
নগা	B-MISC
জনগোষ্ঠীৰ	O
লোক	O
এই	O
জিলাত	O
সৰহ	O
।	O

সেইসমূহৰ	O
ভিতৰত	O
শালস্তম্ভ	B-MISC
বংশৰ	I-MISC
ৰজা	O
ৰত্নপালৰ	B-PER
তামৰ	O
ফলি	O
,	O
তামৰ	O
মুদ্ৰা	O
,	O
উলুবাৰীত	B-LOC
উদ্ধাৰ	O
হোৱা	O
কামৰূপ	B-LOC
ৰজা	O
তৃতীয়	O
বলবৰ্মনৰ	B-PER
তামৰ	O
ফলি	O
,	O
সাঁচিপাতৰ	O
পুথি	O
,	O
ৰুদ্ৰসিংহ	B-PER
,	O
শিৱ	B-PER
সিংহ	I-PER
,	O
ৰাজেশ্বৰ	B-PER
সিংহৰ	I-PER
দিনৰ	O
আঠকোণীয়া	O
ৰূপৰ	O
মুদ্ৰা	O
,	O
ভাস্কৰ্য	O
,	O
তাম্ৰলিপি	O
,	O
পাণ্ডুলিপি	O
,	O
আহোম	B-MISC
কালৰ	O
বৰটোপ	O
আৰু	O
বিভিন্ন	O
শিল্প	O
।	O

কিন্তু	O
আচৰিত	O
আৰু	O
আমোদজনক	O
কথা	O
৩য়	O
বাৰ	O
নিৰ্বাচিত	O
হোৱাৰ	O
২মাহ	O
পিছত	O
তেওঁ	O
জাপানলৈ	B-LOC
গৈ	O
পদত্যাগ	O
কৰে	O
আৰু	O
জাপানী	B-MISC
নাগৰিকত্ব	O
গ্ৰহণ	O
কৰে	O
।	O

অলপ	O
ইতস্ততঃ	O
কৰি	O
তেওঁ	O
কলে	O
,	O
মই	O
সংস্কৃত	B-MISC
পঢ়িছিলোঁ	O
সঁচা	O
খুৰাদেৱে	O
খুব	O
উৎসাহ	O
দিছিল	O
নহয়	O
!	O
উল্লেখ্য	O
যে	O
দুপৰীয়া	O
১২	O
বজাৰ	O
পাছত	O
ডাণ্টেসকলে	B-MISC
অন্নগ্ৰহণ	O
নকৰে	O
বাবে	O
আলহীকো	O
অন্ন	O
নিদিয়ে	O
।	O

চাৰিচুকীয়া	O
দীঘলী	B-LOC
পুখুৰীৰ	I-LOC
ব্ৰহ্মপুত্ৰৰ	O
লগত	O
সংযোগ	O
আছিল	O
আৰু	O
সম্ভৱতঃ	O
ইয়াক	O
মধ্যযুগত	O
আহোমৰ	B-MISC
দ্বাৰা	O
নাৱৰ	O
বন্দৰ	O
হিচাপে	O
ব্যৱহাৰ	O
কৰা	O
হৈছিল	O
।	O

ভাৰতৰ	B-LOC
দুখন	O
মহাকাব্য	O
ৰামায়ন	B-MISC
আৰু	O
মহাভাৰতত	B-MISC
পৰশুৰাম	B-PER
সম্বন্ধে	O
বৰ্ণিত	O
আছে	O
।	O

অভয়াৰণ্যখন	O
চৰকাৰীভাৱে	O
দিছৈ	B-LOC
উপত্যকা	I-LOC
সংৰক্ষিত	I-LOC
বনাঞ্চল	I-LOC
,	O
দিছৈ	B-LOC
সংৰক্ষিত	I-LOC
বনাঞ্চল	I-LOC
আৰু	O
টিৰু	B-LOC
পাহাৰ	I-LOC
সংৰক্ষিত	I-LOC
বনাঞ্চললৈ	I-LOC
বিয়পি	O
আছে	O
যিবোৰ	O
ভাৰতীয়	B-MISC
হাতী	O
আৰু	O
আন	O
আন	O
জন্তুৰ	O
চৰণীয়া	O
ঠাই	O
হিচাপে	O
ব্যৱহাৰ	O
কৰা	O
হয়	O
।	O

ছিটত	O
বহি	O
হিৰনন	B-PER
বিননগহামৰ	I-PER
দি	B-MISC
লষ্ট	I-MISC
চিটী	I-MISC
অব	I-MISC
ইঙ্কাখন	I-MISC
পঢ়িবলৈ	O
ললো	O
।	O

অৱশ্যে	O
পিছৰ	O
পৰ্যায়ত	O
দেৱালয়খনে	O
আহোম	B-MISC
স্বৰ্গদেউসকলৰ	O
পৃষ্ঠপোষকতা	O
লাভ	O
কৰিছিল	O
বুলি	O
জনা	O
যায়	O
।	O

আহোম	B-MISC
ৰজাসকলে	O
নগৰখনত	O
ৰাজমাও	B-LOC
পুখুৰী	I-LOC
বা	O
বৰপুখুৰী	B-LOC
,	O
বুঢ়াগোঁহাই	B-LOC
পুখুৰী	I-LOC
,	O
বলিয়া	B-LOC
গোঁহাই	I-LOC
পুখুৰী	I-LOC
,	O
বঙাল	B-LOC
পুখুৰী	I-LOC
,	O
কটকী	B-LOC
পুখুৰী	I-LOC
,	O
মিঠাপুখুৰী	B-LOC
আদি	O
খন্দাইছিল	O
।	O

শ্ৰীমন্ত	B-PER
শংকৰদেৱে	I-PER
কছাৰীসকলৰ	B-MISC
লগত	O
বাৰভূঞাসকলৰ	B-MISC
সংঘৰ্ষ	O
হোৱাত	O
বৰদোৱা	B-LOC
এৰি	O
আহি	O
বিশ্বনাথত	B-LOC
কিছুদিন	O
আশ্ৰয়	O
লয়	O
।	O

অসমৰ	B-LOC
বৈষ্ণৱ	B-MISC
ধৰ্মীয়	O
পৰম্পৰাৰ	O
প্ৰাণকেন্দ্ৰস্বৰূপ	O
এখন	O
ঠাই	O
হৈছে	O
মাজুলী	B-LOC
।	O

অসমীয়া	B-MISC
সংস্কৃতিৰ	O
প্ৰতীকসমূহৰ	O
ই	O
এক	O
অন্যতম	O
কেন্দ্ৰস্থল	O
।	O

আহোম	B-MISC
আৰু	O
মোগলৰ	B-MISC
মাজৰ	O
সীমা	O
কৰতোৱা	O
নদী	O
বা	O
মানস	O
নদী	O
নিৰ্ধাৰণ	O
হ'লেও	O
গুৱাহাটী	B-LOC
এক	O
গুৰুত্বপূৰ্ণ	O
ঘাটি	O
হৈ	O
থাকিল	O
।	O

কমলাবাৰী	B-LOC
বৈষ্ণৱ	B-MISC
ধৰ্মৰ	O
প্ৰখ্যাত	O
সত্ৰ	O
।	O

বৰপেটা	B-LOC
জিলাৰ	O
পাটবাউসী	B-LOC
এক	O
উল্লেখনীয়	O
বৈষ্ণৱ	B-MISC
সত্ৰ	O
।	O

ব্ৰিটিছৰ	B-MISC
হস্তক্ষেপত	O
এই	O
সমস্যাৰ	O
সমাধান	O
হৈছিল	O
আৰু	O
তেতিয়াহে	O
ছিৰিয়া	B-LOC
-	O
লেবাননৰপৰা	B-LOC
ফ্ৰান্সৰ	B-LOC
সৈন্য	O
বহিষ্কৃত	O
হৈছিল	O
,	O
এই	O
ঘটনা	O
ঘটিছিল	O
দ্বিতীয়	O
বিস্বযুদ্ধৰ	O
শেষত	O
।	O

সাংখ্য	O
দৰ্শন	O
মতে	O
শৈৱ	O
যোগীসম্প্ৰদায়ৰ	B-MISC
লগত	O
জড়িত	O
আছিল	O
।	O

আহোম	B-MISC
বিষয়া	O
হাতীমূৰীয়া	B-PER
বৰপাত্ৰ	I-PER
ফুকনৰ	I-PER
নামৰ	O
পৰাই	O
কলিয়াবৰৰ	B-LOC
এই	O
অঞ্চলটোৰ	O
নাম	O
হাতীমূৰা	B-LOC
হয়	O
।	O

আহোম	B-MISC
সাম্ৰাজ্যৰ	O
শেষ	O
ৰাজধানী	O
হিচাপে	O
যোৰহাটত	B-LOC
আহোম	B-MISC
ৰজাৰ	O
সমাধিক্ষেত্ৰ	O
ৰজা	B-LOC
মৈদাম	I-LOC
,	O
লাচিত	B-LOC
বৰফুকনৰ	I-LOC
মৈদাম	I-LOC
,	O
ৰাজমাও	B-LOC
পুখুৰী	I-LOC
,	O
বঙাল	B-LOC
পুখুৰীকে	I-LOC
ধৰি	O
বহুতো	O
ঐতিহাসিক	O
সমল	O
পোৱা	O
যায়	O
।	O

এযাইনে	O
আমেৰিকান	B-MISC
পুলিচ	O
?	O
মন্দিৰটোৰ	O
উপাসনাস্থলীত	O
থকা	O
প্ৰতিমৃতিসমূহ	O
হৈছে	O
হয়গ্ৰীৱ	B-PER
বা	O
বুঢ়া	B-PER
মাধৱ	I-PER
,	O
তাৰ	O
বাওঁফালে	O
আছে	O
দ্বিতীয়	B-PER
মাধৱ	I-PER
বা	O
বিষ্ণু	B-PER
,	O
আৰু	O
বৈষ্ণৱ	B-MISC
সংস্কৃতিৰ	O
প্ৰতীক	O
গৰুড়	O
।	O

বৈষ্ণৱ	B-MISC
পণ্ডিত	O
বনমালীয়ে	B-PER
মাজুলীত	B-LOC
প্ৰতিষ্ঠা	O
কৰা	O
দক্ষিণপাট	B-LOC
সত্ৰক	I-LOC
বৈকুণ্ঠপুৰ	B-LOC
সত্ৰ	I-LOC
বুলিও	O
কোৱা	O
হয়	O
।	O

সেয়ে	O
তেওঁ	O
মোগল	B-MISC
সম্ৰাজ্যৰ	O
বিৰুদ্ধে	O
সৈন্যবাহিনী	O
গোটাইবলৈ	O
আৰম্ভ	O
কৰিছিল	O
।	O

প্ৰচীন	O
পেৰুবাসীসকলে	O
সুন্দৰ	O
মাটি	O
পাত্ৰ	O
বনাব	O
জানিছিল	O
,	O
গ্ৰীক	B-MISC
আৰু	O
মিচৰীয়া	B-MISC
সভ্যতাতকৈ	O
উচ্চ	O
মানৰ	O
কাপোৰ	O
তেওঁলোকে	O
সৃষ্টি	O
কৰিছিল	O
।	O

প্ৰাকৃতিক	O
গুহাবোৰৰ	O
মাজত	O
আছে	O
জৈন	B-MISC
খোদিত	O
শিলালিপি	O
আৰু	O
শিল	O
খোদিত	O
আকাৰৰ	O
এই	O
জৈন	B-MISC
সম্পৰ্কিত	O
অংশবোৰৰ	O
অৱশিষ্টাংশসমূহ	O
,	O
খ্ৰীষ্টীয়	O
নৱম	O
শতাব্দীত	O
নিৰ্ধাৰিত	O
হয়	O
।	O

সম্ভৱ	O
ভাৰত	B-LOC
অভিমুখী	O
বিমানত	O
ভাৰতীয়	B-MISC
খাদ্যক	O
মান্যতা	O
দিবলৈ	O
গোমাংস	O
বৰ্জন	O
কৰিছিল	O
।	O

প্ৰাক	O
আহোম	B-MISC
যুগত	O
কছাৰীসকলে	B-MISC
নিৰ্মাণ	O
কৰা	O
এই	O
শিৱদ'লটো	O
পাছত	O
১৮	O
শতিকাত	O
আহোম	B-MISC
স্বৰ্গদেউ	O
ৰাজেশ্বৰ	B-PER
সিংহই	I-PER
নিৰ্মাণ	O
কৰে	O
।	O

অন্য	O
এক	O
জনশ্ৰুতি	O
মতে	O
পাণ্ডৱ	B-MISC
সকলৰ	O
পুৰোহিত	O
ধৌম্য	B-PER
মুণিয়ে	I-PER
এই	O
নাভিচিহ্নতে	O
শিৱৰ	B-PER
আৰাধনা	O
কৰিছিল	O
।	O

শিৱ	B-MISC
পুৰাণ	I-MISC
আৰু	O
কৌটি	B-MISC
ৰুদ্ৰ	I-MISC
সংহিতা	I-MISC
মতে	O
ভিমাশঙ্কৰ	B-LOC
ডাকিনী	B-LOC
পাহাৰত	I-LOC
অৱস্থিত	O
।	O

ই	O
এটা	O
হিন্দু	B-MISC
ধৰ্মৰ	O
মন্দিৰ	O
।	O

‌ঐতিহাসিক	O
জিলা	O
হোৱা	O
হেতুকে	O
জিলাখনিত	O
বহুতো	O
আহোম	B-MISC
ৰজাদিনীয়া	O
পথ	O
আছে	O
।	O

ইয়াৰ	O
লোকসকলে	O
ৰেল	O
চিটিক	O
জাৰ্মান	B-MISC
ভাষাত	O
হাইপ্টবানহফ	O
বুলি	O
কয়	O
।	O

এই	O
চহৰখনৰ	O
হিন্দু	B-MISC
-	O
মুছলমানৰ	B-MISC
সম্প্ৰীতিৰ	O
উদাহৰণ	O
এটা	O
পালোঁ	O
।	O

পোৱামক্কা	B-LOC
অসমৰ	B-LOC
কামৰূপ	B-LOC
জিলাৰ	O
হাজোৰ	B-LOC
গৰুড়াচল	B-LOC
পাহাৰৰ	I-LOC
শিখৰত	O
অৱস্থিত	O
মুছলমান	B-MISC
সকলৰ	O
পৱিত্ৰস্থান	O
।	O

জয়ন্তীয়াৰ	B-MISC
পৰা	O
গোসানীক	O
আনোতে	O
লগতে	O
পূজাৰী	O
সনাতনক	B-PER
অনা	O
হৈছিল	O
।	O

আহোম	B-MISC
ৰজা	O
প্ৰতাপ	I-PER
সিংহই	I-PER
বন্ধোৱা	O
ছেৱাতল	O
গড়ৰ	O
মূৰতে	O
স্থাপন	O
কৰা	O
বাবে	O
সত্ৰখনৰ	O
নাম	O
হয়	O
গড়মূৰ	B-LOC
সত্ৰ	I-LOC
।	O

পানী	O
যোগান	O
ব্যৱসথাও	O
আছিল	O
ইঙ্কতাসকলৰ	B-MISC
কৌশল	O
আৰু	O
প্ৰযুক্তি	O
বিদ্যাৰ	O
চমকপ্ৰদ	O
উদাহৰণ	O
।	O

মানৰ	B-MISC
আক্ৰমণৰ	O
সময়ত	O
দলৈ	O
আৰু	O
পূজাৰীসকলে	O
ইয়াৰপৰা	O
যাওঁতে	O
দ'লৰ	O
মুখ্য	O
প্ৰতিমা	O
ভাগ	O
লুকুৱাই	O
ৰখা	O
হৈছিল	O
কিন্তু	O
ই	O
দ'ললৈ	O
পুনৰ	O
ঘূৰি	O
নাহিল	O
।	O

লগত	O
স্বৰ্গদেউ	O
ৰুদ্ৰ	B-PER
সিংহ‍ৰ	I-PER
দিনৰ	O
আন	O
চাৰিটা	O
মহল	O
কাঠেৰে	O
নিৰ্মিত	O
আছিল	O
যিবোৰ	O
সম্পূৰ্ণভাৱে	O
ধ্বংস	O
হয়	O
।	O

তেওঁৰ	O
কৃষ্ণা	B-PER
দেৱী	I-PER
নামৰ	O
এগৰাকী	O
কন্যা	O
সন্তান	O
আছিল	O
।	O

লোকবিশ্বসানুসৰি	O
ৰুক্মিণীয়ে	B-PER
বাসুদেৱ	B-LOC
থানৰ	I-LOC
মূৰ্তি	O
নিৰ্মাণ	O
কৰিছিল	O
,	O
বাসুদেৱক	B-PER
নিজৰ	O
পতি	O
হিচাপে	O
পাবলৈ	O
।	O

ৰুদ্ৰেশ্বৰ	B-LOC
দেৱালয়	I-LOC
বা	O
ৰুদ্ৰেশ্বৰ	B-LOC
মন্দিৰ	I-LOC
অসমৰ	B-LOC
উত্তৰ	B-LOC
গুৱাহাটীত	I-LOC
অৱস্থিত	O
ভগৱান	O
শিৱৰ	B-PER
প্ৰতি	O
উছৰ্গিত	O
এখন	O
মন্দিৰ	O
।	O

তেওঁৰ	O
দুই	O
কন্যা	O
মেৰিয়া	B-PER
আৰু	O
ছাছা	B-PER
চিকাগোৰ	B-LOC
এখন	O
বিদ্যালয়ৰ	O
ছাত্ৰী	O
আছিল	O
।	O

প্ৰবাদ	O
আছে	O
যে	O
বামুণী	B-LOC
পাহাৰত	I-LOC
থকা	O
শিলত	O
কটা	O
লতাফুল	O
,	O
দীঘলীয়া	O
শিল	O
আৰু	O
খুঁটাসমূহে	O
বাণৰ	B-PER
জীয়াৰী	O
ঊষাৰ	B-PER
তাঁতশালৰ	O
দোৰ্পতি	O
,	O
টোলোঠা	O
আদিক	O
বুজায়	O
।	O

পশ্চিম	O
দুৱাৰৰ	O
প্ৰাচীৰৰ	O
কাষত	O
দুচটা	O
ওচৰা	O
-	O
উচৰি	O
শিলত	O
বহি	O
শোভনা	B-PER
বৰুৱা	I-PER
আৰু	O
পলাশ	B-PER
দত্তই	I-PER
জিৰণি	O
লৈছিল	O
।	O

খাদ্য	O
অহালৈ	O
অধ্যাপক	O
টেইলৰে	B-PER
বিশ্ববিদ্যালয়খনৰ	O
বিষয়	O
ক'বলৈ	O
ধৰিলে	O
।	O

নাচনী	O
ছোৱালী	O
ফুলমতীক	B-PER
শিৱসিংহই	B-PER
ৰাণী	O
আৰু	O
বৰৰজা	O
পতাৰ	O
পিছত	O
তেওঁ	O
নিজ	O
প্ৰভাৱেৰে	O
বহুতো	O
কাম	O
কৰিছিল	O
।	O

বিদায়ৰ	O
সময়ত	O
এখন	O
ফুলাম	O
গামোচা	O
কাৰ্লৰ	B-PER
ডিঙিত	O
পিন্ধালো	O
।	O

অতি	O
প্ৰাচীন	O
কালত	O
ৰূপ	B-PER
নাৰায়ণ	I-PER
নামৰ	O
এজন	O
ব্ৰাহ্মণৰ	O
ঘৰত	O
এজনে	O
কপিলী	O
গাই	O
আছিল	O
।	O

ইতিমধ্যে	O
ডা:	O
বাচাৰে	B-PER
আৰু	O
ডা:	O
ডিমং	B-PER
কোনপিনে	O
ওলাই	O
গ'ল	O
ততকে	O
ধৰিব	O
নোৱাৰিলো	O
।	O

এই	O
মন্দিৰত	O
পূজা	O
-	O
অৰ্চনা	O
কৰা	O
পুৰোহিত	O
সকললৈ	O
কুমাৰ	B-PER
ভাস্কৰ	I-PER
বৰ্মাই	I-PER
ভূমিদান	O
দিয়াৰ	O
কথা	O
তাম্ৰলিপিত	O
পোৱা	O
যায়	O
।	O

যোৰহাট	B-PER
চহৰৰ	O
পৰা	O
কিছু	O
আঁতৰত	O
অৱস্থিত	O
ঢেকীয়াখোৱা	B-LOC
বৰনামঘৰত	I-LOC
মাধৱদেৱে	B-PER
গড়গাঁওত	B-LOC
নজৰবন্দী	O
হৈ	O
থাকি	O
বেলগুৰিলৈ	B-LOC
উভতি	O
যোৱাৰ	O
সময়ত	O
ইয়াতে	O
চাকি	O
জ্বলাইছিল	O
।	O

ডা:	O
কচাৰে	B-PER
মাতিলে	O
-	O
ডা:	O
শৰ্মা	B-PER
আহক	O
ব্ৰেকফাষ্ট	O
কৰিম	O
।	O

যাতায়তৰ	O
এনে	O
সুন্দৰ	O
নিয়মিত	O
সেৱাৰ	O
বিষয়ে	O
সুধোতে	O
আধ্যাপক	O
মাছোদাই	B-PER
হাঁহি	O
হাঁহি	O
ক'লে	O
,	O
দেশক	O
গোটেইবোৰ	O
কাম	O
-	O
কাজৰ	O
প্ৰগতিনিৰ্ভৰ	O
কৰিছে	O
যাতায়ত	O
আৰু	O
বাৰ্তা	O
প্ৰেৰণৰ	O
সু	O
-	O
ব্যৱস্থাৰ	O
ওপৰত	O
।	O

ক্ষন্তেক	O
পিচতে	O
লাৰা	B-PER
মহাশয়া	O
ওলাই	O
আহিল	O
।	O

অ'বামাৰ	B-PER
কাৰণে	O
হয়তো	O
এয়া	O
তেনেই	O
নগন্য	O
বিষয়	O
হ'লেও	O
আমাৰ	O
দৰে	O
দেশৰ	O
হ'লেও	O
আমাৰ	O
দৰে	O
সপোনতো	O
ভাবিব	O
নোৱাৰা	O
কথা	O
।	O

শৰ্মাই	B-PER
গা	O
-	O
ধুৱা	O
সময়খিনিতে	O
আমি	O
দিনটোৰ	O
ভ্ৰমণ	O
কাৰ্যাৱলী	O
লিখিলো	O
।	O

শংকৰদেৱ	B-PER
গুৰুজনাৰ	O
সৃষ্টি	O
ভাঁজ	O
ঘৰ	O
অসমৰ	B-LOC
প্ৰায়	O
সকলো	O
সত্ৰৰ	O
কীৰ্তনঘৰতে	O
আছে	O
।	O

আটলাণ্টিক	B-LOC
মহাসাগৰ	I-LOC
পাৰত	O
এখন	O
মুকলি	O
হোটেলত	O
প্যাৰীয়	B-PER
আমাৰ	O
কাৰণে	O
দপুৰীয়াৰ	O
আহাৰৰ	O
বন্দৱস্ত	O
কৰিছিল	O
।	O

মহাপুৰুষ	O
শ্ৰীমন্ত	B-PER
শংকৰদেৱৰ	I-PER
শৈশৱ	O
,	O
কৈশোৰ	O
আৰু	O
কৰ্মজীৱনৰ	O
স্থলী	O
হিচাপে	O
অসমৰ	B-LOC
জনমানসত	O
বৰদোৱা	B-LOC
বিশেষ	O
মৰ্য্যদা	O
আছে	O
।	O

বিষয়াজনে	O
কলে	O
,	O
ক্তিষ্টি	B-PER
দহ	O
মিনিটৰ	O
ভিতৰত	O
আহি	O
আছে	O
।	O

লাৰাই	B-PER
এইবোৰ	O
সাৱলীলতাৰে	O
ইংৰাজীলৈ	B-LOC
তৰ্জমা	O
কৰিছিল	O
।	O

কূৰ্মজনাৰ্দন	B-LOC
পীঠখন	I-LOC
এটা	O
গহ্বৰত	O
অৱস্থিত	O
আৰু	O
মন্দিৰত	O
কূৰ্ম	O
অৱতাৰ	O
বিষ্ণুৰ	B-PER
বিগ্ৰহ	O
আছে	O
।	O

ৰাণী	O
হৈ	O
দ্ৰৌপদীয়ে	B-PER
অম্বিকা	B-PER
নাম	O
ল'লে	O
।	O

পৰশুৰামে	B-PER
খন্দা	O
এই	O
কুণ্ডটো	O
বহু	O
বছৰ	O
মানুহৰ	O
অজ্ঞাতে	O
আছিল	O
যদিও	O
১৮	O
শতিকাত	O
এজন	O
সাধুৱে	O
এই	O
কুণ্ডটো	O
পুনৰ	O
আৱিষ্কাৰ	O
কৰে	O
।	O

মহাপুৰুষ	O
মাধৱদেৱে	B-PER
প্ৰতিষ্ঠা	O
কৰিছিল	O
বৰপেটা	B-LOC
সত্ৰ	I-LOC
বা	O
কীৰ্ত্তন	O
ঘৰ	O
।	O

মই	O
কি	O
কামত	O
আমেকিৰালৈ	B-LOC
আহিছোঁ	O
,	O
ক'ত	O
ক'ত	O
ফুৰিম	O
,	O
ইতিমধ্যে	O
কেনি	O
কেনি	O
গ'লোঁ	O
,	O
ইণ্ডিযাৰ	B-LOC
খবৰ	O
কি	O
,	O
ৰাজীৱ	B-PER
গান্ধী	I-PER
,	O
ইন্দিৰা	B-PER
গান্ধী	I-PER
,	O
তেওঁ	O
নিজে	O
নিউযৰ্কত	B-LOC
থাকি	O
কেনেকুৱা	O
পাইছিল	O
আৰু	O
মই	O
কেনেকুৱা	O
পাইছোঁ	O
,	O
ইযালৈ	O
টেন্সফাৰ	O
হোৱা	O
কিমানদিন	O
হল	O
,	O
লছ	B-LOC
এঞ্জলছত	I-LOC
কি	O
কি	O
প্ৰব্লেম	O
দুযো	O
মিলি	O
বহুত	O
কথাই	O
পাতিলোঁ	O
।	O

যেতিয়া	O
পানী	O
লৈ	O
ৰেণুকা	B-PER
ঘূৰি	O
আহিছিল	O
,	O
তেতিয়া	O
তেওঁ	O
দেখিলে	O
যে	O
ৰজা	O
চিত্ৰানাথাই	B-PER
জলপৰীৰ	O
সৈতে	O
খেল	O
খেলাত	O
ব্যস্ত	O
।	O

মন্দিৰ	O
কাষতে	O
শিৱৰ	B-PER
মন্দিৰ	O
শিৱালয়	O
অৱস্থিত	O
।	O

দেৱীয়ে	O
নৰকক	B-PER
ক'লে	O
যে	O
কুকুৰাই	O
ডাক	O
দিলে	O
,	O
ৰাতি	O
পুৱাল	O
।	O

সেয়ে	O
স্বৰ্গদেউ	O
প্ৰতাপ	B-PER
সিংহই	I-PER
ভূধৰ	B-PER
আগমাচাৰ্য্যক	I-PER
নতুন	O
পূজাৰী	O
হিচাবে	O
আনিব	O
লগা	O
হৈছিল	O
।	O

কামাখ্যা	B-LOC
মন্দিৰৰ	I-LOC
নিৰ্মাণকৰ্তা	O
হিচাপে	O
প্ৰবাদ	O
অনুসৰি	O
নৰকাসুৰ	B-PER
আৰু	O
ইতিহাস	O
অনুসৰি	O
কোচ	O
নৃপতি	O
মহাৰাজ	B-PER
বিশ্বসিংহ	I-PER
,	O
তেওঁৰ	O
পুত্ৰ	O
নৰনাৰায়ণ	B-PER
আৰু	O
চিলাৰায়ৰ	B-PER
কথা	O
জনা	O
যায়	O
।	O

মাধৱদেৱে	B-PER
প্ৰতিষ্ঠা	O
কৰি	O
ৰঙিয়ালগৃহটো	O
জুয়ে	O
পোৰাত	O
মথুৰাদাস	B-PER
বুঢ়া	I-PER
আতায়ে	I-PER
ইয়াতেই	O
নতুনকৈ	O
কীৰ্ত্তন	O
ঘৰ	O
স্থাপন	O
কৰিছিল	O
।	O

আদি	O
ভিঠিৰ	O
পৰা	O
ধৰ্মচৰ্চা	O
কৰি	O
থকা	O
মাধবদেৱে	B-PER
পিছলৈ	O
ভক্তৰ	O
সংখ্যা	O
বৃদ্ধি	O
পোৱাত	O
আহলবহল	O
ঠাইৰ	O
সন্ধান	O
কৰাত	O
খীৰা	B-PER
মৰলৰ	I-PER
পুত্ৰ	O
মাধব	B-PER
মৰলে	I-PER
নিজৰ	O
আস্তাবলটোকে	O
নামঘৰ	O
সাজিবলৈ	O
দান	O
দিয়ে	O
।	O

ক্লেইটন	B-PER
আৰু	O
তেওঁৰ	O
দলে	O
সোণৰ	O
কেৰু	O
,	O
ৰূপৰ	O
খৰিকা	O
,	O
বানবাতি	O
,	O
বানকাহি	O
আৰু	O
চূণ	O
থোৱা	O
সৰু	O
বান	O
এটা	O
খান্দি	O
উলিয়াইছিল	O
যি	O
পাছত	O
বেডফৰ্ড	O
বোলা	O
এজনে	O
কিনি	O
লৈছিল	O
।	O

কিছুলোকে	O
পাৰ	O
চৰাই	O
উৰুৱাই	O
দিয়ো	O
মনোবাঞ্ছা	O
পূৰণৰ	O
বাবে	O
ভগৱান	O
শিৱৰ	B-PER
ওচৰত	O
প্ৰাৰ্থনা	O
জনায়	O
।	O

আজিও	O
মাধৱদেৱে	B-PER
জ্বলোৱা	O
চাকিগছী	O
ৰাইজে	O
জ্বলাই	O
ৰাখিছে	O
।	O

প্ৰিয়	O
সখী	O
,	O
চিত্ৰশিল্পী	O
চিত্ৰলেখাই	B-PER
সখীৰ	O
বিৰহ	O
বেদনা	O
দূৰ	O
কৰিবলৈ	O
তেওঁৰ	O
বৰ্ণনা	O
ক্ৰমে	O
ৰাজকোঁৱৰৰ	O
চিত্ৰ	O
আঁকিলে	O
।	O

শংকৰদেৱৰ	B-PER
মৃত্যুৰ	O
পিছত	O
মাধবদেৱে	B-PER
একক	O
প্ৰচেষ্টাৰে	O
স্থাপন	O
কৰা	O
সত্ৰসমূহৰ	O
ভিতৰত	O
সুন্দৰীদিয়াই	B-LOC
প্ৰথম	O
সত্ৰ	O
।	O

শ্ৰীকৃষ্ণই	B-PER
য'ত	O
ভৰিৰ	O
খোজ	O
পেলাইছিল	O
তাৰ	O
নাম	O
বিষ্ণুপদ	B-LOC
।	O

চিচিঙে	B-PER
মোক	O
সুধিলে	O
-	O
তুমি	O
কেতিয়াবা	O
মৌচাকমামাক	B-PER
লগ	O
পাইছানে	O
?	O
ভীম	B-PER
এইফালে	O
আহিছিল	O
নেকি	O
?	O
ডা:	O
বাচাৰে	B-PER
আৰু	O
ডিমঙে	B-PER
জেকেট	O
খুলি	O
থৈ	O
যাব	O
লগা	O
হল	O
।	O

আন	O
এক	O
জনশ্ৰতিমতে	O
শ্ৰীকৃষ্ণই	B-PER
বিদৰ্ভৰপৰা	O
ৰুক্মিণীক	B-PER
হৰণ	O
কৰি	O
দ্বাৰকালৈ	B-LOC
যাত্ৰা	O
কৰাৰ	O
পথত	O
কৃষ্ণৰ	B-PER
ৰথৰ	O
ঘোঁৰা	O
ভাগৰি	O
এই	O
ঠাইতে	O
খন্তেক	O
জিৰাইছিল	O
।	O

দেৱতা	O
আৰু	O
ভক্ত	O
সকলৰ	O
অনুৰোধত	O
ভগৱান	O
শিৱই	B-PER
এই	O
স্থানত	O
ভিমাশঙ্কৰ	B-PER
নামেৰে	O
বিৰাজ	O
কৰিবলৈ	O
সন্মত	O
হয়	O
।	O

কথিত	O
আছে	O
যে	O
বাণৰজাৰ	B-PER
জীয়ৰী	O
ঊষাই	B-PER
ইয়াতেই	O
সদায়	O
পূজা	O
অৰ্চনা	O
কৰিছিল	O
।	O

আন	O
এক	O
কিংবদন্তি	O
অনুসৰি	O
কুণ্ডিল	B-LOC
কুঁৱৰী	O
ৰুক্মিণীয়ে	B-PER
তেওঁক	O
হৰণ	O
কৰি	O
নিবলৈ	O
অনুৰোধ	O
জনাই	O
বেদনিধি	B-PER
নামৰ	O
এজন	O
ব্ৰাহ্মণক	O
শ্ৰীকৃষ্ণৰ	B-PER
ওচৰলৈ	O
পঠিয়াইছিল	O
।	O

এই	O
ৰাজ্যৰ	O
সীমাত	O
এটা	O
চকীৰ	O
প্ৰয়োজন	O
হোৱাত	O
ৰুদ্ৰদেৱে	B-PER
নিৰ্মাণ	O
কৰিছিল	O
এটা	O
সাধাৰণ	O
মাটিৰ	O
ঘৰ	O
।	O

প্ৰাচীন	O
এক	O
জনশ্ৰুতি	O
অনুসৰি	O
এই	O
পাহাৰতে	O
সতীৰ	B-PER
দেহৰ	O
কোনো	O
এটুকুৰা	O
পৰিছিল	O
।	O

এই	O
হীৰা	O
ঔৰংজেৱে	B-PER
চাহজাহানক	B-PER
অৰ্পণ	O
কৰি	O
প্ৰথমবাৰৰ	O
বাবে	O
সম্ৰাটৰ	O
প্ৰিয়পাত্ৰ	O
হৈছিল	O
;	O
আনফালে	O
লুট	O
কৰা	O
ধনৰ	O
অংশ	O
আত্মসাৎ	O
কৰি	O
গঢ়ি	O
তুলিছিল	O
নিজস্ব	O
বাহিনী	O
।	O

নাতিনী	O
নিষ্ঠাক	B-PER
এজন	O
মানুহে	O
কান্ধত	O
তুলি	O
ললে	O
।	O

জীয়েকক	O
দেখি	O
দক্ষৰ	B-PER
খঙে	O
চুলিৰ	O
আগ	O
পালে	O
আৰু	O
মহাদেৱক	B-PER
ভৰ্ৎসনা	O
কৰিবলৈ	O
ধৰিলে	O
।	O

ইয়াৰ	O
ওচৰতে	O
আলি	B-LOC
পুখুৰীত	I-LOC
শংকৰদেৱৰ	B-PER
জন্ম	O
হৈছিল	O
।	O

এক	O
ধপাতৰ	O
খেতিয়কৰ	O
পৰিয়ালত	O
জনচ	B-PER
হপচকিনৰ	I-PER
জন্ম	O
হয়	O
।	O

চিচিং	B-PER
,	O
চিন্তা	O
নকৰিবা	O
।	O

ইয়াত	O
গজব্যাস	O
ব্ৰহ্মাৰ	B-PER
মূৰ্তি	O
,	O
নন্দীমুখ	O
আদিও	O
দেখিবলৈ	O
পোৱা	O
যায়	O
।	O

স্বামীৰ	O
বদনাম	O
সহিব	O
নোৱাৰি	O
সতীয়ে	B-PER
যজ্ঞস্থলীতে	O
প্ৰাণত্যাগ	O
কৰিলে	O
।	O

ৰাতিৰ	O
ভাত	O
সাঁজৰ	O
বাবে	O
ঢেঁকীয়া	O
শাকেৰে	O
ব্যঞ্জন	O
বনাই	O
বুঢ়ীয়ে	O
নিজেই	O
নাখায়	O
মাধৱদেৱক	B-PER
খুৱাইছিল	O
।	O

অৱশেষত	O
বিফল	O
হৈ	O
সকলো	O
ঘূৰি	O
আহিল	O
যদিও	O
ধৰ্মবৰে	B-PER
সপোন	O
দেখিলে	O
যে	O
ভগৱান	O
শিৱই	B-PER
তেওঁক	O
শিলচটা	O
থকা	O
ঠাইত	O
এটি	O
মন্দিৰ	O
সজাবলৈ	O
আদেশ	O
দিছে	O
।	O

শংকৰৰ	B-PER
যোগবলত	O
গংগা	B-PER
ধৰালৈ	O
নামি	O
আহে	O
আৰু	O
সেই	O
জলধাৰাত	O
বটবৃক্ষ	O
দ্ৰৱিত	O
হৈ	O
সেই	O
ঠাইতে	O
এক	O
মনোৰম	O
সৰোবৰৰ	O
সৃষ্টি	O
হয়	O
।	O

সাতসৰী	O
অসম	O
বুৰঞ্জীত	O
উল্লেখ	O
থকা	O
মতে	O
,	O
মানৰ	O
আক্ৰমণত	O
সত্ৰ	O
উজাৰ	O
হোৱাৰ	O
পাছত	O
নৰোৱাৰে	O
অচ্যুত	B-PER
আতাই	I-PER
পুনৰ	O
সংস্কাৰ	O
কৰি	O
থানখন	O
পাতে	O
।	O

তাৰ	O
পাছৰ	O
বুৰঞ্জীমতে	O
কেইশমান	O
বছৰৰ	O
পাছত	O
দিখৌ	B-LOC
নৈয়ে	I-LOC
সেই	O
দেওশাল	O
খহাই	O
জলগৰ্ভলৈ	O
সোমোৱাই	O
লৈ	O
যায়	O
যদিও	O
স্বৰ্গদেউ	O
লক্ষীসিংহৰ	B-PER
দিনত	O
এই	O
পীঠস্থান	O
পুনৰ	O
উদ্ধাৰ	O
হয়	O
।	O

তাম্ৰেশ্বৰী	B-PER
দেৱী	O
হিন্দু	O
ধৰ্মৰ	O
কালী	B-PER
,	O
তাৰা	B-PER
,	O
চামুণ্ডা	B-PER
আদিৰ	O
দৰে	O
উগ্ৰ	O
দেৱী	O
।	O

স্বৰ্গদেৱ	O
গৌৰীনাথ	B-PER
সিংহয়ো	I-PER
মন্দিৰৰ	O
পূজা	O
-	O
সেৱা	O
চলাবলৈ	O
ভোগী	O
আৰু	O
ভোগমন	O
বুলি	O
দুটা	O
পৰিয়াল	O
মন্দিৰৰ	O
নামত	O
দান	O
কৰিছিল	O
।	O

প্ৰবাদ	O
মতে	O
প্ৰাগজ্যোতিষৰ	B-LOC
ৰজা	O
নৰকক	B-PER
বধ	O
কৰিবলৈ	O
আহোঁতে	O
ভগৱান	O
শ্ৰীকৃষ্ণই	B-PER
যোঁৰা	O
আৰু	O
সেনাবাহিনীৰ	O
সৈতে	O
ইয়াতে	O
শিবিৰ	O
পাতি	O
জিৰাইছিল	O
বাবে	O
এই	O
ঠাইৰ	O
নাম	O
অশ্বক্ৰান্ত	B-LOC
।	O

পৰিহৰেশ্বৰ	B-LOC
দেৱালয়লৈ	I-LOC
স্বৰ্গদেউ	O
শিৱসিংহৰ	B-PER
ৰজত্বকালত	O
মন্ত্ৰী	O
তৰুণ	B-PER
দুৱৰা	I-PER
বৰফুকনে	I-PER
দান	O
কৰা	O
তাম্ৰপত্ৰত	O
২৮	O
বিধ	O
পাইকৰ	O
কথা	O
উল্লেখ	O
আছে	O
যদিও	O
বাস্তৱত	O
এই	O
পাইকসমূহৰ	O
কৰ্ম	O
প্ৰযোজ্য	O
হোৱা	O
নাছিল	O
।	O

আনন্দ	B-PER
চন্দ্ৰ	I-PER
আগৰৱালাই	I-PER
কামৰূপ	O
তীৰ্থৰ	O
বিৱৰণ	O
প্ৰবন্ধত	O
মাঘনোৱা	B-LOC
দ'লৰ	I-LOC
পাৰতে	O
বিভাণ্ডক	B-PER
মুণিৰ	I-PER
আশ্ৰম	O
আছে	O
বুলি	O
লিখিছে	O
।	O

সিংহাসনত	O
বহি	O
চাৰি	O
গৰাকী	O
কুঁৱৰী	O
থকাৰ	O
পিছতো	O
স্বৰ্গদেও	O
শিৱসিংহই	B-PER
চিনাতলীয়া	B-LOC
নটৰ	O
জীয়েক	O
ফুলমতী	B-PER
বা	O
ফুলেশ্বৰীক	B-PER
পৰ্বতীয়া	O
কুঁৱৰী	O
কৰি	O
আনে	O
।	O

এই	O
ঠাইখন	O
হ'ল	O
আজানপীৰ	B-PER
বা	O
আজান	B-PER
ফকিৰৰ	I-PER
সমাধিস্থল	O
।	O

আউনীআটী	B-LOC
সত্ৰৰ	I-LOC
প্ৰতিষ্ঠাতা	O
নিৰঞ্জন	B-PER
পাঠকদেৱ	I-PER
।	O

জুলি	B-PER
আহি	O
উপস্থিত	O
।	O

ডা:	O
বাচাৰৰ	B-PER
লগত	O
নগৰখন	O
চাবলৈ	O
ওলাই	O
গ'লো	O
।	O

ৰজাই	O
পবিত্ৰাৰ	B-PER
নাম	O
চিৰযুগমীয়া	O
কৰিবৰ	O
বাবে	O
এই	O
বনাঞ্চলৰ	O
নাম	O
পবিত্ৰা	B-LOC
ৰাখিছিল	O
।	O

এইৰূপক	O
উগ্ৰতাৰা	B-PER
বা	O
এক	B-PER
জঁটা	I-PER
বোলে	O
।	O

তথাপি	O
আমেৰিকালৈ	B-LOC
আহি	O
কিবা	O
নিকিনি	O
মনে	O
মনে	O
পূণিৰ্মালৈ	B-PER
এটা	O
ঘড়ী	O
কিনিলো	O
।	O

বৰ্তমানৰ	O
মন্দিৰটো	O
আহোম	O
স্বৰ্গদেউ	O
শিৱ	B-PER
সিংহয়ে	I-PER
নিৰ্মাণ	O
কৰিছিল	O
।	O

শিৰোমনি	O
ভূঞা	O
হোৱাৰ	O
পাছত	O
শংকৰদেৱে	B-PER
কিছুদিনৰ	O
বাবে	O
তীৰ্থভ্ৰমণ	O
কৰাৰ	O
সিদ্ধান্ত	O
লৈছিল	O
।	O

আমি	O
শৰ্মাদাক	B-PER
এৰি	O
দুয়োৰে	O
লগত	O
আড্ডাত	O
বহিলোগৈ	O
।	O

সিন্ধু	B-LOC
নৈৰ	I-LOC
পাৰৰ	O
পৰা	O
মেছিডনিয়ালৈ	B-LOC
ঘূৰি	O
আহোঁতে	O
আলেকজাণ্ডাৰৰ	B-PER
বাটতে	O
মৃত্যু	O
হয়	O
আৰু	O
তেওঁ	O
জয়	O
কৰা	O
এছিয়াৰ	B-LOC
অংশ	O
সেনাপতি	O
ছেলুকছৰ	B-PER
অধীনলৈ	O
আহিছিল	O
;	O
ইজিপ্টত	B-LOC
অৱশ্যে	O
আন	O
এজন	O
বিখ্যাত	O
সেনাপতি	O
ট'লেমিয়ে	B-PER
শাসনভাৰ	O
গ্ৰহণ	O
কৰিছিল	O
।	O

কিন্তু	O
কুম্ভকৰ্ণই	B-PER
যেতিয়ালৈ	O
ৰাৱণে	B-PER
তেওঁক	O
কাৰ্কতীৰ	B-PER
সৈতে	O
বিবাহত	O
সন্মতি	O
প্ৰদান	O
নকৰে	O
,	O
তেতিয়ালৈকে	O
যুদ্ধত	O
যাবলৈ	O
অসন্মত	O
হয়	O
।	O

তাৰ	O
পৰাই	O
মেৰিয়া	B-PER
আৰু	O
ছাছাক	B-PER
স্কুললৈ	O
যোৱাব	O
ব্যৱৱস্থা	O
কৰিছিল	O
অ'বামাই	B-PER
।	O

উগ্ৰতাৰা	B-PER
দেৱী	O
কামাখ্যাৰ	B-PER
দৰেই	O
পূজা	O
কৰা	O
হয়	O
।	O

‌চৰাইদেউৰ	B-LOC
সৌন্দৰ্য্যত	O
মোহগ্ৰস্থ	O
হৈ	O
চাও	B-PER
-	I-PER
লুং	I-PER
-	I-PER
চ্যুকাফাই	I-PER
চে	B-LOC
-	I-LOC
তাম	I-LOC
-	I-LOC
ডয়	I-LOC
নামকৰণ	O
কৰি	O
ৰাজধানী	O
পাতিছিল	O
,	O
যাৰ	O
অৰ্থ	O
আছিল	O
পাহাৰৰ	O
জিলিকা	O
চহৰ	O
।	O

এবাৰ	O
বিশ্বসিংহ	B-PER
আৰু	O
শিষ্যসিংহই	B-PER
নৈশ	O
অভিযান	O
কালত	O
সৈন্য	O
সকলৰ	O
পৰা	O
বিচ্ছিন্ন	O
হৈ	O
পৰে	O
আৰু	O
পথ	O
হেৰুৱাই	O
বিভিন্ন	O
স্থানত	O
ঘূৰি	O
পকি	O
অৱশেষত	O
নীলাচল	B-LOC
পাহাৰত	I-LOC
উপস্থিত	O
হয়গৈ	O
।	O

মূৰ্তিকেইটা	O
ক্ৰমে	O
বাওঁহাতে	O
ডম্বৰু	O
লৈ	O
চতুৰ্ভুজ	O
শিৱ	B-PER
,	O
আঁঠু	O
কাঢ়ি	O
থকা	O
হয়গ্ৰীৱ	B-PER
,	O
ভৰিত	O
জৰীৰে	O
বন্ধা	O
অৱস্থাত	O
বহি	O
থকা	O
লকুলীশ	O
শিৱ	B-PER
,	O
মুৰুলীধৰ	B-PER
আৰু	O
দুহাতে	O
পদ্মধাৰী	O
সূৰ্য	B-PER
।	O

ইয়াত	O
নটৰাজ	B-PER
চতুৰ্ভূজ	I-PER
,	O
শিৱ	B-PER
,	O
গণেশ	B-PER
,	O
উমা	B-PER
,	O
সূৰ্য	B-PER
আদি	O
বহুতো	O
দেৱতাৰ	O
মূৰ্ত্তি	O
আছে	O
।	O

এইবাৰ	O
বৰৰজা	O
হ'ল	O
অম্বিকা	B-PER
।	O

ইয়াৰ	O
ভিতৰত	O
বংশীগোপালৰ	B-PER
চৌদোলা	O
দুটা	O
খুঁটিৰ	O
ওপৰত	O
ওলোমাই	O
ৰখা	O
হৈছে	O
।	O

ৰজা	O
জম্বুলোচনৰ	B-PER
পৰা	O
জন্মু	B-LOC
শব্দটোৰ	O
উৎপত্তি	O
হৈছে	O
বুলি	O
বেছিভাগ	O
পণ্ডিতে	O
মতপোষণ	O
কৰে	O
আৰু	O
জন্মুৰ	B-LOC
বাসিন্দাসকলেও	O
এই	O
মতবাদটোকে	O
দৃঢ়ভাৱে	O
বিশ্বাস	O
কৰে	O
।	O

বৰ্তমান	O
ৰাষ্ট্ৰপতি	O
এলেন	B-PER
গাৰকা	I-PER
আৰু	O
প্ৰধান	O
মন্ত্ৰী	O
পেদ্ৰো	B-PER
পেবলো	I-PER
কুজীনসকীৰ	I-PER
নেতৃত্বত	O
পেৰুত	B-LOC
প্ৰজাতন্ত্ৰ	O
চলি	O
আছে	O
।	O

অৱশ্যে	O
কোনো	O
কোনোৰ	O
মতে	O
দ'দান	B-PER
বাণ	B-PER
ৰজাৰ	O
ভাগিনীয়েক	O
আছিল	O
।	O

সাতে	O
-	O
পাঁচে	O
মিলি	O
চনৰ	O
মাৰ্চত	O
আমি	O
মানে	O
মোৰ	O
ডাঙৰ	O
লৰা	O
-	O
বোৱাৰী	O
,	O
অকণমানি	O
ছোৱালীজনী	O
নিষ্ঠা	B-PER
,	O
মোৰ	O
বিয়নী	O
চাৰু	B-PER
ভাগৱতী	I-PER
আৰু	O
মই	O
প্লেনেৰে	O
গুৱাহাটীৰ	B-LOC
পৰা	O
দিল্লীলৈ	B-LOC
গৈছিলো	O
।	O

ব্ৰহ্মাই	B-PER
বিষ্ণুক	B-PER
টোপনিৰপৰা	O
জগাই	O
বেদ	O
উদ্ধাৰৰ	O
বাবে	O
অনুৰোধ	O
কৰে	O
।	O

পাচিঘাটত	B-LOC
ষ্টেট	O
বেৰ	O
নিৰঞ্জন	B-PER
বৰুৱালৈ	I-PER
মনত	O
পৰিল	O
,	O
তেওঁৰ	O
কাৰণেই	O
বিদেশত	O
ৰক্ষা	O
পৰিলো	O
।	O

বাৰাক	B-PER
অ'বামা	I-PER
আমেৰিকাৰ	B-LOC
ৰাষ্ট্ৰপতি	O
হিচাপে	O
নিৰ্বাচনত	O
জয়লাভ	O
কৰি	O
শপত	O
গ্ৰহণ	O
কৰাৰ	O
কিছু	O
বছৰৰ	O
আগতে	O
এটা	O
ডাঙৰ	O
ঘটনাই	O
আছিল	O
।	O

মন্দিৰত	O
থকা	O
মূৰ্তিজনা	O
দুৰ্গা	B-PER
দেৱীৰ	I-PER
।	O

ড'নাৰ	O
মন্ত্ৰী	O
বিজয়	B-PER
কৃষ্ণ	I-PER
সন্দিকৈ	I-PER
,	O
যোৰহাটৰ	B-LOC
বিধায়ক	O
ৰাণা	B-PER
গোস্বামী	I-PER
,	O
মৰিয়নিৰ	B-LOC
বিধায়ক	O
ৰূপজ্যোতি	B-PER
কুৰ্ম্মী	I-PER
,	O
যোৰহাটৰ	B-LOC
উপায়ুক্ত	O
এল.	B-PER
এছ	I-PER
চাংচনকে	I-PER
ধৰি	O
বহু	O
লোক	O
সভাত	O
উপস্থিত	O
আছিল	O
।	O

আচলতে	O
এই	O
মেলা	O
শিৱ	B-PER
-	O
পাৰ্বতীৰ	B-PER
বিবাহ	O
উৎসৱ	O
হিচাপে	O
উদ্‌যাপন	O
কৰা	O
হয়	O
।	O

কাষ্টমছ	O
আৰু	O
ইমিগ্ৰেচনৰ	O
যাৱতীয়	O
কাম	O
শেষ	O
কৰি	O
লাগেজ	O
পাতিৰ	O
সৈতে	O
বাহিৰলৈ	O
ওলাই	O
আহিয়েই	O
আমাৰ	O
টুৰ	O
মেনেজাৰ	O
অনিলক	B-PER
লগ	O
পাই	O
স্বস্তিত	O
নিশ্বাস	O
পেলালোঁ	O
।	O

ডা:	O
বাচাৰহঁত	B-PER
আগবাঢ়িছে	O
।	O

এই	O
কথা	O
ধৰ্মবৰে	B-PER
গম	O
পাই	O
জাৰণিডৰাত	O
কি	O
আছে	O
জানিবলৈ	O
যেতিয়া	O
খান্দিলে	O
,	O
তাত	O
এডোখৰ	O
শিল	O
দেখা	O
পালে	O
।	O

সেইকেইজন	O
হল	O
জ্যোতিপ্ৰসাদ	B-PER
আগৰৱালা	I-PER
,	O
বিষ্ণুপ্ৰসাদ	B-PER
আগৰৱালা	I-PER
আৰু	O
ফণী	B-PER
শৰ্মাৰ	I-PER
।	O

তোৰণখনত	O
থকা	O
সোঁ	O
-	O
ফালৰ	O
স্তম্ভটোত	O
ফুলৰ	O
মালা	O
ধাৰণ	O
কৰি	O
যমুনাৰ	B-PER
আৰু	O
বাওঁফালৰটোত	O
একেই	O
ৰূপত	O
গংগাৰ	B-PER
মূৰ্তি	O
আছে	O
।	O

ইয়াৰ	O
লগতে	O
ইয়াত	O
পাল	O
বংশৰ	O
সময়ৰ	O
অষ্টধাতুৰ	O
উগ্ৰতাৰাৰ	B-PER
মূৰ্তি	O
আছে	O
।	O

কোনোবা	O
দেৱদাসীয়ে	O
শিৱৰ	B-PER
আগত	O
নৃত্য	O
প্ৰদৰ্শন	O
কৰোঁতে	O
বাৰে	O
বাৰে	O
তাল	O
ভংগ	O
হৈছিল	O
আৰু	O
খোপা	O
সুলকি	O
পৰিছিল	O
।	O

জীৱনৰ	O
আদিতে	O
আহৰণ	O
কৰা	O
এই	O
অভিজ্ঞতা	O
জনচৰ	B-PER
পিচৰ	O
জীৱনত	O
বহু	O
ক্ষেত্ৰত	O
প্ৰতিফলিত	O
হৈছিল	O
।	O

ডিমঙে	B-PER
মোবাইলত	O
গম	O
পালে	O
সি	O
বহুদূৰত	O
আছে	O
।	O

বাটত	O
চিচিঙক	B-PER
পুনৰ	O
পূজাৰ	O
বন্ধত	O
আমাৰ	O
ঘৰলৈ	O
আহিবলৈ	O
ক'লোঁ	O
।	O

লৰ্ড	B-PER
কাৰ্জনেই	I-PER
গঁড়ৰ	O
সংৰক্ষণৰ	O
বাবে	O
আঁচনি	O
প্ৰস্তুত	O
কৰা	O
কামৰ	O
আৰম্ভণি	O
কৰে	O
।	O

পাছৰ	O
তিনিটা	O
বছৰত	O
উদ্যানৰ	O
পৰিসৰ	O
আৰু	O
১৫২	O
বৰ্গ	O
কি.	O
মি.	O
বঢ়াই	O
ব্ৰহ্মপুত্ৰৰ	B-PER
পাৰলৈকে	O
বিস্তাৰ	O
কৰা	O
হয়	O
।	O

চলে	O
ভগৱান	O
যীশুৰ	B-PER
শ্ৰৱন	O
কীত্তৰ্ন	O
।	O

ঠাৱৰ	O
কৰা	O
হৈছে	O
যে	O
এই	O
ঠাইত	O
বাণ	B-PER
ৰজাই	O
হৰি	O
-	O
হৰৰ	O
মিলন	O
ভূমিৰ	O
স্মৃতি	O
চিৰযুগমীয়া	O
কৰি	O
ৰাখিবৰ	O
বাবে	O
হৰি	B-PER
হৰাত্মক	O
শিৱ	B-PER
প্ৰতিষ্ঠা	O
কৰি	O
মন্দিৰ	O
নিৰ্মাণ	O
কৰাইছিল	O
।	O

সেইবাবে	O
জয়পুৰ	B-LOC
চহৰখনৰ	O
প্ৰায়	O
সকলোবোৰ	O
দ্ৰষ্টব্য	O
স্থান	O
চোৱাৰ	O
বাহিৰেও	O
গৈছোঁ	O
হ্ৰদ	O
চহৰ	O
নামে	O
খ্যাত	O
উদয়পুৰলৈ	B-LOC
,	O
গৈছোঁ	O
মাউণ্ট	B-LOC
আবুলৈ	I-LOC
,	O
গৈছোঁ	O
চিতোৰ	B-LOC
গড়লৈ	I-LOC
,	O
য'ত	O
পদ্মিনী	B-PER
জহৰ	I-PER
ব্ৰত	O
কৰি	O
জাহ	O
যোৱা	O
পথাৰখন	O
দেখি	O
বুকু	O
হমহমাই	O
গৈছিল	O
,	O
গৈছোঁ	O
ছৰিস্কা	B-LOC
অভয়াৰণ্যলৈ	I-LOC
মুঠতে	O
ৰাজস্থানৰ	B-LOC
বহু	O
ঠাই	O
ভ্ৰমিছোঁ	O
।	O

স্বৰ্গদেৱ	O
শিৱসিংহই	B-PER
এই	O
মন্দিৰৰ	O
নামত	O
লাখোৰাজ	O
১১৪১	O
বিঘা	O
আৰু	O
নিষ্পিখেৰাজ	O
৪২৮	O
বিঘা	O
মাটি	O
সেৱাইত	O
,	O
পাইক	O
আদিক	O
দান	O
কৰিছিল	O
।	O

নৰকে	B-PER
চৰ্ত	O
পূৰণ	O
কৰিব	O
নোৱাৰিলে	O
।	O

সত্ৰৰ	O
ইষ্টদেৱতাৰ	O
মুৰ্ত্তি	O
হ'ল	O
শ্ৰী	O
শ্ৰী	O
যাদৱৰাই	B-PER
মহাপ্ৰভু	I-PER
।	O

তাতে	O
আগৰে	O
পৰা	O
শ্ৰীশ্ৰীঘনশ্যাম	B-PER
ৰায়ৰো	I-PER
বিগ্ৰহ	O
আছিল	O
।	O

এই	O
দ'লটি	O
ৰাজেশ্বৰ	B-PER
সিংহৰ	I-PER
দিনত	O
সজোৱা	O
হয়	O
।	O

সদৰামীন	O
বৰুৱাই	B-PER
এই	O
কথা	O
গম	O
পাই	O
সেই	O
ৰহস্য	O
উদ্‌ঘাটন	O
কৰাৰ	O
বাবে	O
বিৰিণা	O
গছজোপা	O
থকা	O
ঠাইখিনি	O
খন্দোৱালে	O
আৰু	O
তাতে	O
এটা	O
শ্ৰীকৃষ্ণৰ	B-PER
বিগ্ৰহ	O
উদ্ধাৰ	O
হ'ল	O
।	O

এনেকুৱা	O
এটা	O
শিলতে	O
খোদিত	O
গণেশৰ	B-PER
মূৰ্তি	O
পোৱা	O
গৈছে	O
।	O

মীৰ	B-PER
জুমলাই	I-PER
অসম	B-LOC
আক্ৰমণ	O
কৰিবলৈ	O
আহোঁতে	O
তেওঁৰ	O
লগত	O
অহা	O
ৱাকনবিচজনে	O
লিখিছিল	O
,	O
গড়গাঁৱৰ	B-LOC
ৰাজকাৰেংৰ	B-LOC
নিচিনা	O
কটকটীয়া	O
,	O
ধুনীয়া	O
আৰু	O
নানান	O
কাৰুকাৰ্যৰে	O
সুশোভিত	O
ঘৰ	O
গোটেই	O
পৃথিৱীত	O
বিৰল	O
।	O

শ্ৰীকল্যাণ	B-LOC
ভেংকটেশ্বৰস্বামী	I-LOC
মন্দিৰটোত	I-LOC
শ্ৰীকল্যাণ	B-PER
ভেংকটেশ্বৰস্বামীক	I-PER
পূজা	O
কৰা	O
হয়	O
।	O

দত্তই	B-PER
যেন	O
কথাতো	O
সহজ	O
কৰি	O
খুজিলে	O
।	O

এতিয়ালৈকে	O
জনাৰ	O
ভিতৰত	O
অসমত	B-LOC
এইখনেই	O
অনন্তশায়ী	O
বিষ্ণুৰ	B-PER
মূৰ্তি	O
।	O

উদ্বোধনী	O
সভাত	O
তৰুণ	B-PER
গগৈয়ে	I-PER
কয়	O
যে	O
,	O
এই	O
বিজ্ঞান	O
কেন্দ্ৰ	O
আৰু	O
তাৰকাগৃহই	O
উঠি	O
অহা	O
চামৰ	O
বাবে	O
বিজ্ঞান	O
-	O
প্ৰযুক্তিৰ	O
ক্ষেত্ৰত	O
আগুৱাই	O
যোৱাত	O
বৰঙনি	O
যোগাব	O
বুলি	O
তেওঁ	O
আশা	O
কৰিছে	O
।	O

কোৱা	O
হয়	O
সেই	O
পীঠৰ	O
মন্দিৰ	O
সৰ্ব্ব	O
প্ৰথম	O
নিৰ্মাণ	O
কৰিছিল	O
নৰকাসুৰে	B-PER
।	O

পিছে	O
চিকাগোৰ	B-LOC
পৰা	O
ৱাশ্বিংটন	B-LOC
ডি	I-LOC
চিলৈ	I-LOC
অ'বামাই	B-PER
অহাৰ	O
সময়	O
ডিচেম্বৰ	O
মাহৰ	O
শেষৰফালে	O
হোৱাৰ	O
কাৰণ	O
আছিল	O
মেৰিয়া	B-PER
আৰু	O
ছাছাৰ	B-PER
সংৰক্ষণ	O
কৰিব	O
লাগিছিল	O
।	O

এতিয়া	O
শংকৰদেৱৰ	B-PER
স্মৃতি	O
জড়িত	O
থকা	O
কোনো	O
বস্তু	O
নাই	O
।	O

ৰাষ্ট্ৰপতি	O
হো	B-PER
চি	I-PER
মিন	I-PER
বুলি	O
খোদিত	O
মছলিয়ামত	O
নিৰাপত্তাৰক্ষীৰ	O
বেষ্টনীৰ	O
মাজত	O
এখন	O
পবিত্ৰ	O
স্থানত	O
যেন	O
জননেতাগৰাকী	O
নিৰৱে	O
শুই	O
আছে	O
।	O

চিচিঙক	B-PER
যদি	O
এবাৰ	O
লগ	O
পালোঁহেঁতেন	O
!	O
ৰায়	B-PER
বাহাদুৰ	I-PER
ৰাধাকন্ত	I-PER
সিংহ‍ই	I-PER
চৰকাৰলৈ	O
লিখা	O
-	O
মেলা	O
কৰি	O
মাটিখিনি	O
দিয়ালে	O
আৰু	O
কৰ	O
ৰেহাই	O
দিয়ালে	O
।	O

আলাস	O
আৰু	O
আৰামত	O
দিন	O
কটোৱা	O
চেমুৱেলৰ	B-PER
পৰিয়াললৈ	O
দুযোৰ্গ	O
নামি	O
আহিল	O
।	O

লাৰাক	B-PER
এখন	O
ফুলাম	O
গামোচা	O
উপহাৰ	O
দিলো	O
।	O

হাতৰ	O
পৰা	O
কুঠাৰখন	O
এৰাবৰ	O
বাবে	O
পৰশুৰামে	B-PER
জমদগ্নিৰ	B-PER
পৰামৰ্শ	O
অনুসৰি	O
এটা	O
ব্ৰহ্মকুণ্ড	O
খান্দিলত	O
পৰশুৰামৰ	B-PER
হাতৰ	O
পৰা	O
কুঠাৰখন	O
আঁতৰে	O
।	O

তথাপি	O
গীতাক	B-PER
লগ	O
পোৱাৰ	O
আনন্দতে	O
নাইবা	O
লণ্ডন	B-LOC
আহি	O
পোৱাৰ	O
আনন্দতে	O
কেতিয়া	O
আহি	O
গীতাহঁতৰ	B-PER
ঘৰ	O
পালো	O
গমেই	O
নাপালোঁ	O
।	O

উগ্ৰতাৰা	B-LOC
দেৱালয়ৰ	I-LOC
গৰ্ভগৃহত	O
দেৱী	O
উগ্ৰতাৰাৰ	B-PER
কোনো	O
মূৰ্তি	O
বা	O
আকৃতি	O
নাই	O
।	O

ৰাণী	O
ফুলেশ্বৰীয়ে	B-PER
ভায়েক	O
হৰিনাৰায়নক	B-PER
বৰপাত্ৰগোহাঁই	O
পাতিলে	O
।	O

ইয়াৰ	O
বাবে	O
তেওঁ	O
ক্ৰোধত	O
দেৱী	O
উগ্ৰতাৰা	B-PER
আৰু	O
শিৱক	B-PER
অভিশাপ	O
দিয়ে	O
।	O

এদিন	O
পৰশুৰামৰ	B-PER
মাতৃ	O
ৰেণুকাই	B-PER
পানী	O
আনিবলৈ	O
আশ্ৰমৰ	O
পৰা	O
বাহিৰলৈ	O
গৈছিল	O
।	O

তেওঁৰ	O
কবৰত	O
মক্কাৰপৰা	B-LOC
অনা	O
এপোৱা	O
পৰিমাণৰ	O
মাটি	O
প্ৰথমতে	O
হেনো	O
দিয়া	O
হৈছিল	O
।	O

নিউয়ৰ্কৰ	B-LOC
পৰা	O
কিনিছো	O
যদিও	O
বস্তুবোৰ	O
কিন্তু	O
আমেৰিকাত	B-LOC
বনোৱা	O
নহয়	O
।	O

অগ্নিগড়	B-LOC
হৈছে	O
তেজপুৰ	B-LOC
চহৰৰ	O
ব্ৰহ্মপুত্ৰৰ	B-LOC
পাৰত	O
অৱস্থিত	O
ঐতিহাসিক	O
গড়	O
।	O

অলপ	O
দূৰ	O
আহিয়েই	O
এটা	O
ছাবমেৰিনৰ	O
বন্দৰ	O
পালোঁ	O
কিন্তু	O
তাত	O
সেইসময়ত	O
চলাচল	O
বন্ধ	O
থকাৰ	O
বাবে	O
আমি	O
২৫	O
কিলোমিটাৰ	O
গৈহে	O
ছাংউইড'	B-LOC
নামৰ	O
বন্দৰ	O
পাওঁগৈ	O
।	O

সুদূৰ	O
আমেৰিকাতো	B-LOC
সিহঁতে	O
এতিয়া	O
বপোৰ	O
আৰম্ভ	O
কৰিছে	O
।	O

এশিঙিয়া	O
গড়ৰ	O
বাবে	O
কাজিৰঙা	B-LOC
বিখ্যাত	O
।	O

হয়গ্ৰীৱ	B-LOC
মাধৱ	I-LOC
মন্দিৰটো	I-LOC
শিলেৰে	O
নিৰ্মিত	O
।	O

উভতি	O
আহি	O
দেখে	O
যে	O
ব্ৰহ্মপুত্ৰ	B-LOC
বৈ	O
গৈছে	O
।	O

ৰজাঘৰীয়া	O
পৃষ্ঠপোষকতাত	O
লাহে	O
লাহে	O
অসমত	B-LOC
শক্তিবাদৰ	O
প্ৰভাৱ	O
বাঢ়িবলৈ	O
ধৰিলে	O
আৰু	O
শৈৱ	O
-	O
শক্তিৰ	O
যুগ্ম	O
উপাসনা	O
ক্ৰমশঃ	O
নাইকিয়া	O
হৈ	O
আহিল	O
।	O

হাফলঙৰ	B-LOC
পৰা	O
উমৰাংছ	B-LOC
হৈ	O
অহা	O
পকী	O
পথেৰে	O
মেঘালয়ৰ	B-LOC
লগত	O
যোগাযোগ	O
আছে	O
,	O
আৰু	O
উমৰাংছৰ	B-LOC
পৰা	O
নগাঁৱ	B-LOC
জিলাৰ	O
লংকা	B-LOC
হৈ	O
পকী	O
পথ	O
আহি	O
নগাঁৱত	B-LOC
৩৭	B-LOC
নং	I-LOC
ৰাষ্ট্ৰীয়	I-LOC
পথত	I-LOC
লগ	O
লাগিছে	O
।	O

এডভেন্সাৰ	O
প্ৰিয়সকলৰ	O
বাবে	O
হৰ্ছ	O
ৰাইডিং	O
,	O
ট্ৰেকিং	O
,	O
মাইনেণ্টিনিং	O
আদিৰ	O
দৰে	O
দুঃসাহসিক	O
ক্ৰীড়াৰ	O
আনন্দৰ	O
সুযোগ	O
পূৰ্ণমাত্ৰাই	O
আছে	O
নাইনিতালত	B-LOC
।	O

মিলানৰ	B-LOC
পৰা	O
দূৰত্ব	O
৬৪৩০	O
কি:মি:	O
আমি	O
চাৰে	O
আঠ	O
ঘণ্টাত	O
অতিক্ৰম	O
কৰিলোঁ	O
।	O

কথিত	O
আছে	O
যে	O
দিহিং	B-LOC
আৰু	O
ব্ৰহ্মাপুত্ৰৰ	B-LOC
গতি	O
সলনি	O
হোৱাৰ	O
ফলত	O
এই	O
নদীদ্বীপটোৰ	O
সৃষ্টি	O
হৈছিল	O
।	O

আগতে	O
গড়মূৰ	B-LOC
সত্ৰৰ	I-LOC
অতুল	O
ঐশ্বৰ্য্য	O
সম্পত্তি	O
আছিল	O
।	O

মই	O
আৰু	O
মোৰ	O
বন্ধু	O
এজনে	O
নাৱেৰে	O
ব্ৰহ্মপুত্ৰ	B-LOC
পাৰ	O
হোৱাৰ	O
পৰিকল্পনা	O
কৰিলো	O
।	O

খনাজান	B-LOC
বাহিনীয়ে	I-LOC
দীপৰ	B-LOC
বিলক	I-LOC
ব্ৰহ্মপুত্ৰ	B-LOC
নদীৰ	I-LOC
লগত	O
সংযোগ	O
কৰাইছে	O
।	O

বটদ্ৰৱা	B-LOC
থানত	I-LOC
দৈনন্দিন	O
নাম	O
-	O
কীৰ্তনৰ	O
উপৰিও	O
কেইবাটাও	O
উৎসৱ	O
উলহ	O
-	O
মালহেৰে	O
পালন	O
কৰা	O
হয়	O
।	O

এখনত	O
উল্লেখ	O
থকা	O
মতে	O
পূৱে	O
কচুজান	B-LOC
,	O
পশ্চিমে	O
ভৈৰৱ	B-LOC
নদী	I-LOC
,	O
উত্তৰে	O
দফলা	B-LOC
পৰ্বত	I-LOC
দক্ষিণে	O
লৌহিত্য	B-LOC
।	O

তেজপুৰৰ	B-LOC
পৰা	O
প্ৰায়	O
২	O
কি:মি:	O
উত্তৰে	O
কেতেকীবাৰীৰ	B-LOC
বাঁহবাৰী	O
এখনত	O
পোত	O
গৈ	O
আছে	O
বিশ্বৰ	O
বৃহত্তম	O
শিৱ	O
লিংগ	O
বুলি	O
ঠাৱৰ	O
কৰা	O
কেতেকেশ্বৰ	O
।	O

দুয়োখন	O
মাজুলীৰ	B-LOC
সাৰজানৰ	B-LOC
কাষত	O
ওচৰা	O
-	O
ওচৰিকৈ	O
আছিল	O
।	O

যোৰহাটৰ	B-LOC
বাসিন্দাৰ	O
স্বাক্ষৰতাৰ	O
হাৰ	O
অসমৰ	B-LOC
ভিতৰতে	O
সৰ্বাধিক	O
।	O

অসমৰ	B-LOC
গোৱালপাৰা	B-LOC
জিলাৰ	O
আগিয়াৰ	B-LOC
পৰা	O
১৮	O
কিলোমিটাৰ	O
আঁতৰত	O
অৱস্থিত	O
বায়দাত	B-LOC
অৱস্থিত	O
এখন	O
থান	O
হ'ল	O
শ্ৰীশ্ৰী	B-LOC
ৰিছি	I-LOC
আশ্ৰিত	I-LOC
দ'দান	I-LOC
থান	I-LOC
।	O

মাজুলীৰ	B-LOC
লোকসকল	O
প্ৰধানকৈ	O
কৃষি	O
নিৰ্ভৰশীল	O
।	O

কাঞ্চনঝুৰি	B-LOC
,	O
পানবাৰী	B-LOC
আৰু	O
তামূলীপথাৰ	B-LOC
ব্লকসমূহত	O
চিৰসেউজ	O
অৰণ্য	O
বিৰাজমান	O
।	O

বিভিন্ন	O
বৈচিত্ৰ্যময়	O
জনজাতিৰে	O
পৰিপূৰ্ণ	O
ইম্ফল	B-LOC
চহৰে	O
ইয়াৰ	O
জনজীৱনৰ	O
বিচিত্ৰতাৰ	O
কাৰণেই	O
আকৰ্ষণীয়	O
ৰূপ	O
পৰিগ্ৰহ	O
কৰিছে	O
।	O

ৰিপু	B-LOC
বনাঞ্চলৰ	I-LOC
পেকুৱা	B-LOC
নদীয়ে	I-LOC
ৰাইমনা	B-LOC
ৰাষ্ট্ৰীয়	I-LOC
উদ্যানৰ	I-LOC
দক্ষিণ	O
সীমাৰ	O
পৰিচয়	O
দিয়ে	O
।	O

এটা	O
ঘিলামৰাৰ	B-LOC
বৰদৈবামৰ	B-LOC
পৰা	O
আৰু	O
আনটো	O
ঢকুৱাখনা	B-LOC
পৰা	O
।	O

বাৰ্মাৰ	B-LOC
হলেও	O
আমাৰ	O
চুবুৰীয়া	O
।	O

অসমৰ	B-LOC
ক'তো	O
এনে	O
ছখন	O
হাতৰ	O
মূৰ্তি	O
এতিয়ালৈকে	O
পোৱা	O
হোৱা	O
নাই	O
।	O

তেওঁলোকৰ	O
লগত	O
যোৱা	O
তামিলনাডুৰ	B-LOC
কোনো	O
নাম্বুদাৰী	O
ব্ৰাহ্মণে	O
হেনো	O
,	O
এনে	O
কেকৰ	O
টুকুৰা	O
খাই	O
,	O
পিছত	O
গোমাংস	O
বুলি	O
জানি	O
,	O
ডিঙিত	O
আঙুলি	O
ভৰাই	O
বমি	O
কৰিছিল	O
।	O

কামাখ্যা	B-LOC
মন্দিৰৰ	I-LOC
উৎপত্তি	O
সংক্ৰান্তত	O
কালিকা	O
পুৰাণত	O
এটা	O
আখ্যান	O
আছে	O
।	O

মানুহবোৰে	O
দীঘলীয়া	O
যাত্ৰাত	O
আমাৰ	O
অসমৰ	B-LOC
নিচিনা	O
গাড়ী	O
ৰাখি	O
থিয়ই	O
থিয়ই	O
পেচাব	O
কৰিব	O
নালাগে	O
।	O

প্ৰায়	O
আটাইবোৰ	O
গাঁথনি	O
মদন	B-LOC
কামদেৱ	I-LOC
টিলাৰ	O
ওপৰত	O
অৱস্থিত	O
।	O

গৰখীয়া	B-LOC
দ'ল	I-LOC
বা	O
গৰখীয়া	B-LOC
দৌল	I-LOC
,	O
যোৰহাট	B-LOC
নগৰৰ	O
উত্তৰে	O
প্ৰায়	O
পাঁচ	O
কিলোমিটাৰ	O
আঁতৰৰ	O
বালিগাঁৱত	B-LOC
অৱস্থিত	O
এখন	O
প্ৰাচীন	O
দেৱালয়	O
।	O

দৌলগোবিন্দ	B-LOC
মন্দিৰ	I-LOC
মন্দিৰটো	O
ধৰ্মপ্ৰাণ	O
লোকৰ	O
বাবে	O
অন্যতম	O
আকৰ্ষণৰ	O
স্থান	O
।	O

অতি	O
সহজেই	O
গোলাঘাটৰ	B-LOC
পৰা	O
দ'লটোলৈ	O
যাব	O
পাৰি	O
।	O

প্ৰায়	O
৯	O
মান	O
বজাত	O
বিমানখনে	O
দিল্লীৰ	B-LOC
মাটি	O
স্পৰ্শ	O
কৰিলে	O
।	O

ই	O
উত্তৰ	B-LOC
-	I-LOC
পূব	I-LOC
ভাৰতৰ	I-LOC
আটাইতকৈ	O
বৃহৎ	O
ৰাজ্যিক	O
চিৰিয়াখানা	O
।	O

নিৰ্মাণ	O
শৈলী	O
বিশ্লেষণ	O
কৰি	O
মদন	B-LOC
কামদেৱ	I-LOC
দেৱালয়	I-LOC
পাল	O
ৰাজবংশৰ	O
অৱদান	O
বুলি	O
নিৰ্ণয়	O
কৰা	O
হৈছে	O
।	O

দেৱালয়খন	O
সীতাচল	B-LOC
পাহাৰৰ	I-LOC
শিখৰত	O
ইটাৰে	O
নিৰ্মাণ	O
কৰা	O
হৈছিল	O
।	O

সভ্যতাৰ	O
পীঠস্থান	O
ইউৰোপৰ	B-LOC
শেষ	O
ক'ত	O
?	O
এইক্ষেত্ৰত	O
মাজুলীৰ	B-LOC
চাৰি	O
সত্ৰৰ	O
ভূমিকাক	O
বিশেষভাবে	O
স্বীকৃতি	O
দিয়া	O
হৈছে	O
।	O

পাচ	O
ডলাৰৰ	O
বিনিময়ত	O
সৰু	O
সৰু	O
মদৰ	O
বটল	O
কিছুমান	O
ললো	O
-	O
পাচিঘাটৰ	B-LOC
ডা:	O
বন্ধু	O
কেইজন	O
মানৰ	O
বাবে	O
।	O

পাঠশালা	B-LOC
নগৰৰ	O
পৰা	O
দেৱালয়লৈ	O
ৰিস্কা	O
,	O
অটোৰিস্কা	O
,	O
টেম্প	O
আদিৰে	O
যাতায়তৰ	O
সুবিধা	O
আছে	O
।	O

সমগ্ৰ	O
পৃথিৱীৰ	O
প্ৰায়	O
৫৭%	O
বনৰীয়া	O
ম'হ	O
কাজিৰঙাতে	B-LOC
পোৱা	O
যায়	O
।	O

স্পেইনৰ	B-LOC
বাৰ্চিলোনা	B-LOC
ঠাইখন	O
সাংস্কৃতিক	O
ঐতিহ্যৰে	O
ঐশ্বৰ্যশালী	O
।	O

হাফলং	B-LOC
ডিমা	B-LOC
হাছাও	I-LOC
জিলাত	O
অৱস্থিত	O
একমাত্ৰ	O
পৰ্বতীয়া	O
ষ্টেচন	O
বা	O
আস্থান	O
।	O

এফালে	O
বংগোপসাগৰৰ	B-LOC
জলৰাশিৰ	O
নীলাভ	O
সৌন্দৰ্যই	O
যেনেকৈ	O
আপোনাক	O
আত্মহাৰা	O
কৰিব	O
,	O
ঠিক	O
তেনেকৈ	O
সমুদ্ৰ	O
তীৰৰ	O
মনোৰম	O
শোৰ	B-LOC
টেম্পল	I-LOC
,	O
পঞ্চপাণ্ডৱ	B-LOC
ৰথ	I-LOC
,	O
মগিষমৰ্দিনী	B-LOC
গুহা	I-LOC
,	O
বৰাহ	B-LOC
গুহা	I-LOC
,	O
কৃষ্ণ	B-LOC
মণ্ডলী	I-LOC
আদি	O
বৰাহ	O
মন্দিৰ	O
,	O
ত্ৰিমূৰ্তি	B-LOC
গুহা	I-LOC
আদিৰ	O
অসাধাৰণ	O
ভস্কৰ্য	O
শিল্পৰ	O
মাজতো	O
ৰৈ	O
যাব	O
স্মৰণীয়	O
মুহূৰ্ত	O
।	O

অসমৰ	B-LOC
পূব	O
প্ৰান্তত	O
ব্ৰহ্মপুত্ৰৰ	B-LOC
দক্ষিণপাৰে	O
ডিব্ৰুগড়	B-LOC
আৰু	O
তিনিচুকীয়া	B-LOC
জিলাৰ	O
আংশিক	O
মাটিকালিৰে	O
ডিব্ৰু	B-LOC
-	I-LOC
ছৈখোৱা	I-LOC
ৰাষ্ট্ৰীয়	I-LOC
উদ্যান	I-LOC
গঠিত	O
হৈছে	O
।	O

ওৰাং	B-LOC
ৰাষ্ট্ৰীয়	I-LOC
উদ্যানত	I-LOC
বিভিন্ন	O
স্তন্যপায়ী	O
প্ৰজাতিৰ	O
উল্লেখযোগ্য	O
প্ৰজননকুল	O
আছে	O
।	O

এইটো	O
দেশৰ	O
৪৪তম	O
বিজ্ঞান	O
কেন্দ্ৰ	O
আৰু	O
অসমৰ	B-LOC
দ্বিতীয়টো	O
বিজ্ঞান	O
কেন্দ্ৰ	O
আৰু	O
তাৰকাগৃহ	O
।	O

স্পেইনৰ	B-LOC
সাগৰ	O
তীৰসমূহ	O
,	O
ঐতিহাসিক	O
স্মৃতিচিহ্ন	O
আৰু	O
মনোৰম	O
বাতাৱৰণে	O
বিশ্বৰ	O
প্ৰতি	O
প্ৰান্তৰ	O
পৰ্যটকক	O
আহৰহ	O
আকৰ্ষণ	O
কৰি	O
আহিছে	O
।	O

নামেৰীৰ	B-LOC
বনাঞ্চল	I-LOC
মূলত	O
-	O
ক্ৰান্তীয়	O
চিৰসেউজীয়া	O
আৰু	O
সেমেকা	O
পৰ্ণপাতী	O
বনাঞ্চল	O
।	O

আমি	O
ইয়াৰ	O
পাছত	O
বেংককৰ	B-LOC
পৰা	O
প্ৰায়	O
১৪৭	O
কি:মি:	O
নিলগৰ	O
পট্টায়ালৈ	B-LOC
যাত্ৰা	O
কৰিলোঁ	O
।	O

কাৰেংঘৰক	B-LOC
কেন্দ্ৰ	O
কৰি	O
চৌপাশৰ	O
অঞ্চলটোৱে	O
আছিল	O
তাহানিৰ	O
ৰংপুৰ	B-LOC
।	O

প্ৰকৃততে	O
ডলফিন	B-LOC
নোজ	I-LOC
এটা	O
টিলা	O
।	O

মন্দিৰ	O
নগৰী	O
জন্মু	B-LOC
।	O

বাল্টিমোৰ	B-LOC
পইণ্টত	O
এনেকুৱা	O
কেইবাটাও	O
নৈশ	O
ক্লাব	O
আছে	O
।	O

তদুপৰি	O
হস্তশিল্পৰ	O
অনুপম	O
ঐশ্বৰ্যই	O
মাজুলীক	B-LOC
অনন্য	O
বিশেষত্ব	O
দান	O
কৰিছে	O
।	O

কিছুমান	O
প্ৰত্নতাত্ত্বিকসকলে	O
আনকি	O
বিশ্বাস	O
কৰিছিল	O
যে	O
শ্ৰী	B-LOC
সূৰ্য	I-LOC
পাহাৰৰ	I-LOC
ইতিহাস	O
আৰু	O
নাঙট	O
কৰি	O
প্ৰাচীন	O
অসম	B-LOC
তথা	O
ভাৰতৰ	B-LOC
ইতিহাস	O
বুজৰ	O
পৰিবৰ্তন	O
ঘটায়	O
।	O

বুঢ়া	B-LOC
গোঁসাই	I-LOC
দেৱালয়	I-LOC
তেজপুৰৰ	B-LOC
ন	B-LOC
-	I-LOC
দুৱাৰ	I-LOC
অঞ্চলৰ	O
জামুগুৰিহাটৰ	B-LOC
নন্দিকেশ্বৰ	B-LOC
গাঁৱত	O
অৱস্থিত	O
এটা	O
মন্দিৰ	O
।	O

ঢেকীয়াখোৱা	B-LOC
বৰনামঘৰ	I-LOC
অসমৰ	B-LOC
যোৰহাট	B-LOC
নগৰৰ	O
পৰা	O
প্ৰায়	O
১২	O
কিলোমিটাৰ	O
পূবত	O
অৱস্থিত	O
।	O

পৃথিৱীৰ	O
অন্যতম	O
সপ্তাচাৰ্য	O
মাচু	B-LOC
-	I-LOC
পিচু	I-LOC
চাবলৈ	O
কুচকো	B-LOC
হৈ	O
যাব	O
লাগে	O
।	O

গোলাঘাট	B-LOC
আৰু	O
নগাঁও	B-LOC
জিলাত	O
স্থিত	O
কাজিৰঙা	B-LOC
ৰাষ্ট্ৰীয়	I-LOC
উদ্যানত	I-LOC
মুঠ	O
মাটিকালি	O
৪৩০	O
বৰ্গ	O
কি:মি:	O
।	O

ইয়াক	O
প্ৰাচীন	O
কালত	O
প্ৰাগজ্যোতিষপুৰ	B-LOC
নামেৰে	O
জনা	O
গৈছিল	O
।	O

কাজিৰঙা	B-LOC
তথা	O
মানাহৰ	B-LOC
পিছতে	O
ঘোষিত	O
এইখন	O
অসমৰ	B-LOC
তৃতীয়খন	O
ৰাষ্ট্ৰীয়	O
উদ্যান	O
।	O

এয়াৰপ'ৰ্টৰ	O
পৰা	O
গ্ৰীন	B-LOC
উইচ	I-LOC
যথেষ্ট	O
দূৰ	O
।	O

ই	O
অসম	B-LOC
আৰু	O
সমগ্ৰ	O
উত্তৰ	B-LOC
ভাৰতৰে	I-LOC
জ্যোতিৰ্বিজ্ঞান	O
সংক্ৰান্তীয়	O
এক	O
বিশেষ	O
কেন্দ্ৰ	O
।	O

আশ্বক্ৰান্ত	B-LOC
মন্দিৰ	I-LOC
সচাকৈয়ে	O
এক	O
আটক	O
ধুনীয়া	O
মন্দিৰ	O
।	O

অৰুণাচল	B-LOC
বুলি	O
ক'লে	O
প্ৰথমে	O
আমাৰ	O
মনলৈ	O
আহে	O
টাৱাং	B-LOC
,	O
নামদফা	B-LOC
,	O
ইটানগৰ	B-LOC
,	O
ভীষ্মক	B-LOC
নগৰ	I-LOC
আদিৰ	O
কথা	O
।	O

দেওপাহাৰ	B-LOC
নুমলীগড়ৰ	B-LOC
৩৯নং	B-LOC
ৰাষ্ট্ৰীয়	I-LOC
ঘাইপথৰ	I-LOC
দাঁতিত	O
অৱস্থিত	O
।	O

ৱাছিংটনলৈ	B-LOC
আহিছো	O
।	O

সুদূৰত	O
ৱাছিংটন	B-LOC
মনুমেণ্ট	I-LOC
।	O

এই	O
বৰ্ষাৰণ্যখন	O
অসমৰ	B-LOC
তিনিখন	O
জিলা	O
অৰ্থাৎ	O
ডিব্ৰুগড়	B-LOC
,	O
তিনিচুকীয়া	B-LOC
আৰু	O
শিৱসাগৰৰ	B-LOC
প্ৰায়	O
৫৭৫	O
বৰ্গ	O
কিলোমিটাৰ	O
জুৰি	O
বিস্তৃত	O
হৈ	O
আছে	O
।	O

উক্ত	O
মন্দিৰ	O
দুটাৰ	O
বাহিৰেও	O
কূৰ্মজনাৰ্দন	B-LOC
ফল্গূৎসৱ	I-LOC
নামৰ	O
মন্দিৰ	O
এটাও	O
ইয়াত	O
আছে	O
।	O

ইযাত	O
যিমান	O
দূৰলৈকে	O
চকু	O
পৰে	O
আটলাণ্টিক	B-LOC
সাগৰৰ	I-LOC
পাৰটো	O
বান্ধি	O
দিয়া	O
আছে	O
।	O

মূৰ্ত্তি	O
অনাৰ	O
পাছত	O
সোৱণশিৰি	B-LOC
নদীৰ	O
কাষৰ	O
চাৰিভাগী	B-LOC
নামৰ	O
ঠাইৰ	O
বাসুদেৱ	O
মন্দিৰৰ	O
ভূমিত	O
সত্ৰ	O
স্থাপন	O
কৰে	O
।	O

ট্ৰাংক	B-LOC
ৰ'ডৰ	I-LOC
পৰা	O
প্ৰায়	O
তিনিশ	O
মিটাৰ	O
দক্ষিণে	O
সোমাই	O
দ'লটো	O
আছে	O
।	O

আৰম্ভ	O
হৈছিল	O
ডাল	B-LOC
হ্ৰদৰ	I-LOC
পাৰে	O
পাৰে	O
জাব্ৰাহান	B-LOC
পাহাৰৰ	I-LOC
নামনি	O
অঞ্চলত	O
উদ্যান	O
স্থাপনৰ	O
।	O

ইয়াৰ	O
আন	O
এটা	O
নাম	O
ন	O
গোঁসাই	B-LOC
দ'ল	I-LOC
।	O

বুজি	O
ল'লো	O
মানুহবোৰে	O
জাহাজেৰ	O
ষ্টেচু	B-LOC
অৱ	I-LOC
লিবাৰ্টি	I-LOC
চাবলৈ	O
যাব	O
।	O

খানাপাৰা	B-LOC
দক্ষিণ	B-LOC
আমচাং	I-LOC
অঞ্চলৰ	O
২৫৪৬.১০	O
হেক্টৰ	O
অৰণ্যভূমি	O
আৰু	O
আমচাং	B-LOC
অঞ্চলৰ	O
৫৩১৮	O
হেক্টৰ	O
অৰণ্যভূমিক	O
সামৰি	O
আমচাং	B-LOC
অভয়াৰণ্য	I-LOC
গঠন	O
কৰা	O
হৈছে	O
।	O

মূল	O
গুৱাহাটীৰ	B-LOC
পৰা	O
অশ্বক্লান্তলৈ	B-LOC
ফেৰীৰে	O
যোৱাৰ	O
সুবিধা	O
আছে	O
।	O

ৰুদ্ৰেশ্বৰ	B-LOC
দেৱালয়ৰ	I-LOC
কাষৰ	O
গাঁৱৰ	O
নাম	O
ৰুদ্ৰেশ্বৰ	B-LOC
হ'ল	O
।	O

তিনিচুকীয়া	B-LOC
জিলাৰ	O
তিনিটা	O
ব্লক	O
জুৰি	O
এই	O
অভয়াৰণ্যখন	O
বিস্তৃত	O
হৈ	O
আছে	O
।	O

মহাবাহু	O
ব্ৰহ্মপুত্ৰ	B-LOC
নদীৰ	I-LOC
খহনীয়াৰ	O
গৰাহত	O
পৰি	O
মূখ্য	O
মন্দিৰটো	O
পানীত	O
জাহ	O
যায়	O
।	O

অসমৰ	B-LOC
বৰপেটা	B-LOC
জিলাৰ	O
ব্ৰহ্মপুত্ৰ	B-LOC
নদীৰ	O
উত্তৰ	O
পাৰে	O
বজালী	B-LOC
মহকুমাৰ	O
অন্তৰ্গত	O
পাঠশালা	B-LOC
নগৰৰ	O
পৰা	O
প্ৰায়	O
তিনি	O
কিলোমিটাৰ	O
দক্ষিণে	O
ডুবি	B-LOC
গাঁৱত	O
২৬	O
ডিগ্ৰী	O
২৯	O
মিনিট	O
উত্তৰ	O
অক্ষাংশ	O
আৰু	O
৯১	O
ডিগ্ৰী	O
৯	O
মিনিট	O
৪৫	O
চেকেণ্ড	O
পূৱ	O
দ্ৰাঘিমাংশ	O
সংযোগস্থলত	O
এই	O
দেৱালয়	O
অৱস্থিত	O
।	O

এই	O
দৌলটোক	O
মহেশ্বৰ	B-LOC
দৌল	I-LOC
বা	O
মহেশ্বৰৰ	B-LOC
ঘৰ	I-LOC
আৰু	O
মাই	B-LOC
দৌল	I-LOC
বুলিও	O
কোৱা	O
হয়	O
।	O

দেওপানী	B-LOC
সংৰক্ষিত	I-LOC
বনাঞ্চলৰ	I-LOC
মাটিকালি	O
১৩৩.৪৫	O
হেক্টৰ	O
আৰু	O
হাতী	O
কৰিড'ৰৰ	O
অংশ	O
।	O

প্ৰাচীন	O
কালত	O
মধ্যপ্ৰাচ্য	B-LOC
সদায়	O
বিভিন্ন	O
সভ্যতা	O
,	O
যেনে	O
বেবিলনীয়	B-LOC
,	O
ইজিপ্ট	B-LOC
,	O
হিটাইট	B-LOC
,	O
হিব্ৰু	B-LOC
,	O
ৰোমান	B-LOC
,	O
পাৰস্য	B-LOC
,	O
বাইজেনটিন	B-LOC
,	O
আৰব	B-LOC
,	O
কুৰ্ড	B-LOC
,	O
অট'মান	B-LOC
,	O
টাৰ্ক	B-LOC
,	O
ছেলজুক	B-LOC
আৰু	O
ফ্ৰেংকৰ	B-LOC
মিলন	O
ক্ষেত্ৰ	O
আছিল	O
আৰু	O
এইবোৰৰ	O
চিন	O
ছাব	O
ছিৰিয়াৰ	B-LOC
ঐতিহ্যপূৰ্ণ	O
স্থানসমূহত	O
এতিয়াও	O
সংৰক্ষিত	O
হৈ	O
আছে	O
।	O

ডুবিৰ	B-LOC
শ্ৰীশ্ৰীপৰিহৰেশ্বৰ	B-LOC
দেৱালয়	I-LOC
অসমৰ	B-LOC
শৈৱপীঠ	O
সমূহৰ	O
ভিতৰত	O
প্ৰাচীন	O
,	O
ঐতিহ্যপূৰ্ণ	O
আৰু	O
জাগ্ৰতৰূপে	O
খ্যাত	O
অন্যতম	O
দেৱালয়	O
।	O

ডিব্ৰু	B-LOC
-	I-LOC
ছৈখোৱা	I-LOC
ৰাষ্ট্ৰীয়	I-LOC
উদ্যান	I-LOC
ভাৰতবৰ্ষৰ	B-LOC
একমাত্ৰ	O
বন	O
ঘৰচীয়া	O
ঘোঁৰা	O
পোৱা	O
উদ্যান	O
।	O

কাজিৰঙা	B-LOC
নামটোৰ	O
প্ৰাচীনত্ব	O
সম্পন্ধে	O
যথেষ্ট	O
সমল	O
পোৱা	O
যায়	O
।	O

এই	O
মন্দিৰ	O
অসমৰ	B-LOC
অন্যতম	O
উল্লেখযোগ্য	O
শক্তি	O
উপাসনাস্থলী	O
।	O

তাৰ	O
পিছৰ	O
এশ	O
বছৰ	O
পেৰুৰ	B-LOC
ইতিহাস	O
উত্থান	O
-	O
পাতন	O
,	O
বিপলৱ	O
আৰু	O
গৃহ	O
-	O
যুদ্ধৰ	O
ইতিহাস	O
।	O

বাসুদেৱ	B-LOC
থান	I-LOC
লখিমপুৰ	B-LOC
জিলাৰ	O
ঢকুৱাখনা	B-LOC
ৰ	O
পূৱ	O
প্ৰান্তত	O
অৱস্থিত	O
এখন	O
বুৰঞ্জী	O
প্ৰসিদ্ধ	O
থান	O
।	O

ডিমা	B-LOC
-	I-LOC
হাছাও	I-LOC
জিলাৰ	O
সৰ্বমুঠ	O
গাঁৱৰ	O
সংখ্যা	O
৫৫২খন	O
।	O

ৰছ	O
শতিকাৰ	O
আগলৈ	O
এই	O
সভ্যতাই	O
দক্ষিণ	B-LOC
আমেৰিকাত	I-LOC
দপদপাই	O
আছিল	O
।	O

শিৱৰ	B-LOC
যোগভংগ	O
হ'লত	O
তেওঁৰ	O
মুখৰপৰা	O
হা	O
যোগ'	O
‘হা	O
যোগ'	O
বুলি	O
হেনো	O
শব্দ	O
উচ্চাৰিত	O
হৈছিল	O
।	O

তেওঁ	O
আমাক	O
ক্যাটকা	B-LOC
নামৰ	O
সৰু	O
চহৰ	O
এখনলৈ	O
লৈ	O
গ'ল	O
।	O

হাদুগ	B-LOC
নামৰ	O
বিল	O
খনৰ	O
উত্তৰ	O
পাৰৰ	O
হাদুগপাৰ	B-LOC
গাঁৱৰ	O
মানুহে	O
বিলৰ	O
দক্ষিণপাৰে	O
থকা	O
হাবি	O
কাটি	O
চাফা	O
কৰি	O
খেতিৰ	O
বাবে	O
মাটি	O
উলিয়াই	O
লৈছিল	O
।	O

পৰবৰ্তী	O
সময়ত	O
পূবে	O
আৰু	O
পশ্চিমে	O
দুটা	O
কৰিড'ৰৰ	O
প্ৰস্তাৱ	O
কৰি	O
১১০৬	O
হেক্টৰ	O
মাটিও	O
পবিতৰা	B-LOC
অভয়াৰণ্যত	I-LOC
ধৰা	O
হৈছে	O
।	O

ব্ৰহ্ম	B-LOC
কুণ্ড	I-LOC
অৰ্থাৎ	O
মানস	B-LOC
সৰোবৰৰ	I-LOC
পাৰ	O
কাটি	O
দিয়াত	O
ব্ৰহ্মপুত্ৰ	B-LOC
বৈ	O
আহি	O
উমানন্দ	B-LOC
পালেহি	O
।	O

কামৰূপ	B-LOC
গ্ৰাম্যৰ	I-LOC
পলাশবাৰী	B-LOC
সমষ্টিৰ	O
মিৰ্জাৰ	B-LOC
পৰা	O
দক্ষিণ	O
দিশে	O
অসম	B-LOC
মেঘালয়	B-LOC
সীমান্তৰ	O
ৰাজাপাৰা	B-LOC
অঞ্চল	O
।	O

ইয়াৰ	O
উপৰিও	O
কালহোৰ	B-LOC
টাৱাৰ	I-LOC
,	O
ৰোমান	B-LOC
ব্ৰীজ	I-LOC
আদিও	O
কৰডোবাৰ	B-LOC
আকৰ্ষণীয়	O
পৰ্যটন	O
স্থলী	O
।	O

সকলো	O
অমৃতসৰলৈ	B-LOC
যাত্ৰাৰ	O
বাবে	O
সাজু	O
।	O

শিৱদৌলত	B-LOC
এইটোয়েই	O
ডাঙৰ	O
উৎসৱ	O
।	O

মানাহৰ	B-LOC
পিছতে	O
নামেৰি	B-LOC
,	O
অসমৰ	B-LOC
দ্বিতীয়খন	O
ব্যাঘ্ৰ	O
সংৰক্ষিত	O
বনাঞ্চল	O
।	O

বিশ্বৰ	O
ক্ষুদ্ৰতম	O
নদীদ্বীপ	O
উমানন্দৰ	B-LOC
শিৱ	O
মন্দিৰ	O
অসমৰ	B-LOC
এক	O
জনপ্ৰিয়	O
আৰু	O
ঐতিহ্যমণ্ডিত	O
পীঠস্থান	O
।	O

ৰজোছছেটৰ	B-LOC
অনুপম	O
দৃশ্যই	O
আপোনাৰ	O
মনত	O
এক	O
মচিব	O
নোৱাৰা	O
সাঁচ	O
যে	O
বহুৱাব	O
এয়া	O
নিশ্চিত	O
।	O

ৰাতি	O
দহ	O
বজাত	O
আমি	O
গুৱাহাটী	B-LOC
আহি	O
পাইছিলোঁ	O
।	O

আথিৰ্ক	O
উন্নয়ন	O
ভাৰত	B-LOC
৫.৩০	O
শতাংশ	O
পেৰু	B-LOC
৫.৮	O
শতাংশ	O
।	O

অসমৰ	B-LOC
তিনিচুকীয়া	B-LOC
জিলাৰ	O
শদিয়াৰ	B-LOC
পৰা	O
প্ৰায়	O
১৮	O
কি:মি:	O
নিলগত	O
বৰ্তমান	O
এই	O
মন্দিৰৰ	O
ধ্বংসাৱশেষ	O
অৰুণাচল	B-LOC
প্ৰদেশৰ	I-LOC
লোহিত	B-LOC
জিলাত	O
অৱস্থিত	O
।	O

ডিমা	B-LOC
-	I-LOC
হাছাও	I-LOC
জিলাৰ	O
মাজেৰে	O
যোৱা	O
ৰেলপথত	O
কেবাটাও	O
সুৰংগ	O
আছে	O
।	O

এইখনেই	O
সেই	O
প্ৰশান্ত	B-LOC
মহাসাগৰ	I-LOC
।	O

এই	O
উমানন্দ	B-LOC
দেৱালয়ৰ	I-LOC
নামৰ	O
পৰায়ে	O
দ্বীপটোৰ	O
নাম	O
উমানন্দ	B-LOC
হল	O
।	O

আমি	O
সেইদৰে	O
অকলশৰীয়াকৈ	O
,	O
বিশেষ	O
একো	O
আও	O
-	O
ভাও	O
নোপোৱাকৈ	O
যেনে	O
-	O
তেনে	O
লণ্ডন	B-LOC
পালোগৈ	O
।	O

কাজিৰঙা	B-LOC
ৰাষ্ট্ৰীয়	I-LOC
উদ্যান	I-LOC
নগাঁও	B-LOC
জিলাৰ	O
কলিয়াবৰ	B-LOC
মহকুমা	O
আৰু	O
গোলাঘাট	B-LOC
জিলাৰ	O
বোকাখাট	B-LOC
মহকুমাত	O
অৱস্থিত	O
।	O

বৰ্তমান	O
যোৰহাট	B-LOC
চহৰৰ	O
মুঠ	O
জনসংখ্যা	O
প্ৰায়	O
১.৪৫	O
লাখ	O
।	O

উমানন্দ	B-LOC
পৃথিৱীৰ	O
ক্ষুদ্ৰতম	O
নদী	O
দীপ	O
বুলি	O
জনা	O
যায়	O
।	O

সেই	O
মূৰ্তি	O
সভক্তিৰে	O
ৰাইজে	O
শোভাযাত্ৰা	O
কৰি	O
আনি	O
চন্দ্ৰভাৰতী	B-LOC
পাহাৰত	I-LOC
স্থাপন	O
কৰে	O
।	O

মিউজিয়াম	O
চোৱা	O
শেষ	O
কৰি	O
আমি	O
জুংমুন	B-LOC
মেৰিন	I-LOC
পাৰ্কলৈ	I-LOC
গ'লো	O
।	O

তাৰ	O
বাবে	O
সাধাৰণ	O
নাগৰিক	O
এজনেই	O
হওক	O
বা	O
আমেৰিকাৰ	B-LOC
ৰাষ্ট্ৰপতিয়েই	O
নহওক	O
কিয়	O
।	O

মৃতকৰ	O
অস্থি	O
বিসৰ্জন	O
দিলেও	O
গঙ্গা	B-LOC
-	I-LOC
গয়াত	I-LOC
অস্থি	O
বিসৰ্জন	O
দিয়াৰ	O
সমানে	O
ফল	O
লাভ	O
কৰে	O
।	O

নতুন	O
আৰু	O
পুৰণা	O
দুয়োবিধ	O
গাড়ী	O
বিদেশৰ	O
পৰা	O
শ্ৰীলংকালৈ	B-LOC
আমদানী	O
কৰা	O
হয়	O
।	O

তেতিয়া	O
প্ৰশান্ত	B-LOC
মহাসাগৰ	I-LOC
পাওঁমানে	O
মহাসাগৰৰ	O
বুকুত	O
সন্ধিয়া	O
নামি	O
আহিছে	O
।	O

এনেদৰে	O
চিৰিয়াখানাৰ	O
ভিতৰত	O
দক্ষিণ	B-LOC
আমেৰিকাৰ	I-LOC
পাম্পাছ	B-LOC
,	O
বাৰ্মাৰ	B-LOC
ঘন	O
অৰণ্য	O
,	O
টেৰাই	B-LOC
নদী	I-LOC
উপত্যকা	I-LOC
,	O
আফ্ৰিকাৰ	B-LOC
ছাভানা	B-LOC
আৰু	O
দক্ষিণ	B-LOC
-	I-LOC
পূব	I-LOC
এছিয়াৰ	I-LOC
বৰ্ষাৰণ্যৰ	O
দৰে	O
পৰিৱেশ	O
সৃষ্টি	O
কৰা	O
হৈছে	O
।	O

ভূটানত	B-LOC
মানাহে	B-LOC
নাম	O
পাইছে	O
ৰয়েল	B-LOC
মানাহৰূপে	I-LOC
।	O

কিন্তু	O
পেৰুৰ	B-LOC
সাক্ষৰতাৰ	O
হাৰ	O
৯১	O
শতাংশ	O
জীৱনৰ	O
দীৰ্ঘতা	O
৭০.১	O
।	O

ইয়াৰে	O
প্ৰথম	O
তিনিটা	O
ধুবুৰী	B-LOC
লোকসভা	I-LOC
সমষ্টিৰ	O
অন্তৰ্ভুক্ত	O
।	O

বিশ্বৰ	O
সকলো	O
প্ৰান্তৰ	O
পৰাই	O
ফিনিশ্বিঙ'ৰ	O
বাবে	O
মুকুটা	O
আহে	O
হায়দৰাবাদলৈ	B-LOC
,	O
কাৰণ	O
ইয়াৰ	O
কাৰীকৰৰ	O
দক্ষতা	O
বিশ্বত	O
পোৱা	O
নাযায়	O
।	O

ব্ৰহ্মপুত্ৰৰ	B-LOC
উত্তৰ	O
পাৰেও	O
উত্তৰ	B-LOC
গুৱাহাটীৰ	I-LOC
ৰূপত	O
ইয়াৰ	O
লাহে	O
লাহে	O
পৰিবৰ্ধন	O
হৈছে	O
।	O

বঙাল	B-LOC
পুখুৰী	I-LOC
হৈছে	O
অসমৰ	B-LOC
যোৰহাট	B-LOC
জিলাত	O
অৱস্থিত	O
এটা	O
ঐতিহাসিক	O
পুখুৰী	O
।	O

পাহাৰৰ	O
ওপৰত	O
অৱস্থিত	O
টাইদা	B-LOC
এখন	O
উৎকৃষ্ট	O
পৰ্যটনস্থলী	O
।	O

আছে	O
চালাৰজং	O
,	O
সংগ্ৰহালয়	O
,	O
উচ্চ	O
ন্যায়ালয়	O
ভৱন	O
,	O
চাৰমিনাৰ	B-LOC
।	O

জন্মু	B-LOC
,	O
কাশ্মীৰ	B-LOC
আৰু	O
লাডাখ	B-LOC
।	O

হাফলং	B-LOC
স্বায়ত্ব	I-LOC
শাসিত	I-LOC
জিলা	O
ৰ	O
অন্তৰ্ভুক্ত	O
।	O

নৈসৰ্গিক	O
দৃশ্যৰাজিৰ	O
মাজেৰে	O
,	O
হিমালয়ৰ	B-LOC
সুউচ্চ	O
পাহাৰ	O
বগাই	O
ঝক	O
ঝক	O
শব্দ	O
কৰি	O
সেই	O
সুন্দৰ	O
ৰেলগাড়ীৰে	O
কৰা	O
ভ্ৰমণৰ	O
মাদকতাই	O
বেলেগ	O
।	O

সেই	O
সময়ত	O
তেওঁ	O
চিকাগোৰ	B-LOC
নিৱাসী	O
আছিল	O
।	O

আনহাতে	O
কেঁচাই	B-LOC
খাইতি	I-LOC
নাম	O
ইয়াৰ	O
উগ্ৰ	O
স্বভাৱ	O
আৰু	O
নৰবলি	O
প্ৰথাৰ	O
পৰা	O
আহিছে	O
বুলি	O
গণ্য	O
কৰা	O
হয়	O
।	O

কামৰূপত	B-LOC
ৰাজত্ব	O
কৰা	O
পৰৱৰ্তী	O
বৰ্মণ	O
,	O
শালস্তম্ভ	O
,	O
পাল	O
আদি	O
ৰাজবংশ	O
শৈৱপন্থী	O
আছিল	O
।	O

এই	O
বিষয়	O
আমি	O
ক্ষেত্ৰভিত্তিক	O
হুৱানোকো	B-LOC
আৰু	O
কুচকো	B-LOC
বুলি	O
ঠাই	O
দুখনত	O
অধ্যয়ন	O
কৰিছিলো	O
।	O

ডুবি	B-LOC
গাঁৱৰ	O
ওচৰেদি	O
পুষ্পভদ্ৰা	B-LOC
নামেৰে	O
এখন	O
নদী	O
বৈ	O
যোৱাৰ	O
চিন	O
পোৱা	O
যায়	O
।	O

অসমৰ	B-LOC
চাহ	O
উৎপাদনৰ	O
অন্যতম	O
স্থান	O
যোৰহাট	B-LOC
।	O

প্ৰকৃততে	O
এই	O
মদন	B-LOC
-	I-LOC
কমদেৱ	I-LOC
দেৱালয়	I-LOC
কেতিয়া	O
প্ৰতিষ্ঠিত	O
হয়	O
তাক	O
সঠিককৈ	O
কবপৰা	O
নাযায়	O
।	O

নিয়ৰ্কলৈ	B-LOC
৭	O
ঘন্টা	O
আমি	O
উৰিব	O
লাগিব	O
।	O

অশ্বক্লান্ত	B-LOC
বা	O
অশ্বক্ৰান্তও	B-LOC
গুৱাহাটীৰ	B-LOC
উত্তৰ	O
পাৰৰ	O
অন্যতম	O
আকৰ্ষণীয়	O
স্থান	O
।	O

বিস্তীৰ্ণ	O
শিলাময়	O
পৰ্বতমালা	O
,	O
খৰস্ৰোতা	O
জলপ্ৰপাত	O
আৰু	O
তাৰ	O
উপত্যকা	O
অঞ্চল	O
,	O
বৰফবৃত্ত	O
হেলনীয়া	O
ঠাইসমূহে	O
লাডাখক	B-LOC
ৰোমাঞ্চকৰ	O
অলেখ	O
উপাদান	O
দান	O
কৰিছে	O
।	O

মনৰ	O
আকুৱ	O
আৱেদনত	O
যাত্ৰা	O
কৰিছিলোঁ	O
জন্মু	B-LOC
আৰু	I-LOC
কাশ্মীৰলৈ	I-LOC
।	O

তেজপুৰ	B-LOC
কলা	O
,	O
সংস্কৃতি	O
,	O
সাহিত্য	O
আৰু	O
প্ৰাকৃতিক	O
সম্পদৰ	O
ফালৰ	O
পৰা	O
অতি	O
মনমোহা	O
নগৰ	O
।	O

ঠিকনা	O
-	O
ম'হবল	B-LOC
গাঁও	O
,	O
বৰদৈবাম	B-LOC
,	O
উত্তৰ	B-LOC
লক্ষীমপুৰ	I-LOC
।	O

কূৰ্মজনাৰ্দৰ	B-LOC
লগত	O
নামঘৰ	O
এটা	O
আৰু	O
১২টা	O
অংগমঠ	O
আছে	O
।	O

অসমৰ	B-LOC
শোণিতপুৰ	B-LOC
জিলাৰ	O
তেজপুৰ	B-LOC
নগৰৰ	O
এখন	O
ঐতিহাসিক	O
উদ্যান	O
।	O

হৰি	B-LOC
দ্বাৰৰ	I-LOC
আধ্যাত্মিক	O
পৰিবেশে	O
মন	O
পবিত্ৰ	O
আৰু	O
প্ৰফুল্ল	O
কৰি	O
তুলিছিল	O
।	O

অসমৰ	B-LOC
পুৰাতত্ত্ব	O
আৰু	O
ইতিহাস	O
,	O
এই	O
দেৱালয়খনৰ	O
সৈতে	O
গভীৰভাৱে	O
প্ৰযুক্ত	O
আৰু	O
ই	O
অসমৰ	B-LOC
এক	O
গৌৰৱময়	O
কীৰ্তিস্তম্ভ	O
।	O

এই	O
ৰে'লখন	O
প্ৰায়ে	O
কলি	B-LOC
আইৰ	I-LOC
থানৰ	I-LOC
বৰ্তমান	O
স্থানত	O
বিকল	O
গৈছিল	O
।	O

কিন্তু	O
এতিয়াও	O
যদি	O
এইবোৰ	O
ঠাইৰ	O
কোনোবা	O
এখনত	O
পুৰনৰ	O
ভ্ৰমণ	O
কৰা	O
হেঁপাহ	O
জাগে	O
,	O
সেইখন	O
হ'ল	O
ছিমলা	B-LOC
।	O

এনে	O
নিকৰুণ	O
অতীতক	O
লৈয়ে	O
মাজুলী	B-LOC
এতিয়াও	O
মাজুলী	B-LOC
হৈয়ে	O
আছে	O
।	O

ভৈৰৱীৰ	B-LOC
পৰা	O
দিকৰাই	B-LOC
পৰ্য্যন্ত	O
সৌমাৰ	O
পীঠতেই	O
নন্দিকেশ্বৰ	B-LOC
অৱস্থিত	O
।	O

অকয়া	B-LOC
সত্ৰ	I-LOC
বামচাৰ	O
মাৰ্গৰ	O
কেন্দ্ৰ	O
আছিল	O
এই	O
মহাপুৰুষীয়া	O
ডাঙৰ	O
সত্ৰখন	O
।	O

ডিমা	B-LOC
-	I-LOC
হাছাও	I-LOC
জিলাৰ	O
মুঠ	O
পথৰ	O
দৈৰ্ঘ্য	O
১৬২৩.৩৮৫	O
কি.	O
মি.	O
।	O

কতা	O
-	O
বতৰাৰ	O
পপৰা	O
গম	O
পালোঁ	O
তেওঁ	O
এতিয়া	O
গুৱাহাটীৰ	B-LOC
পুলিচ	O
অধীক্ষকৰ	O
অফিচত	O
কেৰাণী	O
কাম	O
কৰে	O
।	O

চক্ৰশিলা	B-LOC
অভয়াৰণ্যত	I-LOC
বিভিন্ন	O
প্ৰকাৰৰ	O
স্তন্যপায়ীৰ	O
উপৰিও	O
২৫০ৰ	O
অধিক	O
পক্ষীৰ	O
প্ৰজাতি	O
,	O
২৩	O
প্ৰকাৰৰ	O
সৰিসৃপ	O
আৰু	O
৪০টা	O
প্ৰজাতিতকৈয়ো	O
অধিক	O
পখিলা	O
দেখা	O
যায়	O
।	O

ই	O
শিলঘাট	B-LOC
আৰু	O
জখলাবন্ধাৰ	B-LOC
নিচেই	O
কাষত	O
অৱস্থিত	O
।	O

কিন্তু	O
অসমৰ	B-LOC
এক	O
জাতীয়	O
সম্পদ	O
এই	O
বিখ্যাত	O
শিক্ষা	O
প্ৰতিষ্ঠানটিৰ	O
মজিয়ালৈ	O
লৈ	O
যাব	O
পৰা	O
বাবে	O
নিজকে	O
ধন্য	O
মানিলো	O
।	O

ইয়াত	O
থকা	O
নাইন	O
হ'ল	O
গ'ল্ফ	O
ক'ৰ্ছ	O
এছিয়াৰ	B-LOC
আটাইতকৈ	O
পুৰণি	O
গ'ল্ফ	O
ক'ছ	O
আৰু	O
বিশ্বৰ	O
ভিতৰত	O
তৃতীয়	O
সৰ্বোচ্চ	O
পুৰণি	O
।	O

এই	O
অভয়াৰণ্যৰ	O
১১০	O
বৰ্গ	O
কি:মি:ক	O
নামেৰী	B-LOC
ব্যাঘ্ৰ	I-LOC
সংৰক্ষিত	I-LOC
বনাঞ্চলৰ	I-LOC
ছেটেেলাইট	O
ক'ৰ	O
হিচাপে	O
স্বীকৃতি	O
দিয়া	O
হৈছে	O
।	O

পৰিহৰেশ্বৰ	B-LOC
দেৱালয়ত	I-LOC
পূৰ্ব	O
-	O
প্ৰচলিত	O
ৰজাদিনীয়া	O
ভূমি	O
নীতিৰ	O
ব্যৱস্থা	O
স্বাধীনতাৰ	O
পূৰ্বোত্তৰ	O
কালত	O
সলনি	O
হয়	O
।	O

পৱিত্ৰ	O
কামৰূপ	B-LOC
অঞ্চলৰ	O
পাপী	O
সকলো	O
নৰকলৈ	O
যোৱাৰ	O
পৰা	O
বিৰত	O
আছিল	O
।	O

তিৰুচানুৰ	B-LOC
অন্য	O
আকৰ্ষণসমূহ	O
হ'ল	O
শ্ৰীকৃষ্ণস্বামী	B-LOC
মন্দিৰ	I-LOC
,	O
শ্ৰীসুন্দৰা	B-LOC
ৰাজাবাস্বামীবাৰী	I-LOC
মন্দিৰ	I-LOC
আৰু	O
শ্ৰীসূৰ্যনাৰায়ণ	B-LOC
স্বামীবাৰী	I-LOC
মন্দিৰ	I-LOC
।	O

থানখনৰ	O
কথা	O
নেপালত	B-LOC
কেনেকৈ	O
ইমান	O
প্ৰসিদ্ধ	O
হ'ল	O
ইয়াৰ	O
বিৱৰণ	O
ক'তো	O
পোৱা	O
নাযায়	O
।	O

ভূটানৰ	B-LOC
এখন	O
সৰু	O
চহৰ	O
পানৱংগ	B-LOC
ৰ	O
দূৰত্ব	O
মথনগুৰিৰ	B-LOC
পৰা	O
মাত্ৰ	O
১২	O
কিলোমিটাৰ	O
।	O

তাইক	O
আমি	O
প্ৰশান্ত	B-LOC
মহাসাগৰ	I-LOC
চোৱাৰ	O
কথা	O
ক'লো	O
।	O

দেৱীপীঠৰ	B-LOC
পৰা	O
অনা	O
এই	O
ৰক্তবস্ত্ৰ	O
শৰীৰত	O
ধাৰণ	O
কৰিলে	O
অভীষ্ট	O
সিদ্ধি	O
হোৱাৰ	O
সম্ভাৱনা	O
প্ৰবল	O
।	O

ই	O
৩৭	B-LOC
নং	I-LOC
ৰাষ্ট্ৰীয়	I-LOC
ঘাইপথৰ	I-LOC
পৰা	O
প্ৰায়	O
৩.৫	O
কি:মি:	O
দূৰৰ	O
ঢেকীয়াখোৱা	B-LOC
গাঁৱত	I-LOC
অৱস্থিত	O
।	O

প্ৰাচীন	O
প্ৰাগজ্যোতিষপুৰ	B-LOC
আছিল	O
কামৰূপ	B-LOC
ৰাজ্যৰ	O
ৰাজধানী	O
।	O

সম্পূৰ্ণ	O
মাৰ্বলেৰে	O
তৈয়াৰী	O
দৰগাহটো	O
সন্ধিয়া	O
যেতিয়া	O
নানা	O
ৰঙৰ	O
টিপ	O
-	O
টিপ	O
টাইটবোৰ	O
জ্বলি	O
উটিছিল	O
,	O
তেতিয়া	O
যেন	O
সমস্ত	O
শ্ৰীনগৰ	B-LOC
চহৰখনৰ	O
সৌন্দৰ্যখিনি	O
ইযাত	O
গোট	O
খাইছিল	O
-	O
এনে	O
ভাব	O
হৈছিল	O
।	O

ওলাই	O
আহি	O
দেখিলো	O
দিল্লীৰ	B-LOC
আন্তৰ্জতিক	O
বিমান	O
বন্দৰত	O
অ'ত	O
ত'ত	O
কাগজৰ	O
টুকুৰা	O
,	O
পানীৰ	O
বটল	O
।	O

বিদেশৰো	O
ইংলেণ্ড	B-LOC
,	O
জাৰ্মানী	B-LOC
,	O
ফ্ৰান্স	B-LOC
,	O
নেদাৰলেণ্ড	B-LOC
,	O
ছুইজাৰলেণ্ড	B-LOC
,	O
বেলজিয়াম	B-LOC
আদি	O
ঠাইৰ	O
কিঞ্চিত	O
সোৱাদ	O
লৈছোঁ	O
।	O

অন্ধ্ৰ	B-LOC
প্ৰদেশৰ	I-LOC
বিশাখাপট্টনম	B-LOC
এখন	O
অতি	O
বস্ময়কৰ	O
আৰু	O
আকৰ্ষণীয়	O
ঠাই	O
।	O

ই	O
নগাওঁ	B-LOC
জিলাৰ	O
কামপুৰ	B-LOC
নগৰৰ	O
পৰা	O
প্ৰায়	O
১২	O
কি:মি:	O
দক্ষিণে	O
মাধৱপাৰা	B-LOC
পাহাৰৰ	I-LOC
ওচৰত	O
লাংপি	B-LOC
,	O
চীনা	B-LOC
বা	O
বৰাপানী	B-LOC
নদীৰ	I-LOC
পাৰত	O
অৱস্থিত	O
।	O

পৰিহৰেশ্বৰ	B-LOC
দেৱালয়ৰ	I-LOC
বিগ্ৰহ	O
খোদিত	O
অঞ্চল	O
দুৰ্বলা	O
নামৰ	O
এখন	O
সৰু	O
পাহাৰেৰে	O
আবৃত	O
আছিল	O
।	O

জাৰকালি	O
পূৰ্ববংগীয়	B-LOC
মূলৰ	O
প্ৰিয়	O
এবিধ	O
ব্যঞ্জক	O
হ'ল	O
(	O
পুৱাৰ	O
সাঁজৰ	O
বাবে	O
)	O
ৰাতিয়ে	O
ৰান্ধি	O
থোৱা	O
জাতিলাউ	O
শ'ল	O
মাছ	O
,	O
মূলা	O
বৰালি	O
মাছৰ	O
আঞ্জা	O
বা	O
খেচাৰি	O
মটৰ	O
শাকেৰে	O
গৰৈ	O
মাছৰ	O
পিঠালু	O
।	O

সেয়েহে	O
এই	O
মন্দিৰটোৰ	O
পৌৰাণিক	O
নাম	O
গোপাদ্ৰী	B-LOC
আছিল	O
।	O

মাজুলীক	B-LOC
সত্ৰীয়া	O
সংস্কৃতিৰ	O
পীঠস্থান	O
বুলি	O
কোৱা	O
হয়	O
,	O
কাৰণ	O
মাজুলীত	B-LOC
থকা	O
সত্ৰসমূহৰ	O
জৰিয়তে	O
এক	O
সাংস্কৃতিক	O
পৰিবেশ	O
বিৰাজমান	O
হৈ	O
আছে	O
।	O

টিলিঙা	B-LOC
মন্দিৰৰ	I-LOC
ইতিহাস	O
বৰ	O
বেছি	O
পুৰণি	O
নহয়	O
।	O

মদন	B-LOC
কামদেৱো	I-LOC
কামৰূপ	B-LOC
নগৰীৰে	O
এটা	O
অংশ	O
আছিল	O
।	O

জগন্নাথ	B-LOC
মন্দিৰ	I-LOC
হিন্দু	O
ধৰ্মাৱলম্বী	O
লোকসকলৰ	O
পৱিত্ৰ	O
উপাসনাস্থল	O
।	O

ব্ৰহ্মপুত্ৰৰ	B-LOC
পাৰৰ	O
টিলা	O
এটাৰ	O
শিল	O
কিছুমানত	O
ঘোঁৰাৰ	O
খুৰাৰ	O
দৰে	O
চিন	O
দেখা	O
যায়	O
।	O

বিল্বেশ্বৰ	B-LOC
দেৱালয়	I-LOC
অসমৰ	B-LOC
নলবাৰী	B-LOC
জিলাৰ	O
এটা	O
অতি	O
পুৰণি	O
মন্দিৰ	O
।	O

হায়দৰাবাদ	B-LOC
,	O
চেন্নাই	B-LOC
,	O
কলকাতা	B-LOC
,	O
নতুন	B-LOC
দিল্লী	I-LOC
আৰু	O
ভূৱনেশ্বৰৰ	B-LOC
পৰা	O
বিমানৰ	O
জৰিয়তে	O
বিশাখাপট্টনমলৈ	B-LOC
যাব	O
পাৰি	O
।	O

কলম্বোৰ	B-LOC
গাড়ীৰ	O
দোকান	O
আৰু	O
গেৰেজবোৰত	O
ভূমুকি	O
মাৰিছিলোঁ	O
।	O

এই	O
উদ্যোগবোৰত	O
ঘূৰি	O
আহি	O
জলন্ধৰৰ	B-LOC
হৰি	B-LOC
দ্বাৰ	I-LOC
(	O
গুৰু	O
মন্দিৰত	O
)	O
প্ৰৱেশ	O
কৰি	O
সন্ধিয়া	O
ভক্তিসংগীত	O
শুনিলো	O
।	O

সুন্দৰীদিয়া	B-LOC
সত্ৰলৈ	I-LOC
যাতায়াতৰ	O
বাবে	O
কেৱল	O
পথ	O
পৰিবহনৰ	O
ব্যৱস্থা	O
আছে	O
।	O

নাগালেণ্ড	B-LOC
অন্তৰ্গত	O
বৰাক	B-LOC
পৰ্বতমালাৰ	I-LOC
পশ্চিমফাললৈ	O
আগবাঢ়ি	O
অহা	O
অংশ্ই	O
বৰাইল	B-LOC
পৰ্বতমালা	I-LOC
।	O

নামেৰী	B-LOC
ৰাষ্ট্ৰীয়	I-LOC
উদ্যানৰ	I-LOC
উত্তৰ	O
-	O
পূবে	O
অৰুণাচল	B-LOC
প্ৰদেশৰ	I-LOC
পাকে	B-LOC
সংৰক্ষিত	I-LOC
বনাঞ্চল	I-LOC
তথা	O
পাকে	B-LOC
ব্যাঘ্ৰ	I-LOC
প্ৰকল্প	I-LOC
।	O

কিন্তু	O
ব্ৰহ্মপুত্ৰৰ	B-LOC
মাজ	O
পাওতে	O
বুকুখন	O
কপি	O
উঠিছিল	O
।	O

এই	O
সময়ৰ	O
বিভিন্ন	O
ধ্বংসাৱশেষ	O
এতিয়াও	O
মাইবঙৰ	B-LOC
বিভিন্ন	O
অঞ্চলত	O
দেখিবলৈ	O
পোৱা	O
যায়	O
।	O

তদুপৰি	O
৯	O
বিধ	O
অন্য	O
অৰ্কিড	O
যেনে	O
বুলব'ফাইলাম	O
ইবুলবাম	O
,	O
চাৰ'সোগ্ল'চাম	O
ইৰাটিকাম	O
,	O
চি.	O
ৰোবিনচোনী	O
,	O
এৰিয়া	O
কোনাটে	O
,	O
ই.	O
পুডিকা	O
,	O
হেটেৰিয়া	O
এফিনিচ্‌	O
,	O
থেলাচিচ	O
প্যিগমিয়া	O
,	O
টানিয়ফাইলাম	O
ক্ৰেপিডিফৰ্ম	O
আৰু	O
যেউজিন	O
ক্লেনডেছ্‌টাইন	O
অসমত	B-LOC
প্ৰথমবাৰৰ	O
বাবে	O
পোৱা	O
গৈছে	O
।	O

সমুদ্ৰপৃষ্ঠৰ	O
পৰা	O
৩৩৯৯	O
মিঃ	O
উচ্চতাৰ	O
অৱসিথত	O
কুচকো	B-LOC
পৃথিৱীৰ	O
অন্যতম	O
উচ্চতম	O
চহৰ	O
।	O

বেঁকীৰ	B-LOC
খহনীয়াই	O
কি	O
ৰূপ	O
লৈছে	O
সেয়া	O
দেখিলেহে	O
অনুভৱ	O
কৰিব	O
পাৰি	O
।	O

নগৰৰ	O
পৰা	O
ক্লাবলৈ	O
যোৱা	O
পথটো	O
ব্ৰিটিছৰ	O
দ্বাৰা	O
নিৰ্মিত	O
যোৰহাটৰ	B-LOC
প্ৰথম	O
পকী	O
পথ	O
।	O

আমি	O
আহি	O
আয়াৰলেণ্ডৰ	B-LOC
প্লেনত	O
উঠিলোঁ	O
।	O

মাজুলীৰ	B-LOC
জলবায়ু	O
সাধাৰণতে	O
গৰম	O
আৰু	O
সেমেকা	O
।	O

সেয়েহে	O
সেই	O
দুটা	O
দিনত	O
অসমৰ	B-LOC
চাৰিওফালৰ	O
পৰা	O
অহা	O
ভক্তসকলে	O
ধূপ	O
,	O
চাকি	O
,	O
নৈবেদ্য	O
আদি	O
লৈ	O
পূজা	O
কৰিব	O
আহি	O
ভিৰ	O
কৰা	O
দেখা	O
যায়	O
।	O

শিৱসাগৰ	B-LOC
নামটো	O
নগৰখনত	O
থকা	O
শিৱসাগৰ	B-LOC
পুখুৰীৰ	I-LOC
পৰাই	O
উৎপত্তি	O
হৈছে	O
।	O

বিমানবন্দৰৰ	O
পৰা	O
ওলাই	O
আহিয়েই	O
মোৰ	O
অপূৰ্ব	O
সুন্দৰ	O
ওমানৰ	B-LOC
প্ৰাকৃতিক	O
পৰিৱেশ	O
দৃষ্টিগোচৰ	O
হয়	O
।	O

ইয়াৰ	O
ভিতৰত	O
কেইখনমান	O
গুৰুত্বপূৰ্ণ	O
সত্ৰ	O
হ'ল	O
গড়মূৰ	B-LOC
,	O
আউনীআটি	B-LOC
,	O
দক্ষিণাপাট	B-LOC
,	O
কমলাবাৰী	B-LOC
আৰু	O
বেঙেনাআটি	B-LOC
সত্ৰ	O
।	O

ভোগদৈ	B-LOC
নদীৰ	I-LOC
ক্ৰমে	O
পূব	O
আৰু	O
পশ্চিমফালে	O
থকা	O
চকীহাট	B-LOC
আৰু	O
মাছৰহাট	B-LOC
নামৰ	O
বজাৰ	O
দুখনৰ	O
পৰাই	O
চহৰখনৰ	O
নাম	O
যোৰহাট	B-LOC
হয়	O
।	O

আৰব	B-LOC
সাগৰৰ	I-LOC
উপকূলৰৰ্তী	O
এই	O
বৃহৎ	O
পৰ্যটনস্থলী	O
বিশ্বৰে	O
অন্যতম	O
জনপ্ৰিয়	O
পৰ্যটনস্থলী	O
হিচাপে	O
চিহ্নিত	O
হৈছে	O
।	O

যোৰহাট	B-LOC
চহৰ	O
যোৰহাট	B-LOC
ৰ	O
অন্তৰ্গত	O
।	O

নাগাৰহোল	B-LOC
নেচনেল	I-LOC
পাৰ্কখনো	I-LOC
আপোনাৰ	O
পৰিভ্ৰমণ	O
কালৰ	O
অন্যতম	O
দৰ্শনীয়	O
স্থান	O
।	O

আমি	O
আহি	O
বেউফাষ্ট	B-LOC
নামৰ	O
গাঁওখনত	O
নামিলোঁহি	O
।	O

এই	O
মন্দিৰৰ	O
পিছফালে	O
যোৰপুখুৰী	B-LOC
নামৰ	O
এটা	O
পুখুৰী	O
আছে	O
।	O

এই	O
সুঁতিটোক	O
পুষ্পভদ্ৰা	B-LOC
নামে	O
জনা	O
গৈছিল	O
।	O

বাশবাৰী	B-LOC
ৰেঞ্জৰ	O
প্ৰবেশ	O
পথৰ	O
ঘাঁহনিত	O
ময়ূৰৰ	O
চালি	O
ধৰা	O
দৃশ্যই	O
যিকোনো	O
পৰ্যটকক	O
আকৰ্ষিত	O
কৰে	O
।	O

হাতীমূৰা	B-LOC
মন্দিৰ	I-LOC
অসমৰ	B-LOC
নগাঁও	B-LOC
জিলাৰ	O
কলিয়াবৰ	B-LOC
মহকুমাৰ	O
শিলঘাটৰ	B-LOC
ওচৰৰ	O
হাতীমূৰা	B-LOC
পাহাৰত	I-LOC
অৱস্থিত	O
এখন	O
ঐতিহাসিক	O
মন্দিৰ	O
।	O

ইয়াক	O
জয়সাগৰৰ	B-LOC
বৰদৌল	O
বুলিও	O
জনা	O
যায়	O
।	O

এই	O
টিলাটো	O
ডলফিনৰ	O
নাকটোৰ	O
দৰে	O
হোৱাৰ	O
বাবে	O
টাইখনক	O
ডলফিন	B-LOC
নোজ	I-LOC
বোলে	O
।	O

নামবৰ	B-LOC
-	I-LOC
দৈগ্ৰুং	I-LOC
অভয়াৰণ্য	I-LOC
অসমৰ	B-LOC
গোলাঘাট	B-LOC
জিলাত	O
অৱস্থিত	O
এখন	O
বন্যপ্ৰাণী	O
অভয়াৰণ্য	O
।	O

এই	O
সংযোজনে	O
বন্যপ্ৰাণীৰ	O
বাবে	O
আৱাসিক	O
পৰিসৰ	O
বঢ়োৱা	O
উপৰিও	O
কাৰ্বিআংলং	B-LOC
পাহাৰলৈ	O
বন্য	O
জন্তুৰ	O
অহা	O
-	O
যোৱাৰ	O
বাবে	O
নিৰাপদ	O
বাট	O
উলিয়াই	O
দিছে	O
।	O

জয়দৌলৰ	B-LOC
দক্ষিণ	O
পাৰত	O
অৱস্থিত	O
পঁকী	O
ঘৰটো	O
ভোগ	O
ঘৰ	O
।	O

প্ৰথমটো	O
কিম্বদন্তি	O
অনুসৰি	O
পুৰণি	O
কালত	O
মায়ং	B-LOC
ৰাজ্য	O
নামে	O
এখন	O
ৰাজ্য	O
আছিল	O
।	O

আগোণ্ডা	B-LOC
তালগছেৰে	O
ভৰপূৰ	O
আৰু	O
দক্ষিণ	O
ফালৰ	O
পাহাৰে	O
আগুৰি	O
ৰখা	O
এটুকুৰা	O
অতি	O
শান্ত	O
আৰু	O
সুন্দৰ	O
ঠাই	O
।	O

নামবৰ	B-LOC
-	I-LOC
দৈগ্ৰুং	I-LOC
অভয়াৰণ্যৰ	I-LOC
মাটিকালি	O
প্ৰায়	O
৯৭.১৫	O
কিলোমিটাৰ	O
।	O

ধেমাজী	B-LOC
জিলাৰ	O
১১.২৪	O
বৰ্গ	O
কি:মি:	O
এলেকাৰ	O
বৰদৈবাম	B-LOC
বিলমুখ	I-LOC
পক্ষী	I-LOC
অভয়াৰণ্যখনত	I-LOC
বিভিন্ন	O
প্ৰজাতিৰ	O
পক্ষী	O
পোৱা	O
যায়	O
।	O

প্ৰথমখন	O
গোলকোণ্ডাৰ	B-LOC
পৰা	O
লংগাৰ	B-LOC
ৰোডলৈ	I-LOC
পিছৰখন	O
লংগাৰ	B-LOC
ৰোডৰপৰা	I-LOC
পুৰাণ	B-LOC
আৰু	O
তৃতীয়খনেৰে	O
পুৰাণ	B-LOC
পুনৰ	I-LOC
পৰা	O
চাৰমিনাৰ	B-LOC
পাব	O
পাৰি	O
।	O

পেৰু	B-LOC
আৰু	O
ভাৰতৰ	B-LOC
জনস্বাসথ্যলৈ	O
বহু	O
সময়	O
ধৰি	O
আমি	O
আলোচনা	O
কৰিলো	O
।	O

কামৰুপত	B-LOC
গুৰুজনাই	O
ক্ষেত্ৰীৰ	B-LOC
ওচৰৰ	O
কাপনা	B-LOC
,	O
টপাবাৰী	B-LOC
আদি	O
ঠাইত	O
সত্ৰ	O
থান	O
প্ৰতিষ্ঠা	O
কৰি	O
বৰপেটাৰ	B-LOC
চিনপৰাত	B-LOC
উঠেহি	O
।	O

উমৰাংছু	B-LOC
অসমৰ	B-LOC
ডিমা	B-LOC
হাছাও	I-LOC
জিলাৰ	O
এখন	O
সৰু	O
চহৰ	O
।	O

লখিমপুৰ	B-LOC
জিলাৰ	O
বিহপুৰীয়া	B-LOC
হৈ	O
মাজুলীলৈ	B-LOC
যাব	O
পৰা	O
আন	O
এটা	O
বাট	O
আছে	O
।	O

দেওপাহাৰৰ	B-LOC
নুমলীগড়	B-LOC
শোধনাগাৰৰ	I-LOC
পৰা	O
৫	O
কিলোমিটাৰ	O
,	O
কাজিৰঙা	B-LOC
ৰাষ্ট্ৰীয়	I-LOC
উদ্যানৰ	I-LOC
পৰা	O
৬১.৮	O
কিলোমিটাৰ	O
আৰু	O
গুৱাহাটীৰ	B-LOC
পৰা	O
প্ৰায	O
২৫৫	O
কিলোমিটাৰ	O
দূৰত্বত	O
অৱস্থিত	O
।	O

বুঢ়া	B-LOC
-	I-LOC
চাপৰি	I-LOC
বনাঞ্চৰ	I-LOC
জৈৱবৈচিত্ৰ্য	O
খুবেই	O
চহকী	O
।	O

জনস্বাস্থ্য	O
গৱেষণা	O
আৰু	O
প্ৰশিক্ষণ	O
এই	O
বিষয়ত	O
তেওঁলোকো	O
পেৰু	B-LOC
,	O
আফগানিস্তান	B-LOC
,	O
ভাৰত	B-LOC
,	O
নেপাল	B-LOC
আৰু	O
তিব্বতত	B-LOC
কাম	O
কৰি	O
আছে	O
।	O

প্ৰতি	O
বছৰে	O
অসম	B-LOC
তথা	O
ভাৰতৰ	B-LOC
পৰা	O
ইয়ালৈ	O
তীৰ্থযাত্ৰীৰ	O
আগমন	O
হয়	O
।	O

জয়সাগৰৰ	B-LOC
পৰা	O
৪	O
কি:মি:	O
পূবে	O
বগীদ'ল	B-LOC
অৱস্থিত	O
।	O

বৰ্তমান	O
ইয়াৰ	O
এখন	O
শাখাসত্ৰ	O
যোৰহাট	B-LOC
জিলাৰ	O
টীয়কৰ	B-LOC
চটাইত	B-LOC
স্থাপন	O
কৰা	O
হৈছে	O
।	O

হোলোঙাপাৰ	B-LOC
গিবন	I-LOC
অভয়াৰণ্যত	I-LOC
ভাৰতৰ	B-LOC
একমাত্ৰ	O
গিবন	O
হলৌ	O
বান্দৰ	O
আৰু	O
উত্তৰ	B-LOC
-	I-LOC
পূব	I-LOC
ভাৰতৰ	I-LOC
একমাত্ৰ	O
নিশাচৰ	O
প্ৰাইমেট	O
লাজুকী	O
বান্দৰ	O
পোৱা	O
যায়	O
।	O

প্ৰশান্ত	B-LOC
মহাসাগৰ	I-LOC
চাবলৈ	O
যাম	O
।	O

বিদেশৰ	O
পৰা	O
নতুন	O
আৰু	O
পানীৰ	O
দামত	O
কিনি	O
পেলনীয়া	O
গাড়ীবোৰ	O
জাহাজ	O
ভৰ্তি	O
কৰি	O
শ্ৰীলংকালৈ	B-LOC
অনা	O
হয়	O
।	O

ৰাতি	O
এঘাৰ	O
বজাত	O
নিউইয়ৰ্কলৈ	B-LOC
আমাৰ	O
বিমান	O
।	O

তেওঁলোকে	O
গেট	O
অৱ	O
অ'নাৰ	O
ৰূপে	O
ব্ৰিটিছ	O
স্থাপত্যৰ	O
আৰ্হিৰে	O
এখন	O
তোৰণ	O
নিৰ্মাণৰ	O
সিদ্ধান্ত	O
লয়	O
আৰু	O
বহু	O
বিচাৰ	O
আৰু	O
আলোচনাৰ	O
অন্তত	O
শুক্ৰেশ্বৰ	B-LOC
দেৱালয়ৰ	I-LOC
দাঁতিত	O
ইয়াক	O
নিৰ্মাণৰ	O
প্ৰস্তুতি	O
আৰম্ভ	O
কৰে	O
।	O

গাৱত	O
থকা	O
কাদেউতাকহঁতৰ	O
ঘৰত	O
বৰদিন	O
উদ্‌য়াপন	O
কৰি	O
আজি	O
তাই	O
মেচুকাত	B-LOC
থকা	O
নিজৰ	O
ঘৰলৈ	O
খোজকাঢ়ি	O
আহি	O
আছিল	O
।	O

বিশেষকৈ	O
কাৱেৰী	B-LOC
নদীৰ	I-LOC
জলস্ৰোতে	O
আপোনাৰ	O
ৰিভাৰ	O
ৰাফটিঙৰ	O
হাবিয়াস	O
পূৰ্ণ	O
কৰিব	O
।	O

কিছুলোকৰ	O
মতে	O
সেই	O
ঠাইডোখৰত	O
কুমাৰ	O
,	O
হীৰা	O
সম্প্ৰদায়ৰ	O
লোকে	O
বাস	O
কৰাৰ	O
বাবে	O
এই	O
ঠাইডোখৰৰ	O
নাম	O
কমাৰকুছি	B-LOC
নামে	O
জনাজাত	O
।	O

এই	O
জলমগ্ন	O
অঞ্চলে	O
অৰণ্যখনক	O
তিনিটা	O
ক্ষুদ্ৰ	O
পৰিবেশ	O
ক্ষেত্ৰত	O
বিভক্ত	O
কৰিছে	O
-	O
উজনি	B-LOC
-	I-LOC
হেলনীয়া	I-LOC
ক্ষেত্ৰ	I-LOC
,	O
নামনি	B-LOC
-	I-LOC
হেলনীয়া	I-LOC
ক্ষেত্ৰ	I-LOC
আৰু	O
বানপানী	B-LOC
-	I-LOC
সম্ভাৱনাময়	I-LOC
ক্ষেত্ৰ	I-LOC
।	O

বামুণী	B-LOC
পাহাৰ	I-LOC
,	O
তাৰ	O
ওচৰতে	O
থকা	O
লুথেৰান	B-LOC
চাৰ্চত	I-LOC
থকা	O
টিলাটো	O
আৰু	O
ভৈৰৱী	B-LOC
মন্দিৰক	I-LOC
সামৰি	O
মুঠতে	O
সাতটা	O
মন্দিৰ	O
আছিল	O
বুলি	O
জনা	O
যায়	O
।	O

হাফলঙৰ	B-LOC
পৰা	O
পকীপথেৰে	O
লামডিঙৰ	B-LOC
লগতো	O
যোগাযোগ	O
আছে	O
।	O

পুৱাৰ	O
ভাগত	O
এই	O
মন্দিৰ	O
দৰ্শন	O
কৰি	O
আমি	O
আগবাঢ়িছিলো	O
চেশমা	B-LOC
-	I-LOC
শ্বাহীৰ	I-LOC
ফালে	O
।	O

ৰোমাঞ্চকৰ	O
ক্ৰীড়াপ্ৰেমীসকলৰ	O
কাৰণে	O
লাডাখ	B-LOC
এখ	O
প্ৰকাৰ	O
স্বৰ্গস্বৰূপ	O
।	O

যি	O
নেকি	O
ভাৰত	B-LOC
,	O
ভূটান	B-LOC
সীমাৰ	O
মানস	B-LOC
ৰাষ্ট্ৰীয়	I-LOC
উদ্যানৰ	I-LOC
পশ্চিম	O
সীমাক	O
নিৰ্দেশ	O
কৰে	O
।	O

এই	O
পদ্ধতিতো	O
পেৰুত	B-LOC
যিদৰে	O
ফলপ্ৰসূ	O
হৈছে	O
বা	O
জনগণে	O
আদৰি	O
লৈছে	O
ভাৰতবৰ্ষত	B-LOC
তেনেদৰে	O
কেতিয়াও	O
ফলৱৰ্তী	O
নহয়	O
।	O

শিৱসাগৰৰ	B-LOC
পৰা	O
ৰাতিপুৱা	O
৬	O
বজাতে	O
যাত্ৰ	O
আৰম্ভ	O
কৰিছিলো	O
গুৱাহাটী	B-LOC
আভিমুখে	O
।	O

টুকুৰা	O
শব্দৰ	O
পৰাই	O
এই	O
পীঠস্থানৰ	O
নাম	O
টুক্ৰেশ্বৰী	B-LOC
হ'ল	O
বুলি	O
জনশ্ৰুতিয়ে	O
কয়	O
।	O

প্ৰথম	O
অভিজ্ঞতাই	O
চুইজাৰলেণ্ডখনৰ	B-LOC
প্ৰতি	O
এটা	O
ভাল	O
ভাব	O
হ'ল	O
।	O

হাজাৰ	O
হাজাৰ	O
বছৰ	O
আগেয়	O
এই	O
সুসভ্য	O
জাতিটোৱে	O
পেৰু	B-LOC
,	O
ইকোৱাদৰ	B-LOC
,	O
বলিভিয়া	B-LOC
আৰু	O
আজেণ্টিনাৰ	B-LOC
উত্তৰাংশত	O
এক	O
সভ্যতা	O
গঢ়ি	O
তুলিছিল	O
।	O

মাজুলীৰ	B-LOC
লগত	O
যোগাযোগৰ	O
একমাত্ৰ	O
ব্যৱস্থা	O
হ'ল	O
ফেৰী	O
সেৱা	O
।	O

হজৰপৰাই	O
হাজো	B-LOC
নাম	O
হোৱা	O
বুলিও	O
কিছুমানে	O
দাবী	O
কৰে	O
।	O

ইউৰোপ	B-LOC
ভ্ৰমণৰ	O
দিনটো	O
আগুৱাব	O
পাৰি	O
নেকি	O
চেষ্টা	O
কৰিলোঁ	O
।	O

শিৱসাগৰৰ	B-LOC
গড়	O
সাক্ষৰতাৰ	O
হাৰ	O
হ'ল	O
৮০.৪১%	O
।	O

তদুপৰি	O
জীয়াভৰলীৰ	B-LOC
উপনৈ	O
দিজি	B-LOC
,	O
দিনাই	B-LOC
,	O
দইগুৰুং	B-LOC
,	O
নামেৰি	B-LOC
,	O
দিকৰাই	B-LOC
ইত্যাদিও	O
এই	O
ৰাষ্ট্ৰীয়	O
উদ্যানখনৰ	O
মাজেদি	O
বৈ	O
গৈছে	O
।	O

গড়ৰ	O
দক্ষিণ	O
পূব	O
চুকটো	O
মাঘনোৱা	B-LOC
বিলত	I-LOC
লাগিছে	O
।	O

বনৰীয়া	O
পানী	O
ম'হ	O
ৰ	O
অন্যতম	O
প্ৰধান	O
আশ্ৰয়স্থলী	O
হিচাপেও	O
বাবেও	O
মানস	B-LOC
ৰাষ্ট্ৰীয়	I-LOC
উদ্যানৰ	I-LOC
খ্যাতি	O
আছে	O
।	O

সুন্দৰীদিয়া	B-LOC
সত্ৰতো	I-LOC
দৌলগৃহ	O
আছে	O
।	O

ইয়াৰ	O
শিৱ	O
মন্দিৰটো	O
পানীৰ	O
তলত	O
আছে	O
বাবে	O
ইয়াৰ	O
এটা	O
নাম	O
গুপ্তেশ্বৰ	B-LOC
।	O

এই	O
বাঁহ	O
উত্তৰ	B-LOC
পূৰ্বাঞ্চলৰ	I-LOC
পৰাই	O
আহে	O
।	O

ডাকিনী	B-LOC
পাহাৰৰ	I-LOC
অৱস্থান	O
এটি	O
বিতৰ্কৰ	O
বিষয়	O
।	O

যাত্ৰীৰ	O
সংখ্যাৰ	O
ফালৰ	O
পৰা	O
ই	O
অসমৰ	B-LOC
৪ৰ্থ	O
ব্যস্ত	O
বিমানবন্দৰ	O
।	O

সৈন্যৰ	O
বেৰেক	O
,	O
বিষয়াসকলৰ	O
বাসভৱন	O
,	O
ভঁৰালঘৰ	O
,	O
বাৰুদঘৰ	O
,	O
ৰক্ষীশিবিৰ	O
,	O
সুৰক্ষিত	O
পানীভঁৰাল	O
লৈ	O
সপ্তদশ	O
শতিকাত	O
গোলকোণ্ডা	B-LOC
এখন	O
স্বয়ংসম্পূৰ্ণ	O
চহৰ	O
হৈ	O
পৰে	O
।	O

বিশেষকৈ	O
মুখাশিল্প	O
,	O
মৃৎশিল্প	O
আৰি	O
মুগা	O
বস্ত্ৰ	O
শিল্প	O
আদিৰ	O
দিশত	O
মাজুলীৰ	B-LOC
বিশেষ	O
বৈশিষ্ট	O
আছে	O
।	O

যোৰহাট	B-LOC
জিলাৰ	O
পূবে	O
শিৱসাগৰ	B-LOC
জিলা	O
,	O
পশ্চিমে	O
গোলাঘাট	B-LOC
জিলা	O
,	O
উত্তৰে	O
ব্ৰহ্মপুত্ৰ	B-LOC
নদী	O
আৰু	O
দক্ষিণে	O
নগা	B-LOC
পাহাৰ	I-LOC
।	O

মাজুলীৰ	B-LOC
দক্ষিণপাট	B-LOC
সত্ৰত	I-LOC
পোন	O
প্ৰথমে	O
এই	O
উৎসৱৰ	O
আৰম্ভ	O
হয়	O
।	O

তলৰ	O
মহলাৰ	O
পৰা	O
ৰংপুৰৰ	B-LOC
তলাতল	B-LOC
ঘৰলৈ	I-LOC
আহিব	O
পৰা	O
প্ৰায়	O
১৬	O
কিলোমিটাৰ	O
দীঘল	O
এটা	O
সুৰংগ	O
আছিল	O
।	O

বিশ্বৰ	O
প্ৰতি	O
প্ৰান্তৰ	O
,	O
প্ৰতিজন	O
পৰ্যটকক	O
আদৰিবলৈ	O
,	O
আপ্যায়িত	O
কৰিবলৈ	O
গোৱাৰ	B-LOC
সমুদ্ৰতীৰে	O
আকুল	O
হৈ	O
অপেক্ষা	O
কৰি	O
আছে	O
।	O

মৰিগাঁও	B-LOC
জিলাত	O
পবিতৰা	B-LOC
অভয়াৰণ্য	I-LOC
অৱস্থিত	O
।	O

ৰাইমনাই	B-LOC
ভূটানৰ	B-LOC
ফিপছ'	B-LOC
অভয়াৰণ্য	I-LOC
আৰু	I-LOC
জিগমে	B-LOC
ছিংগে	I-LOC
ৱাংচুক	I-LOC
ৰাষ্ট্ৰীয়	I-LOC
উদ্যানৰ	I-LOC
অৰণ্যাঞ্চলৰ	O
সীমান্ত	O
স্পৰ্শ	O
কৰি	O
প্ৰায়	O
২	O
,	O
৪০০	O
বৰ্গ	O
কি:মি:তকৈও	O
অধিক	O
অঞ্চলজোৰা	O
সংৰক্ষিত	O
প্ৰাকৃতিক	O
শোভাৰ	O
সৃষ্টি	O
কৰিছে	O
।	O

প্ৰায়	O
এঘন্টা	O
যোৱাৰ	O
পিচত	O
ৰেলগাডীখন	O
ৱাছিংটনত	B-LOC
ৰ'ল	O
।	O

ঘড়ীবোৰ	O
হ'ল	O
চিটিজেন	O
কী	O
ৰিংবোৰ	O
চীনত	B-LOC
নিৰ্মিত	O
।	O

বিচাৰক	O
মণ্ডলীয়	O
নিৰ্বাচন	O
কৰা	O
আন	O
ছয়টা	O
আচৰিত	O
বস্তু	O
হ'ল	O
-	O
আগ্ৰাৰ	B-LOC
তাজমহল	I-LOC
,	O
মিছৰৰ	B-LOC
পিৰামিড	I-LOC
,	O
চীনৰ	B-LOC
প্ৰাচীৰ	I-LOC
,	O
ৰোমৰ	B-LOC
কলোচিয়াম	B-LOC
,	O
জৰ্দানৰ	B-LOC
পেট্ৰা	B-LOC
আৰু	O
ব্ৰাজিৰ	B-LOC
ক্লাইষ্ট	B-LOC
ৰিডিমাৰ	I-LOC
।	O

চহৰৰ	O
ৰৰৈয়া	B-LOC
অঞ্চলত	O
ইয়াৰ	O
অৱস্থান	O
।	O

তদুপৰি	O
দিল্লী	B-LOC
,	O
আগ্ৰা	B-LOC
,	O
বেৰেলী	B-LOC
আদিৰ	O
পৰা	O
ৰেল	O
যোগাযোগো	O
উত্তম	O
।	O

